pair_type,aligned,target_file,target_dir,input_file,input_dir,patient,view
real_same_patient,0,00000005_003.png,clear,00000005_000.png,overexposed,5,PA
real_same_patient,0,00000011_002.png,clear,00000011_001.png,overexposed,11,PA
real_same_patient,0,00000034_001.png,clear,00000034_000.png,overexposed,34,PA
real_same_patient,0,00000040_000.png,clear,00000040_003.png,overexposed,40,PA
real_same_patient,0,00000041_002.png,clear,00000041_000.png,overexposed,41,PA
real_same_patient,0,00000047_001.png,clear,00000047_000.png,overexposed,47,PA
real_same_patient,0,00000050_003.png,clear,00000050_002.png,overexposed,50,PA
real_same_patient,0,00000054_005.png,clear,00000054_004.png,overexposed,54,PA
real_same_patient,0,00000061_009.png,clear,00000061_008.png,overexposed,61,AP
real_same_patient,0,00000073_000.png,clear,00000073_001.png,overexposed,73,PA
real_same_patient,0,00000073_004.png,clear,00000073_003.png,overexposed,73,PA
real_same_patient,0,00000091_006.png,clear,00000091_005.png,overexposed,91,PA
real_same_patient,0,00000093_002.png,clear,00000093_001.png,overexposed,93,PA
real_same_patient,0,00000100_001.png,clear,00000100_000.png,overexposed,100,PA
real_same_patient,0,00000105_000.png,clear,00000105_001.png,overexposed,105,PA
real_same_patient,0,00000105_004.png,clear,00000105_005.png,overexposed,105,PA
real_same_patient,0,00000112_002.png,clear,00000112_000.png,overexposed,112,PA
real_same_patient,0,00000118_007.png,clear,00000118_008.png,overexposed,118,PA
real_same_patient,0,00000121_001.png,clear,00000121_000.png,overexposed,121,PA
real_same_patient,0,00000131_001.png,clear,00000131_002.png,overexposed,131,PA
real_same_patient,0,00000139_001.png,clear,00000139_002.png,overexposed,139,PA
real_same_patient,0,00000144_000.png,clear,00000144_003.png,overexposed,144,PA
real_same_patient,0,00000151_001.png,clear,00000151_000.png,overexposed,151,PA
real_same_patient,0,00000177_005.png,clear,00000177_004.png,overexposed,177,PA
real_same_patient,0,00000184_000.png,clear,00000184_001.png,overexposed,184,PA
real_same_patient,0,00000187_000.png,clear,00000187_001.png,overexposed,187,PA
real_same_patient,0,00000190_004.png,clear,00000190_005.png,overexposed,190,PA
real_same_patient,0,00000194_002.png,clear,00000194_001.png,overexposed,194,PA
real_same_patient,0,00000200_001.png,clear,00000200_000.png,overexposed,200,PA
real_same_patient,0,00000213_002.png,clear,00000213_000.png,overexposed,213,PA
real_same_patient,0,00000213_002.png,clear,00000213_001.png,overexposed,213,PA
real_same_patient,0,00000246_001.png,clear,00000246_002.png,overexposed,246,PA
real_same_patient,0,00000246_018.png,clear,00000246_019.png,overexposed,246,PA
real_same_patient,0,00000250_015.png,clear,00000250_016.png,overexposed,250,PA
real_same_patient,0,00000265_002.png,clear,00000265_001.png,overexposed,265,PA
real_same_patient,0,00000278_003.png,clear,00000278_004.png,overexposed,278,PA
real_same_patient,0,00000278_007.png,clear,00000278_008.png,overexposed,278,PA
real_same_patient,0,00000278_010.png,clear,00000278_009.png,overexposed,278,PA
real_same_patient,0,00000281_000.png,clear,00000281_001.png,overexposed,281,PA
real_same_patient,0,00000281_000.png,clear,00000281_002.png,overexposed,281,PA
real_same_patient,0,00000289_002.png,clear,00000289_003.png,overexposed,289,PA
real_same_patient,0,00000301_000.png,clear,00000301_001.png,overexposed,301,PA
real_same_patient,0,00000310_002.png,clear,00000310_004.png,overexposed,310,PA
real_same_patient,0,00000311_000.png,clear,00000311_001.png,overexposed,311,PA
real_same_patient,0,00000317_001.png,clear,00000317_000.png,overexposed,317,PA
real_same_patient,0,00000322_003.png,clear,00000322_000.png,overexposed,322,PA
real_same_patient,0,00000322_006.png,clear,00000322_005.png,overexposed,322,PA
real_same_patient,0,00000322_010.png,clear,00000322_009.png,overexposed,322,PA
real_same_patient,0,00000324_002.png,clear,00000324_001.png,overexposed,324,PA
real_same_patient,0,00000340_002.png,clear,00000340_001.png,overexposed,340,PA
real_same_patient,0,00000348_001.png,clear,00000348_002.png,overexposed,348,PA
real_same_patient,0,00000362_003.png,clear,00000362_004.png,overexposed,362,PA
real_same_patient,0,00000376_002.png,clear,00000376_000.png,overexposed,376,PA
real_same_patient,0,00000376_002.png,clear,00000376_001.png,overexposed,376,PA
real_same_patient,0,00000376_002.png,clear,00000376_003.png,overexposed,376,PA
real_same_patient,0,00000376_006.png,clear,00000376_007.png,overexposed,376,PA
real_same_patient,0,00000376_012.png,clear,00000376_011.png,overexposed,376,PA
real_same_patient,0,00000383_000.png,clear,00000383_001.png,overexposed,383,PA
real_same_patient,0,00000406_001.png,clear,00000406_000.png,overexposed,406,PA
real_same_patient,0,00000412_001.png,clear,00000412_000.png,overexposed,412,PA
real_same_patient,0,00000416_000.png,clear,00000416_001.png,overexposed,416,PA
real_same_patient,0,00000416_004.png,clear,00000416_003.png,overexposed,416,PA
real_same_patient,0,00000431_002.png,clear,00000431_001.png,overexposed,431,PA
real_same_patient,0,00000448_001.png,clear,00000448_000.png,overexposed,448,PA
real_same_patient,0,00000449_002.png,clear,00000449_003.png,overexposed,449,PA
real_same_patient,0,00000481_001.png,clear,00000481_000.png,overexposed,481,PA
real_same_patient,0,00000498_003.png,clear,00000498_002.png,overexposed,498,PA
real_same_patient,0,00000524_003.png,clear,00000524_002.png,overexposed,524,PA
real_same_patient,0,00000547_003.png,clear,00000547_002.png,overexposed,547,PA
real_same_patient,0,00000548_002.png,clear,00000548_001.png,overexposed,548,PA
real_same_patient,0,00000566_001.png,clear,00000566_002.png,overexposed,566,PA
real_same_patient,0,00000572_001.png,clear,00000572_000.png,overexposed,572,PA
real_same_patient,0,00000577_001.png,clear,00000577_000.png,overexposed,577,PA
real_same_patient,0,00000580_002.png,clear,00000580_003.png,overexposed,580,PA
real_same_patient,0,00000583_003.png,clear,00000583_002.png,overexposed,583,AP
real_same_patient,0,00000583_006.png,clear,00000583_005.png,overexposed,583,AP
real_same_patient,0,00000583_064.png,clear,00000583_062.png,overexposed,583,PA
real_same_patient,0,00000591_012.png,clear,00000591_011.png,overexposed,591,PA
real_same_patient,0,00000621_006.png,clear,00000621_005.png,overexposed,621,PA
real_same_patient,0,00000626_000.png,clear,00000626_001.png,overexposed,626,PA
real_same_patient,0,00000627_019.png,clear,00000627_020.png,overexposed,627,PA
real_same_patient,0,00000627_022.png,clear,00000627_023.png,overexposed,627,PA
real_same_patient,0,00000632_005.png,clear,00000632_004.png,overexposed,632,PA
real_same_patient,0,00000634_005.png,clear,00000634_004.png,overexposed,634,PA
real_same_patient,0,00000659_002.png,clear,00000659_000.png,overexposed,659,PA
real_same_patient,0,00000659_002.png,clear,00000659_001.png,overexposed,659,PA
real_same_patient,0,00000661_000.png,clear,00000661_001.png,overexposed,661,PA
real_same_patient,0,00000683_000.png,clear,00000683_001.png,overexposed,683,PA
real_same_patient,0,00000683_005.png,clear,00000683_004.png,overexposed,683,PA
real_same_patient,0,00000693_003.png,clear,00000693_004.png,overexposed,693,PA
real_same_patient,0,00000697_003.png,clear,00000697_004.png,overexposed,697,PA
real_same_patient,0,00000733_002.png,clear,00000733_000.png,overexposed,733,PA
real_same_patient,0,00000733_002.png,clear,00000733_001.png,overexposed,733,PA
real_same_patient,0,00000741_003.png,clear,00000741_002.png,overexposed,741,PA
real_same_patient,0,00000742_001.png,clear,00000742_000.png,overexposed,742,PA
real_same_patient,0,00000744_012.png,clear,00000744_013.png,overexposed,744,PA
real_same_patient,0,00000764_001.png,clear,00000764_000.png,overexposed,764,PA
real_same_patient,0,00000771_000.png,clear,00000771_001.png,overexposed,771,PA
real_same_patient,0,00000773_001.png,clear,00000773_000.png,overexposed,773,PA
real_same_patient,0,00000781_005.png,clear,00000781_004.png,overexposed,781,PA
real_same_patient,0,00000782_001.png,clear,00000782_000.png,overexposed,782,PA
real_same_patient,0,00000787_003.png,clear,00000787_004.png,overexposed,787,AP
real_same_patient,0,00000809_002.png,clear,00000809_001.png,overexposed,809,PA
real_same_patient,0,00000820_022.png,clear,00000820_021.png,overexposed,820,AP
real_same_patient,0,00000825_002.png,clear,00000825_001.png,overexposed,825,PA
real_same_patient,0,00000825_003.png,clear,00000825_004.png,overexposed,825,PA
real_same_patient,0,00000827_018.png,clear,00000827_019.png,overexposed,827,PA
real_same_patient,0,00000841_000.png,clear,00000841_001.png,overexposed,841,PA
real_same_patient,0,00000853_001.png,clear,00000853_000.png,overexposed,853,PA
real_same_patient,0,00000865_005.png,clear,00000865_004.png,overexposed,865,PA
real_same_patient,0,00000865_008.png,clear,00000865_009.png,overexposed,865,PA
real_same_patient,0,00000869_009.png,clear,00000869_008.png,overexposed,869,PA
real_same_patient,0,00000872_005.png,clear,00000872_004.png,overexposed,872,PA
real_same_patient,0,00000894_003.png,clear,00000894_002.png,overexposed,894,PA
real_same_patient,0,00000897_001.png,clear,00000897_000.png,overexposed,897,PA
real_same_patient,0,00000900_001.png,clear,00000900_000.png,overexposed,900,PA
real_same_patient,0,00000901_000.png,clear,00000901_001.png,overexposed,901,PA
real_same_patient,0,00000902_004.png,clear,00000902_003.png,overexposed,902,PA
real_same_patient,0,00000914_000.png,clear,00000914_001.png,overexposed,914,PA
real_same_patient,0,00000914_000.png,clear,00000914_002.png,overexposed,914,PA
real_same_patient,0,00000914_005.png,clear,00000914_003.png,overexposed,914,PA
real_same_patient,0,00000914_005.png,clear,00000914_004.png,overexposed,914,PA
real_same_patient,0,00000927_001.png,clear,00000927_002.png,overexposed,927,PA
real_same_patient,0,00000929_002.png,clear,00000929_000.png,overexposed,929,AP
real_same_patient,0,00000929_002.png,clear,00000929_001.png,overexposed,929,AP
real_same_patient,0,00000957_001.png,clear,00000957_000.png,overexposed,957,PA
real_same_patient,0,00001006_010.png,clear,00001006_009.png,overexposed,1006,AP
real_same_patient,0,00001019_001.png,clear,00001019_002.png,overexposed,1019,PA
real_same_patient,0,00001019_004.png,clear,00001019_003.png,overexposed,1019,PA
real_same_patient,0,00001027_001.png,clear,00001027_000.png,overexposed,1027,PA
real_same_patient,0,00001043_006.png,clear,00001043_000.png,overexposed,1043,PA
real_same_patient,0,00001048_001.png,clear,00001048_000.png,overexposed,1048,PA
real_same_patient,0,00001052_002.png,clear,00001052_001.png,overexposed,1052,PA
real_same_patient,0,00001055_005.png,clear,00001055_006.png,overexposed,1055,PA
real_same_patient,0,00001059_000.png,clear,00001059_001.png,overexposed,1059,PA
real_same_patient,0,00001070_001.png,clear,00001070_000.png,overexposed,1070,PA
real_same_patient,0,00001075_045.png,clear,00001075_044.png,overexposed,1075,PA
real_same_patient,0,00001084_001.png,clear,00001084_000.png,overexposed,1084,PA
real_same_patient,0,00001088_000.png,clear,00001088_001.png,overexposed,1088,PA
real_same_patient,0,00001088_003.png,clear,00001088_002.png,overexposed,1088,PA
real_same_patient,0,00001089_002.png,clear,00001089_000.png,overexposed,1089,PA
real_same_patient,0,00001089_002.png,clear,00001089_001.png,overexposed,1089,PA
real_same_patient,0,00001101_009.png,clear,00001101_008.png,overexposed,1101,PA
real_same_patient,0,00001104_007.png,clear,00001104_006.png,overexposed,1104,PA
real_same_patient,0,00001104_010.png,clear,00001104_009.png,overexposed,1104,PA
real_same_patient,0,00001107_003.png,clear,00001107_000.png,overexposed,1107,PA
real_same_patient,0,00001107_003.png,clear,00001107_001.png,overexposed,1107,PA
real_same_patient,0,00001107_003.png,clear,00001107_002.png,overexposed,1107,PA
real_same_patient,0,00001121_001.png,clear,00001121_000.png,overexposed,1121,PA
real_same_patient,0,00001153_002.png,clear,00001153_000.png,overexposed,1153,PA
real_same_patient,0,00001157_004.png,clear,00001157_005.png,overexposed,1157,PA
real_same_patient,0,00001158_002.png,clear,00001158_000.png,overexposed,1158,PA
real_same_patient,0,00001158_002.png,clear,00001158_001.png,overexposed,1158,PA
real_same_patient,0,00001158_002.png,clear,00001158_003.png,overexposed,1158,PA
real_same_patient,0,00001165_001.png,clear,00001165_000.png,overexposed,1165,PA
real_same_patient,0,00001169_000.png,clear,00001169_001.png,overexposed,1169,PA
real_same_patient,0,00001170_000.png,clear,00001170_001.png,overexposed,1170,PA
real_same_patient,0,00001182_001.png,clear,00001182_000.png,overexposed,1182,PA
real_same_patient,0,00001182_001.png,clear,00001182_002.png,overexposed,1182,PA
real_same_patient,0,00001182_004.png,clear,00001182_003.png,overexposed,1182,PA
real_same_patient,0,00001182_008.png,clear,00001182_009.png,overexposed,1182,PA
real_same_patient,0,00001182_011.png,clear,00001182_010.png,overexposed,1182,PA
real_same_patient,0,00001194_003.png,clear,00001194_002.png,overexposed,1194,PA
real_same_patient,0,00001200_007.png,clear,00001200_008.png,overexposed,1200,AP
real_same_patient,0,00001200_010.png,clear,00001200_009.png,overexposed,1200,AP
real_same_patient,0,00001200_013.png,clear,00001200_012.png,overexposed,1200,AP
real_same_patient,0,00001220_001.png,clear,00001220_000.png,overexposed,1220,PA
real_same_patient,0,00001222_006.png,clear,00001222_005.png,overexposed,1222,PA
real_same_patient,0,00001225_001.png,clear,00001225_000.png,overexposed,1225,PA
real_same_patient,0,00001232_004.png,clear,00001232_003.png,overexposed,1232,PA
real_same_patient,0,00001243_001.png,clear,00001243_000.png,overexposed,1243,PA
real_same_patient,0,00001247_005.png,clear,00001247_000.png,overexposed,1247,PA
real_same_patient,0,00001255_010.png,clear,00001255_011.png,overexposed,1255,AP
real_same_patient,0,00001256_005.png,clear,00001256_003.png,overexposed,1256,PA
real_same_patient,0,00001267_000.png,clear,00001267_001.png,overexposed,1267,AP
real_same_patient,0,00001268_002.png,clear,00001268_000.png,overexposed,1268,PA
real_same_patient,0,00001268_002.png,clear,00001268_001.png,overexposed,1268,PA
real_same_patient,0,00001270_000.png,clear,00001270_001.png,overexposed,1270,PA
real_same_patient,0,00001274_001.png,clear,00001274_000.png,overexposed,1274,PA
real_same_patient,0,00001304_003.png,clear,00001304_002.png,overexposed,1304,PA
real_same_patient,0,00001305_000.png,clear,00001305_001.png,overexposed,1305,AP
real_same_patient,0,00001308_001.png,clear,00001308_000.png,overexposed,1308,PA
real_same_patient,0,00001308_001.png,clear,00001308_002.png,overexposed,1308,PA
real_same_patient,0,00001309_000.png,clear,00001309_002.png,overexposed,1309,PA
real_same_patient,0,00001323_001.png,clear,00001323_002.png,overexposed,1323,PA
real_same_patient,0,00001333_001.png,clear,00001333_000.png,overexposed,1333,PA
real_same_patient,0,00001334_001.png,clear,00001334_000.png,overexposed,1334,PA
real_same_patient,0,00001335_001.png,clear,00001335_002.png,overexposed,1335,PA
real_same_patient,0,00001365_001.png,clear,00001365_000.png,overexposed,1365,PA
real_same_patient,0,00001367_005.png,clear,00001367_004.png,overexposed,1367,PA
real_same_patient,0,00001367_007.png,clear,00001367_006.png,overexposed,1367,PA
real_same_patient,0,00001371_005.png,clear,00001371_000.png,overexposed,1371,PA
real_same_patient,0,00001371_003.png,clear,00001371_002.png,overexposed,1371,AP
real_same_patient,0,00001373_007.png,clear,00001373_008.png,overexposed,1373,PA
real_same_patient,0,00001385_001.png,clear,00001385_000.png,overexposed,1385,AP
real_same_patient,0,00001397_005.png,clear,00001397_001.png,overexposed,1397,PA
real_same_patient,0,00001397_005.png,clear,00001397_002.png,overexposed,1397,PA
real_same_patient,0,00001397_005.png,clear,00001397_004.png,overexposed,1397,PA
real_same_patient,0,00001397_011.png,clear,00001397_009.png,overexposed,1397,AP
real_same_patient,0,00001397_011.png,clear,00001397_010.png,overexposed,1397,AP
real_same_patient,0,00001433_003 - Copy.png,clear,00001409_005 - Copy.png,overexposed,,
real_same_patient,0,00001409_006.png,clear,00001409_005.png,overexposed,1409,PA
real_same_patient,0,00001433_003 - Copy.png,clear,00001410_003 - Copy.png,overexposed,,
real_same_patient,0,00001410_004.png,clear,00001410_003.png,overexposed,1410,PA
real_same_patient,0,00001433_003 - Copy.png,clear,00001421_000 - Copy.png,overexposed,,
real_same_patient,0,00001421_001.png,clear,00001421_000.png,overexposed,1421,PA
real_same_patient,0,00001433_003 - Copy.png,clear,00001426_000 - Copy.png,overexposed,,
real_same_patient,0,00001426_001.png,clear,00001426_000.png,overexposed,1426,PA
real_same_patient,0,00001433_003 - Copy.png,clear,00001429_000 - Copy.png,overexposed,,
real_same_patient,0,00001429_001.png,clear,00001429_000.png,overexposed,1429,PA
real_same_patient,0,00001433_003 - Copy.png,clear,00001431_000 - Copy.png,overexposed,,
real_same_patient,0,00001433_003 - Copy.png,clear,00001433_001 - Copy.png,overexposed,,
real_same_patient,0,00001433_000.png,clear,00001433_001.png,overexposed,1433,PA
real_same_patient,0,00001433_003 - Copy.png,clear,00001437_016 - Copy.png,overexposed,,
real_same_patient,0,00001437_015.png,clear,00001437_016.png,overexposed,1437,PA
real_same_patient,0,00001445_001.png,clear,00001445_000.png,overexposed,1445,PA
real_same_patient,0,00001449_000.png,clear,00001449_001.png,overexposed,1449,PA
real_same_patient,0,00001452_003.png,clear,00001452_002.png,overexposed,1452,PA
real_same_patient,0,00001455_000.png,clear,00001455_001.png,overexposed,1455,PA
real_same_patient,0,00001470_001.png,clear,00001470_002.png,overexposed,1470,PA
real_same_patient,0,00001501_007.png,clear,00001501_006.png,overexposed,1501,PA
real_same_patient,0,00001523_001.png,clear,00001523_000.png,overexposed,1523,PA
real_same_patient,0,00001534_006.png,clear,00001534_005.png,overexposed,1534,PA
real_same_patient,0,00001555_003.png,clear,00001555_004.png,overexposed,1555,PA
real_same_patient,0,00001568_001.png,clear,00001568_002.png,overexposed,1568,AP
real_same_patient,0,00001592_001.png,clear,00001592_000.png,overexposed,1592,PA
real_same_patient,0,00001616_010.png,clear,00001616_012.png,overexposed,1616,PA
real_same_patient,0,00001650_006.png,clear,00001650_000.png,overexposed,1650,PA
real_same_patient,0,00001650_011.png,clear,00001650_010.png,overexposed,1650,PA
real_same_patient,0,00001653_000.png,clear,00001653_001.png,overexposed,1653,PA
real_same_patient,0,00001653_003.png,clear,00001653_002.png,overexposed,1653,PA
real_same_patient,0,00001655_001.png,clear,00001655_000.png,overexposed,1655,PA
real_same_patient,0,00001656_003.png,clear,00001656_002.png,overexposed,1656,PA
real_same_patient,0,00001673_007.png,clear,00001673_008.png,overexposed,1673,PA
real_same_patient,0,00001676_001.png,clear,00001676_000.png,overexposed,1676,PA
real_same_patient,0,00001684_031.png,clear,00001684_001.png,overexposed,1684,PA
real_same_patient,0,00001684_006.png,clear,00001684_005.png,overexposed,1684,AP
real_same_patient,0,00001686_001.png,clear,00001686_000.png,overexposed,1686,AP
real_same_patient,0,00001689_005.png,clear,00001689_003.png,overexposed,1689,PA
real_same_patient,0,00001694_002.png,clear,00001694_001.png,overexposed,1694,PA
real_same_patient,0,00001697_002.png,clear,00001697_000.png,overexposed,1697,PA
real_same_patient,0,00001697_002.png,clear,00001697_003.png,overexposed,1697,PA
real_same_patient,0,00001697_002.png,clear,00001697_009.png,overexposed,1697,PA
real_same_patient,0,00001697_012.png,clear,00001697_011.png,overexposed,1697,AP
real_same_patient,0,00001717_001.png,clear,00001717_000.png,overexposed,1717,PA
real_same_patient,0,00001718_006.png,clear,00001718_005.png,overexposed,1718,PA
real_same_patient,0,00001720_001.png,clear,00001720_000.png,overexposed,1720,PA
real_same_patient,0,00001720_001.png,clear,00001720_002.png,overexposed,1720,PA
real_same_patient,0,00001722_000.png,clear,00001722_008.png,overexposed,1722,PA
real_same_patient,0,00001734_000.png,clear,00001734_008.png,overexposed,1734,PA
real_same_patient,0,00001748_008.png,clear,00001748_007.png,overexposed,1748,PA
real_same_patient,0,00001749_003.png,clear,00001749_002.png,overexposed,1749,PA
real_same_patient,0,00001762_002.png,clear,00001762_001.png,overexposed,1762,PA
real_same_patient,0,00001788_001.png,clear,00001788_000.png,overexposed,1788,PA
real_same_patient,0,00001790_000.png,clear,00001790_001.png,overexposed,1790,PA
real_same_patient,0,00001796_001.png,clear,00001796_000.png,overexposed,1796,PA
real_same_patient,0,00001796_001.png,clear,00001796_002.png,overexposed,1796,PA
real_same_patient,0,00001796_001.png,clear,00001796_003.png,overexposed,1796,PA
real_same_patient,0,00001796_006.png,clear,00001796_004.png,overexposed,1796,PA
real_same_patient,0,00001796_006.png,clear,00001796_005.png,overexposed,1796,PA
real_same_patient,0,00001803_006.png,clear,00001803_000.png,overexposed,1803,PA
real_same_patient,0,00001803_014.png,clear,00001803_015.png,overexposed,1803,PA
real_same_patient,0,00001805_002.png,clear,00001805_001.png,overexposed,1805,PA
real_same_patient,0,00001807_001.png,clear,00001807_000.png,overexposed,1807,PA
real_same_patient,0,00001816_001.png,clear,00001816_000.png,overexposed,1816,PA
real_same_patient,0,00001831_000.png,clear,00001831_001.png,overexposed,1831,PA
real_same_patient,0,00001837_001.png,clear,00001837_000.png,overexposed,1837,PA
real_same_patient,0,00001850_001.png,clear,00001850_002.png,overexposed,1850,PA
real_same_patient,0,00001855_003.png,clear,00001855_002.png,overexposed,1855,AP
real_same_patient,0,00001855_008.png,clear,00001855_004.png,overexposed,1855,PA
real_same_patient,0,00001855_006.png,clear,00001855_007.png,overexposed,1855,AP
real_same_patient,0,00001855_030.png,clear,00001855_031.png,overexposed,1855,AP
real_same_patient,0,00001855_035.png,clear,00001855_036.png,overexposed,1855,AP
real_same_patient,0,00001857_000.png,clear,00001857_001.png,overexposed,1857,AP
real_same_patient,0,00001884_002.png,clear,00001884_003.png,overexposed,1884,PA
real_same_patient,0,00001890_001.png,clear,00001890_002.png,overexposed,1890,PA
real_same_patient,0,00001892_005.png,clear,00001892_004.png,overexposed,1892,PA
real_same_patient,0,00001895_003.png,clear,00001895_000.png,overexposed,1895,PA
real_same_patient,0,00001895_003.png,clear,00001895_002.png,overexposed,1895,PA
real_same_patient,0,00001900_009.png,clear,00001900_002.png,overexposed,1900,PA
real_same_patient,0,00001901_006.png,clear,00001901_007.png,overexposed,1901,PA
real_same_patient,0,00001916_002.png,clear,00001916_001.png,overexposed,1916,PA
real_same_patient,0,00001917_002.png,clear,00001917_001.png,overexposed,1917,PA
real_same_patient,0,00001920_000.png,clear,00001920_001.png,overexposed,1920,PA
real_same_patient,0,00001935_001.png,clear,00001935_000.png,overexposed,1935,PA
real_same_patient,0,00001935_001.png,clear,00001935_002.png,overexposed,1935,PA
real_same_patient,0,00001950_004.png,clear,00001950_000.png,overexposed,1950,PA
real_same_patient,0,00001950_004.png,clear,00001950_001.png,overexposed,1950,PA
real_same_patient,0,00001961_004.png,clear,00001961_001.png,overexposed,1961,PA
real_same_patient,0,00001967_001.png,clear,00001967_000.png,overexposed,1967,PA
real_same_patient,0,00001968_001.png,clear,00001968_000.png,overexposed,1968,PA
real_same_patient,0,00001968_004.png,clear,00001968_005.png,overexposed,1968,PA
real_same_patient,0,00001989_002.png,clear,00001989_003.png,overexposed,1989,PA
real_same_patient,0,00001989_012.png,clear,00001989_011.png,overexposed,1989,PA
real_same_patient,0,00001990_002.png,clear,00001990_001.png,overexposed,1990,PA
real_same_patient,0,00001996_011.png,clear,00001996_010.png,overexposed,1996,PA
real_same_patient,0,00002004_002.png,clear,00002004_003.png,overexposed,2004,PA
real_same_patient,0,00002014_003.png,clear,00002014_002.png,overexposed,2014,PA
real_same_patient,0,00002022_002.png,clear,00002022_000.png,overexposed,2022,PA
real_same_patient,0,00002023_000.png,clear,00002023_001.png,overexposed,2023,PA
real_same_patient,0,00002023_000.png,clear,00002023_002.png,overexposed,2023,PA
real_same_patient,0,00002032_010.png,clear,00002032_009.png,overexposed,2032,PA
real_same_patient,0,00002033_000.png,clear,00002033_001.png,overexposed,2033,PA
real_same_patient,0,00002048_002.png,clear,00002048_004.png,overexposed,2048,AP
real_same_patient,0,00002048_006.png,clear,00002048_005.png,overexposed,2048,PA
real_same_patient,0,00002048_007.png,clear,00002048_008.png,overexposed,2048,PA
real_same_patient,0,00002054_002.png,clear,00002054_000.png,overexposed,2054,PA
real_same_patient,0,00002058_012.png,clear,00002058_013.png,overexposed,2058,AP
real_same_patient,0,00002058_015.png,clear,00002058_014.png,overexposed,2058,AP
real_same_patient,0,00002059_010.png,clear,00002059_000.png,overexposed,2059,PA
real_same_patient,0,00002064_002.png,clear,00002064_003.png,overexposed,2064,PA
real_same_patient,0,00002065_001.png,clear,00002065_000.png,overexposed,2065,PA
real_same_patient,0,00002070_001.png,clear,00002070_002.png,overexposed,2070,PA
real_same_patient,0,00002075_005.png,clear,00002075_000.png,overexposed,2075,PA
real_same_patient,0,00002100_001.png,clear,00002100_000.png,overexposed,2100,PA
real_same_patient,0,00002101_000.png,clear,00002101_001.png,overexposed,2101,PA
real_same_patient,0,00002101_003.png,clear,00002101_002.png,overexposed,2101,PA
real_same_patient,0,00002111_010.png,clear,00002111_003.png,overexposed,2111,PA
real_same_patient,0,00002111_010.png,clear,00002111_004.png,overexposed,2111,PA
real_same_patient,0,00002111_010.png,clear,00002111_009.png,overexposed,2111,PA
real_same_patient,0,00002111_010.png,clear,00002111_011.png,overexposed,2111,PA
real_same_patient,0,00002111_014.png,clear,00002111_012.png,overexposed,2111,PA
real_same_patient,0,00002111_014.png,clear,00002111_015.png,overexposed,2111,PA
real_same_patient,0,00002111_018.png,clear,00002111_016.png,overexposed,2111,PA
real_same_patient,0,00002111_018.png,clear,00002111_017.png,overexposed,2111,PA
real_same_patient,0,00002117_010.png,clear,00002117_011.png,overexposed,2117,AP
real_same_patient,0,00002118_001.png,clear,00002118_002.png,overexposed,2118,PA
real_same_patient,0,00002118_008.png,clear,00002118_007.png,overexposed,2118,PA
real_same_patient,0,00002118_008.png,clear,00002118_009.png,overexposed,2118,PA
real_same_patient,0,00002118_008.png,clear,00002118_010.png,overexposed,2118,PA
real_same_patient,0,00002120_006.png,clear,00002120_007.png,overexposed,2120,PA
real_same_patient,0,00002139_001.png,clear,00002139_000.png,overexposed,2139,PA
real_same_patient,0,00002179_001.png,clear,00002179_000.png,overexposed,2179,PA
real_same_patient,0,00002195_001.png,clear,00002195_000.png,overexposed,2195,PA
real_same_patient,0,00002199_000.png,clear,00002199_001.png,overexposed,2199,PA
real_same_patient,0,00002208_014.png,clear,00002208_000.png,overexposed,2208,PA
real_same_patient,0,00002208_002.png,clear,00002208_001.png,overexposed,2208,AP
real_same_patient,0,00002215_001.png,clear,00002215_000.png,overexposed,2215,PA
real_same_patient,0,00002219_009.png,clear,00002219_008.png,overexposed,2219,PA
real_same_patient,0,00002229_001.png,clear,00002229_000.png,overexposed,2229,PA
real_same_patient,0,00002239_002.png,clear,00002239_000.png,overexposed,2239,PA
real_same_patient,0,00002239_002.png,clear,00002239_001.png,overexposed,2239,PA
real_same_patient,0,00002239_006.png,clear,00002239_005.png,overexposed,2239,PA
real_same_patient,0,00002239_007.png,clear,00002239_008.png,overexposed,2239,PA
real_same_patient,0,00002243_004.png,clear,00002243_005.png,overexposed,2243,PA
real_same_patient,0,00002243_007.png,clear,00002243_006.png,overexposed,2243,AP
real_same_patient,0,00002243_013.png,clear,00002243_009.png,overexposed,2243,PA
real_same_patient,0,00002247_002.png,clear,00002247_003.png,overexposed,2247,PA
real_same_patient,0,00002250_002.png,clear,00002250_000.png,overexposed,2250,PA
real_same_patient,0,00002250_002.png,clear,00002250_001.png,overexposed,2250,PA
real_same_patient,0,00002258_002.png,clear,00002258_003.png,overexposed,2258,PA
real_same_patient,0,00002258_002.png,clear,00002258_004.png,overexposed,2258,PA
real_same_patient,0,00002261_000.png,clear,00002261_001.png,overexposed,2261,PA
real_same_patient,0,00002264_002.png,clear,00002264_001.png,overexposed,2264,PA
real_same_patient,0,00002267_001.png,clear,00002267_000.png,overexposed,2267,PA
real_same_patient,0,00002267_001.png,clear,00002267_002.png,overexposed,2267,PA
real_same_patient,0,00002267_001.png,clear,00002267_003.png,overexposed,2267,PA
real_same_patient,0,00002267_001.png,clear,00002267_004.png,overexposed,2267,PA
real_same_patient,0,00002267_001.png,clear,00002267_005.png,overexposed,2267,PA
real_same_patient,0,00002275_010.png,clear,00002275_012.png,overexposed,2275,PA
real_same_patient,0,00002280_000.png,clear,00002280_001.png,overexposed,2280,PA
real_same_patient,0,00002288_002.png,clear,00002288_001.png,overexposed,2288,PA
real_same_patient,0,00002289_000.png,clear,00002289_001.png,overexposed,2289,AP
real_same_patient,0,00002300_019.png,clear,00002300_018.png,overexposed,2300,AP
real_same_patient,0,00002328_001.png,clear,00002328_000.png,overexposed,2328,PA
real_same_patient,0,00002335_001.png,clear,00002335_000.png,overexposed,2335,AP
real_same_patient,0,00002336_002.png,clear,00002336_001.png,overexposed,2336,PA
real_same_patient,0,00002340_001.png,clear,00002340_000.png,overexposed,2340,PA
real_same_patient,0,00002342_001.png,clear,00002342_000.png,overexposed,2342,PA
real_same_patient,0,00002350_014.png,clear,00002350_015.png,overexposed,2350,PA
real_same_patient,0,00002365_001.png,clear,00002365_000.png,overexposed,2365,PA
real_same_patient,0,00002365_002.png,clear,00002365_003.png,overexposed,2365,PA
real_same_patient,0,00002365_002.png,clear,00002365_004.png,overexposed,2365,PA
real_same_patient,0,00002375_000.png,clear,00002375_001.png,overexposed,2375,PA
real_same_patient,0,00002379_001.png,clear,00002379_000.png,overexposed,2379,PA
real_same_patient,0,00002380_001.png,clear,00002380_000.png,overexposed,2380,PA
real_same_patient,0,00002381_009.png,clear,00002381_000.png,overexposed,2381,PA
real_same_patient,0,00002381_009.png,clear,00002381_001.png,overexposed,2381,PA
real_same_patient,0,00002390_000.png,clear,00002390_001.png,overexposed,2390,PA
real_same_patient,0,00002390_003.png,clear,00002390_002.png,overexposed,2390,PA
real_same_patient,0,00002403_004.png,clear,00002403_003.png,overexposed,2403,PA
real_same_patient,0,00002404_000.png,clear,00002404_001.png,overexposed,2404,PA
real_same_patient,0,00002432_000.png,clear,00002432_001.png,overexposed,2432,PA
real_same_patient,0,00002444_000.png,clear,00002444_002.png,overexposed,2444,PA
real_same_patient,0,00002451_006.png,clear,00002451_007.png,overexposed,2451,PA
real_same_patient,0,00002451_015.png,clear,00002451_016.png,overexposed,2451,PA
real_same_patient,0,00002457_001.png,clear,00002457_000.png,overexposed,2457,PA
real_same_patient,0,00002463_004.png,clear,00002463_000.png,overexposed,2463,PA
real_same_patient,0,00002463_004.png,clear,00002463_001.png,overexposed,2463,PA
real_same_patient,0,00002467_000.png,clear,00002467_001.png,overexposed,2467,PA
real_same_patient,0,00002469_001.png,clear,00002469_000.png,overexposed,2469,PA
real_same_patient,0,00002469_003.png,clear,00002469_002.png,overexposed,2469,PA
real_same_patient,0,00002469_007.png,clear,00002469_006.png,overexposed,2469,PA
real_same_patient,0,00002483_001.png,clear,00002483_000.png,overexposed,2483,PA
real_same_patient,0,00002487_001.png,clear,00002487_000.png,overexposed,2487,PA
real_same_patient,0,00002500_002.png,clear,00002500_001.png,overexposed,2500,PA
real_same_patient,0,00002500_002.png,clear,00002500_005.png,overexposed,2500,PA
real_same_patient,0,00002502_008.png,clear,00002502_007.png,overexposed,2502,PA
real_same_patient,0,00002508_000.png,clear,00002508_001.png,overexposed,2508,PA
real_same_patient,0,00002513_003.png,clear,00002513_004.png,overexposed,2513,PA
real_same_patient,0,00002524_010.png,clear,00002524_012.png,overexposed,2524,PA
real_same_patient,0,00002529_005.png,clear,00002529_004.png,overexposed,2529,AP
real_same_patient,0,00002529_026.png,clear,00002529_025.png,overexposed,2529,AP
real_same_patient,0,00002533_008.png,clear,00002533_007.png,overexposed,2533,PA
real_same_patient,0,00002537_001.png,clear,00002537_000.png,overexposed,2537,PA
real_same_patient,0,00002544_001.png,clear,00002544_000.png,overexposed,2544,PA
real_same_patient,0,00002549_003.png,clear,00002549_002.png,overexposed,2549,PA
real_same_patient,0,00002549_004.png,clear,00002549_005.png,overexposed,2549,PA
real_same_patient,0,00002554_000.png,clear,00002554_001.png,overexposed,2554,AP
real_same_patient,0,00002558_002.png,clear,00002558_000.png,overexposed,2558,PA
real_same_patient,0,00002558_002.png,clear,00002558_001.png,overexposed,2558,PA
real_same_patient,0,00002570_000.png,clear,00002570_001.png,overexposed,2570,PA
real_same_patient,0,00002570_000.png,clear,00002570_002.png,overexposed,2570,PA
real_same_patient,0,00002582_004.png,clear,00002582_003.png,overexposed,2582,PA
real_same_patient,0,00002582_011.png,clear,00002582_012.png,overexposed,2582,PA
real_same_patient,0,00002586_001.png,clear,00002586_000.png,overexposed,2586,PA
real_same_patient,0,00002586_001.png,clear,00002586_002.png,overexposed,2586,PA
real_same_patient,0,00002586_001.png,clear,00002586_003.png,overexposed,2586,PA
real_same_patient,0,00002586_005.png,clear,00002586_004.png,overexposed,2586,PA
real_same_patient,0,00002586_007.png,clear,00002586_006.png,overexposed,2586,PA
real_same_patient,0,00002592_001.png,clear,00002592_000.png,overexposed,2592,PA
real_same_patient,0,00002592_003.png,clear,00002592_002.png,overexposed,2592,PA
real_same_patient,0,00002623_002.png,clear,00002623_001.png,overexposed,2623,PA
real_same_patient,0,00002628_001.png,clear,00002628_000.png,overexposed,2628,PA
real_same_patient,0,00002629_001.png,clear,00002629_000.png,overexposed,2629,PA
real_same_patient,0,00002633_005.png,clear,00002633_006.png,overexposed,2633,PA
real_same_patient,0,00002644_001.png,clear,00002644_000.png,overexposed,2644,AP
real_same_patient,0,00002644_004.png,clear,00002644_005.png,overexposed,2644,PA
real_same_patient,0,00002644_012.png,clear,00002644_011.png,overexposed,2644,PA
real_same_patient,0,00002651_001.png,clear,00002651_000.png,overexposed,2651,PA
real_same_patient,0,00002651_001.png,clear,00002651_002.png,overexposed,2651,PA
real_same_patient,0,00002659_000.png,clear,00002659_002.png,overexposed,2659,PA
real_same_patient,0,00002659_005.png,clear,00002659_004.png,overexposed,2659,PA
real_same_patient,0,00002665_002.png,clear,00002665_001.png,overexposed,2665,PA
real_same_patient,0,00002668_003.png,clear,00002668_004.png,overexposed,2668,PA
real_same_patient,0,00002685_000.png,clear,00002685_001.png,overexposed,2685,PA
real_same_patient,0,00002701_001.png,clear,00002701_000.png,overexposed,2701,PA
real_same_patient,0,00002704_008.png,clear,00002704_009.png,overexposed,2704,PA
real_same_patient,0,00002704_029.png,clear,00002704_028.png,overexposed,2704,PA
real_same_patient,0,00002714_000.png,clear,00002714_001.png,overexposed,2714,PA
real_same_patient,0,00002722_004.png,clear,00002722_005.png,overexposed,2722,PA
real_same_patient,0,00002722_007.png,clear,00002722_006.png,overexposed,2722,PA
real_same_patient,0,00002723_001.png,clear,00002723_000.png,overexposed,2723,PA
real_same_patient,0,00002723_001.png,clear,00002723_002.png,overexposed,2723,PA
real_same_patient,0,00002723_010.png,clear,00002723_009.png,overexposed,2723,PA
real_same_patient,0,00002737_002.png,clear,00002737_001.png,overexposed,2737,PA
real_same_patient,0,00002743_003.png,clear,00002743_002.png,overexposed,2743,PA
real_same_patient,0,00002743_005.png,clear,00002743_006.png,overexposed,2743,PA
real_same_patient,0,00002752_000.png,clear,00002752_001.png,overexposed,2752,PA
real_same_patient,0,00002756_003.png,clear,00002756_004.png,overexposed,2756,PA
real_same_patient,0,00002759_002.png,clear,00002759_001.png,overexposed,2759,PA
real_same_patient,0,00002790_001.png,clear,00002790_002.png,overexposed,2790,PA
real_same_patient,0,00002790_001.png,clear,00002790_003.png,overexposed,2790,PA
real_same_patient,0,00002794_002.png,clear,00002794_001.png,overexposed,2794,PA
real_same_patient,0,00002796_008.png,clear,00002796_009.png,overexposed,2796,PA
real_same_patient,0,00002803_001.png,clear,00002803_002.png,overexposed,2803,PA
real_same_patient,0,00002803_004.png,clear,00002803_005.png,overexposed,2803,PA
real_same_patient,0,00002803_007.png,clear,00002803_006.png,overexposed,2803,PA
real_same_patient,0,00002817_007.png,clear,00002817_006.png,overexposed,2817,PA
real_same_patient,0,00002840_001.png,clear,00002840_000.png,overexposed,2840,PA
real_same_patient,0,00002840_003.png,clear,00002840_002.png,overexposed,2840,PA
real_same_patient,0,00002843_017.png,clear,00002843_018.png,overexposed,2843,PA
real_same_patient,0,00002843_020.png,clear,00002843_019.png,overexposed,2843,PA
real_same_patient,0,00002846_007.png,clear,00002846_006.png,overexposed,2846,PA
real_same_patient,0,00002856_015.png,clear,00002856_014.png,overexposed,2856,AP
real_same_patient,0,00002868_010.png,clear,00002868_009.png,overexposed,2868,PA
real_same_patient,0,00002878_014.png,clear,00002878_013.png,overexposed,2878,PA
real_same_patient,0,00002893_003.png,clear,00002893_000.png,overexposed,2893,PA
real_same_patient,0,00002898_002.png,clear,00002898_001.png,overexposed,2898,PA
real_same_patient,0,00002908_001.png,clear,00002908_000.png,overexposed,2908,PA
real_same_patient,0,00002922_000.png,clear,00002922_001.png,overexposed,2922,PA
real_same_patient,0,00002926_001.png,clear,00002926_000.png,overexposed,2926,PA
real_same_patient,0,00002931_002.png,clear,00002931_001.png,overexposed,2931,PA
real_same_patient,0,00002939_003.png,clear,00002939_001.png,overexposed,2939,PA
real_same_patient,0,00002942_000.png,clear,00002942_001.png,overexposed,2942,PA
real_same_patient,0,00002952_001.png,clear,00002952_000.png,overexposed,2952,PA
real_same_patient,0,00002954_005.png,clear,00002954_004.png,overexposed,2954,PA
real_same_patient,0,00002954_005.png,clear,00002954_006.png,overexposed,2954,PA
real_same_patient,0,00002954_008.png,clear,00002954_007.png,overexposed,2954,PA
real_same_patient,0,00002981_003.png,clear,00002981_004.png,overexposed,2981,AP
real_same_patient,0,00002993_001.png,clear,00002993_002.png,overexposed,2993,PA
real_same_patient,0,00002995_000.png,clear,00002995_001.png,overexposed,2995,PA
real_same_patient,0,00003002_008.png,clear,00003002_009.png,overexposed,3002,AP
real_same_patient,0,00003013_000.png,clear,00003013_001.png,overexposed,3013,PA
real_same_patient,0,00003027_001.png,clear,00003027_002.png,overexposed,3027,PA
real_same_patient,0,00003027_001.png,clear,00003027_003.png,overexposed,3027,PA
real_same_patient,0,00003031_001.png,clear,00003031_000.png,overexposed,3031,PA
real_same_patient,0,00003044_002.png,clear,00003044_003.png,overexposed,3044,PA
real_same_patient,0,00003052_003.png,clear,00003052_004.png,overexposed,3052,PA
real_same_patient,0,00003052_006.png,clear,00003052_005.png,overexposed,3052,PA
real_same_patient,0,00003056_001.png,clear,00003056_000.png,overexposed,3056,PA
real_same_patient,0,00003064_001.png,clear,00003064_000.png,overexposed,3064,PA
real_same_patient,0,00003068_004.png,clear,00003068_005.png,overexposed,3068,PA
real_same_patient,0,00003068_004.png,clear,00003068_006.png,overexposed,3068,PA
real_same_patient,0,00003068_004.png,clear,00003068_007.png,overexposed,3068,PA
real_same_patient,0,00003071_001.png,clear,00003071_002.png,overexposed,3071,PA
real_same_patient,0,00003072_029.png,clear,00003072_028.png,overexposed,3072,PA
real_same_patient,0,00003104_003.png,clear,00003104_000.png,overexposed,3104,PA
real_same_patient,0,00003104_006.png,clear,00003104_005.png,overexposed,3104,PA
real_same_patient,0,00003111_001.png,clear,00003111_000.png,overexposed,3111,PA
real_same_patient,0,00003112_001.png,clear,00003112_000.png,overexposed,3112,PA
real_same_patient,0,00003115_001.png,clear,00003115_000.png,overexposed,3115,PA
real_same_patient,0,00003122_005.png,clear,00003122_000.png,overexposed,3122,PA
real_same_patient,0,00003122_005.png,clear,00003122_002.png,overexposed,3122,PA
real_same_patient,0,00003122_005.png,clear,00003122_003.png,overexposed,3122,PA
real_same_patient,0,00003122_005.png,clear,00003122_004.png,overexposed,3122,PA
real_same_patient,0,00003122_012.png,clear,00003122_013.png,overexposed,3122,PA
real_same_patient,0,00003122_001.png,clear,00003122_018.png,overexposed,3122,AP
real_same_patient,0,00003130_001.png,clear,00003130_000.png,overexposed,3130,PA
real_same_patient,0,00003139_000.png,clear,00003139_001.png,overexposed,3139,PA
real_same_patient,0,00003148_010.png,clear,00003148_009.png,overexposed,3148,PA
real_same_patient,0,00003148_010.png,clear,00003148_011.png,overexposed,3148,PA
real_same_patient,0,00003158_001.png,clear,00003158_000.png,overexposed,3158,PA
real_same_patient,0,00003159_002.png,clear,00003159_000.png,overexposed,3159,PA
real_same_patient,0,00003159_002.png,clear,00003159_001.png,overexposed,3159,PA
real_same_patient,0,00003159_004.png,clear,00003159_005.png,overexposed,3159,PA
real_same_patient,0,00003159_009.png,clear,00003159_011.png,overexposed,3159,PA
real_same_patient,0,00003161_001.png,clear,00003161_000.png,overexposed,3161,PA
real_same_patient,0,00003165_001.png,clear,00003165_000.png,overexposed,3165,PA
real_same_patient,0,00003166_002.png,clear,00003166_001.png,overexposed,3166,PA
real_same_patient,0,00003174_004.png,clear,00003174_005.png,overexposed,3174,PA
real_same_patient,0,00003174_008.png,clear,00003174_007.png,overexposed,3174,PA
real_same_patient,0,00003180_001.png,clear,00003180_002.png,overexposed,3180,PA
real_same_patient,0,00003187_001.png,clear,00003187_000.png,overexposed,3187,PA
real_same_patient,0,00003188_001.png,clear,00003188_002.png,overexposed,3188,PA
real_same_patient,0,00003191_003.png,clear,00003191_004.png,overexposed,3191,PA
real_same_patient,0,00003192_000.png,clear,00003192_001.png,overexposed,3192,PA
real_same_patient,0,00003192_003.png,clear,00003192_002.png,overexposed,3192,PA
real_same_patient,0,00003193_000.png,clear,00003193_001.png,overexposed,3193,PA
real_same_patient,0,00003197_001.png,clear,00003197_002.png,overexposed,3197,PA
real_same_patient,0,00003198_008.png,clear,00003198_009.png,overexposed,3198,PA
real_same_patient,0,00003203_002.png,clear,00003203_003.png,overexposed,3203,PA
real_same_patient,0,00003208_000.png,clear,00003208_001.png,overexposed,3208,PA
real_same_patient,0,00003211_001.png,clear,00003211_000.png,overexposed,3211,PA
real_same_patient,0,00003213_001.png,clear,00003213_002.png,overexposed,3213,PA
real_same_patient,0,00003213_004.png,clear,00003213_003.png,overexposed,3213,PA
real_same_patient,0,00003219_005.png,clear,00003219_004.png,overexposed,3219,PA
real_same_patient,0,00003219_005.png,clear,00003219_006.png,overexposed,3219,PA
real_same_patient,0,00003220_003.png,clear,00003220_004.png,overexposed,3220,PA
real_same_patient,0,00003221_002.png,clear,00003221_003.png,overexposed,3221,PA
real_same_patient,0,00003221_009.png,clear,00003221_010.png,overexposed,3221,PA
real_same_patient,0,00003226_005.png,clear,00003226_004.png,overexposed,3226,PA
real_same_patient,0,00003230_004.png,clear,00003230_005.png,overexposed,3230,PA
real_same_patient,0,00003246_000.png,clear,00003246_001.png,overexposed,3246,PA
real_same_patient,0,00003251_000.png,clear,00003251_001.png,overexposed,3251,PA
real_same_patient,0,00003275_001.png,clear,00003275_002.png,overexposed,3275,PA
real_same_patient,0,00003276_002.png,clear,00003276_000.png,overexposed,3276,PA
real_same_patient,0,00003279_001.png,clear,00003279_000.png,overexposed,3279,PA
real_same_patient,0,00003282_000.png,clear,00003282_001.png,overexposed,3282,PA
real_same_patient,0,00003285_002.png,clear,00003285_001.png,overexposed,3285,PA
real_same_patient,0,00003291_000.png,clear,00003291_001.png,overexposed,3291,PA
real_same_patient,0,00003292_004.png,clear,00003292_000.png,overexposed,3292,PA
real_same_patient,0,00003292_004.png,clear,00003292_001.png,overexposed,3292,PA
real_same_patient,0,00003292_004.png,clear,00003292_003.png,overexposed,3292,PA
real_same_patient,0,00003292_006.png,clear,00003292_012.png,overexposed,3292,PA
real_same_patient,0,00003300_011.png,clear,00003300_010.png,overexposed,3300,PA
real_same_patient,0,00003304_000.png,clear,00003304_001.png,overexposed,3304,PA
real_same_patient,0,00003307_001.png,clear,00003307_000.png,overexposed,3307,PA
real_same_patient,0,00003308_001.png,clear,00003308_000.png,overexposed,3308,PA
real_same_patient,0,00003328_000.png,clear,00003328_001.png,overexposed,3328,PA
real_same_patient,0,00003328_004.png,clear,00003328_003.png,overexposed,3328,PA
real_same_patient,0,00003329_001.png,clear,00003329_000.png,overexposed,3329,PA
real_same_patient,0,00003331_001.png,clear,00003331_000.png,overexposed,3331,PA
real_same_patient,0,00003343_002.png,clear,00003343_003.png,overexposed,3343,PA
real_same_patient,0,00003346_002.png,clear,00003346_001.png,overexposed,3346,PA
real_same_patient,0,00003348_004.png,clear,00003348_005.png,overexposed,3348,PA
real_same_patient,0,00003348_004.png,clear,00003348_006.png,overexposed,3348,PA
real_same_patient,0,00003355_000.png,clear,00003355_001.png,overexposed,3355,PA
real_same_patient,0,00003355_000.png,clear,00003355_002.png,overexposed,3355,PA
real_same_patient,0,00003355_004.png,clear,00003355_003.png,overexposed,3355,PA
real_same_patient,0,00003355_004.png,clear,00003355_005.png,overexposed,3355,PA
real_same_patient,0,00003355_007.png,clear,00003355_006.png,overexposed,3355,PA
real_same_patient,0,00003355_007.png,clear,00003355_008.png,overexposed,3355,PA
real_same_patient,0,00003357_000.png,clear,00003357_001.png,overexposed,3357,PA
real_same_patient,0,00003360_001.png,clear,00003360_002.png,overexposed,3360,PA
real_same_patient,0,00003361_005.png,clear,00003361_004.png,overexposed,3361,AP
real_same_patient,0,00003361_001.png,clear,00003361_007.png,overexposed,3361,PA
real_same_patient,0,00003361_009.png,clear,00003361_008.png,overexposed,3361,AP
real_same_patient,0,00003361_009.png,clear,00003361_010.png,overexposed,3361,AP
real_same_patient,0,00003367_004.png,clear,00003367_000.png,overexposed,3367,PA
real_same_patient,0,00003367_004.png,clear,00003367_001.png,overexposed,3367,PA
real_same_patient,0,00003377_001.png,clear,00003377_000.png,overexposed,3377,PA
real_same_patient,0,00003377_004.png,clear,00003377_003.png,overexposed,3377,PA
real_same_patient,0,00003388_000.png,clear,00003388_001.png,overexposed,3388,PA
real_same_patient,0,00003388_003.png,clear,00003388_002.png,overexposed,3388,PA
real_same_patient,0,00003388_003.png,clear,00003388_004.png,overexposed,3388,PA
real_same_patient,0,00003400_004.png,clear,00003400_000.png,overexposed,3400,PA
real_same_patient,0,00003400_004.png,clear,00003400_002.png,overexposed,3400,PA
real_same_patient,0,00003400_004.png,clear,00003400_003.png,overexposed,3400,PA
real_same_patient,0,00003405_000.png,clear,00003405_001.png,overexposed,3405,PA
real_same_patient,0,00003406_001.png,clear,00003406_000.png,overexposed,3406,PA
real_same_patient,0,00003421_005.png,clear,00003421_004.png,overexposed,3421,AP
real_same_patient,0,00003423_003.png,clear,00003423_000.png,overexposed,3423,PA
real_same_patient,0,00003423_003.png,clear,00003423_001.png,overexposed,3423,PA
real_same_patient,0,00003423_003.png,clear,00003423_002.png,overexposed,3423,PA
real_same_patient,0,00003423_005.png,clear,00003423_004.png,overexposed,3423,PA
real_same_patient,0,00003426_008.png,clear,00003426_009.png,overexposed,3426,PA
real_same_patient,0,00003426_007.png,clear,00003426_010.png,overexposed,3426,AP
real_same_patient,0,00003426_008.png,clear,00003426_011.png,overexposed,3426,PA
real_same_patient,0,00003426_015.png,clear,00003426_012.png,overexposed,3426,PA
real_same_patient,0,00003426_015.png,clear,00003426_013.png,overexposed,3426,PA
real_same_patient,0,00003426_038.png,clear,00003426_036.png,overexposed,3426,PA
real_same_patient,0,00003426_038.png,clear,00003426_037.png,overexposed,3426,PA
real_same_patient,0,00003432_001.png,clear,00003432_000.png,overexposed,3432,PA
real_same_patient,0,00003432_001.png,clear,00003432_002.png,overexposed,3432,PA
real_same_patient,0,00003439_001.png,clear,00003439_000.png,overexposed,3439,PA
real_same_patient,0,00003460_000.png,clear,00003460_001.png,overexposed,3460,PA
real_same_patient,0,00003462_001.png,clear,00003462_002.png,overexposed,3462,PA
real_same_patient,0,00003465_001.png,clear,00003465_000.png,overexposed,3465,AP
real_same_patient,0,00003470_001.png,clear,00003470_000.png,overexposed,3470,PA
real_same_patient,0,00003470_002.png,clear,00003470_003.png,overexposed,3470,PA
real_same_patient,0,00003489_001.png,clear,00003489_002.png,overexposed,3489,PA
real_same_patient,0,00003491_001.png,clear,00003491_000.png,overexposed,3491,PA
real_same_patient,0,00003492_000.png,clear,00003492_003.png,overexposed,3492,PA
real_same_patient,0,00003492_000.png,clear,00003492_006.png,overexposed,3492,PA
real_same_patient,0,00003494_001.png,clear,00003494_000.png,overexposed,3494,PA
real_same_patient,0,00003501_001.png,clear,00003501_003.png,overexposed,3501,PA
real_same_patient,0,00003513_005.png,clear,00003513_004.png,overexposed,3513,PA
real_same_patient,0,00003532_001.png,clear,00003532_000.png,overexposed,3532,PA
real_same_patient,0,00003532_001.png,clear,00003532_002.png,overexposed,3532,PA
real_same_patient,0,00003534_001.png,clear,00003534_000.png,overexposed,3534,PA
real_same_patient,0,00003535_016.png,clear,00003535_017.png,overexposed,3535,PA
real_same_patient,0,00003535_027.png,clear,00003535_025.png,overexposed,3535,AP
real_same_patient,0,00003544_002.png,clear,00003544_001.png,overexposed,3544,PA
real_same_patient,0,00003547_001.png,clear,00003547_000.png,overexposed,3547,PA
real_same_patient,0,00003548_001.png,clear,00003548_000.png,overexposed,3548,PA
real_same_patient,0,00003552_003.png,clear,00003552_001.png,overexposed,3552,AP
real_same_patient,0,00003552_000.png,clear,00003552_002.png,overexposed,3552,PA
real_same_patient,0,00003562_001.png,clear,00003562_000.png,overexposed,3562,PA
real_same_patient,0,00003568_001.png,clear,00003568_000.png,overexposed,3568,PA
real_same_patient,0,00003573_006.png,clear,00003573_000.png,overexposed,3573,PA
real_same_patient,0,00003573_006.png,clear,00003573_001.png,overexposed,3573,PA
real_same_patient,0,00003574_007.png,clear,00003574_008.png,overexposed,3574,PA
real_same_patient,0,00003575_001.png,clear,00003575_000.png,overexposed,3575,PA
real_same_patient,0,00003575_001.png,clear,00003575_002.png,overexposed,3575,PA
real_same_patient,0,00003580_002.png,clear,00003580_001.png,overexposed,3580,AP
real_same_patient,0,00003584_002.png,clear,00003584_000.png,overexposed,3584,PA
real_same_patient,0,00003584_002.png,clear,00003584_001.png,overexposed,3584,PA
real_same_patient,0,00003586_002.png,clear,00003586_001.png,overexposed,3586,PA
real_same_patient,0,00003586_002.png,clear,00003586_003.png,overexposed,3586,PA
real_same_patient,0,00003599_001.png,clear,00003599_000.png,overexposed,3599,PA
real_same_patient,0,00003601_011.png,clear,00003601_008.png,overexposed,3601,PA
real_same_patient,0,00003601_014.png,clear,00003601_015.png,overexposed,3601,PA
real_same_patient,0,00003611_000.png,clear,00003611_001.png,overexposed,3611,AP
real_same_patient,0,00003611_006.png,clear,00003611_007.png,overexposed,3611,PA
real_same_patient,0,00003630_000.png,clear,00003630_001.png,overexposed,3630,PA
real_same_patient,0,00003637_006.png,clear,00003637_007.png,overexposed,3637,PA
real_same_patient,0,00003640_003.png,clear,00003640_002.png,overexposed,3640,PA
real_same_patient,0,00003644_001.png,clear,00003644_000.png,overexposed,3644,PA
real_same_patient,0,00003659_006.png,clear,00003659_007.png,overexposed,3659,PA
real_same_patient,0,00003659_010.png,clear,00003659_008.png,overexposed,3659,PA
real_same_patient,0,00003659_010.png,clear,00003659_009.png,overexposed,3659,PA
real_same_patient,0,00003663_002.png,clear,00003663_003.png,overexposed,3663,PA
real_same_patient,0,00003669_002.png,clear,00003669_001.png,overexposed,3669,PA
real_same_patient,0,00003669_006.png,clear,00003669_007.png,overexposed,3669,PA
real_same_patient,0,00003681_002.png,clear,00003681_000.png,overexposed,3681,PA
real_same_patient,0,00003681_002.png,clear,00003681_001.png,overexposed,3681,PA
real_same_patient,0,00003685_001.png,clear,00003685_000.png,overexposed,3685,PA
real_same_patient,0,00003685_002.png,clear,00003685_003.png,overexposed,3685,PA
real_same_patient,0,00003685_005.png,clear,00003685_004.png,overexposed,3685,PA
real_same_patient,0,00003688_002.png,clear,00003688_003.png,overexposed,3688,PA
real_same_patient,0,00003693_003.png,clear,00003693_002.png,overexposed,3693,PA
real_same_patient,0,00003693_007.png,clear,00003693_006.png,overexposed,3693,PA
real_same_patient,0,00003693_007.png,clear,00003693_008.png,overexposed,3693,PA
real_same_patient,0,00003707_003.png,clear,00003707_001.png,overexposed,3707,PA
real_same_patient,0,00003707_003.png,clear,00003707_002.png,overexposed,3707,PA
real_same_patient,0,00003715_001.png,clear,00003715_000.png,overexposed,3715,PA
real_same_patient,0,00003717_002.png,clear,00003717_001.png,overexposed,3717,PA
real_same_patient,0,00003719_004.png,clear,00003719_003.png,overexposed,3719,PA
real_same_patient,0,00003722_001.png,clear,00003722_000.png,overexposed,3722,PA
real_same_patient,0,00003736_002.png,clear,00003736_001.png,overexposed,3736,PA
real_same_patient,0,00003737_000.png,clear,00003737_001.png,overexposed,3737,PA
real_same_patient,0,00003737_000.png,clear,00003737_002.png,overexposed,3737,PA
real_same_patient,0,00003741_001.png,clear,00003741_000.png,overexposed,3741,PA
real_same_patient,0,00003741_004.png,clear,00003741_003.png,overexposed,3741,PA
real_same_patient,0,00003751_001.png,clear,00003751_000.png,overexposed,3751,PA
real_same_patient,0,00003752_003.png,clear,00003752_004.png,overexposed,3752,PA
real_same_patient,0,00003754_000.png,clear,00003754_001.png,overexposed,3754,PA
real_same_patient,0,00003754_000.png,clear,00003754_002.png,overexposed,3754,PA
real_same_patient,0,00003770_005.png,clear,00003770_006.png,overexposed,3770,PA
real_same_patient,0,00003770_005.png,clear,00003770_007.png,overexposed,3770,PA
real_same_patient,0,00003770_011.png,clear,00003770_008.png,overexposed,3770,PA
real_same_patient,0,00003770_011.png,clear,00003770_009.png,overexposed,3770,PA
real_same_patient,0,00003770_011.png,clear,00003770_010.png,overexposed,3770,PA
real_same_patient,0,00003776_001.png,clear,00003776_000.png,overexposed,3776,PA
real_same_patient,0,00003779_002.png,clear,00003779_001.png,overexposed,3779,AP
real_same_patient,0,00003779_000.png,clear,00003779_005.png,overexposed,3779,PA
real_same_patient,0,00003801_002.png,clear,00003801_001.png,overexposed,3801,PA
real_same_patient,0,00003802_003.png,clear,00003802_004.png,overexposed,3802,PA
real_same_patient,0,00003805_000.png,clear,00003805_001.png,overexposed,3805,PA
real_same_patient,0,00003805_004.png,clear,00003805_003.png,overexposed,3805,PA
real_same_patient,0,00003811_000.png,clear,00003811_001.png,overexposed,3811,PA
real_same_patient,0,00003818_000.png,clear,00003818_001.png,overexposed,3818,PA
real_same_patient,0,00003821_001.png,clear,00003821_000.png,overexposed,3821,PA
real_same_patient,0,00003822_001.png,clear,00003822_000.png,overexposed,3822,PA
real_same_patient,0,00003837_002.png,clear,00003837_003.png,overexposed,3837,PA
real_same_patient,0,00003847_007.png,clear,00003847_009.png,overexposed,3847,PA
real_same_patient,0,00003855_000.png,clear,00003855_001.png,overexposed,3855,PA
real_same_patient,0,00003861_001.png,clear,00003861_000.png,overexposed,3861,PA
real_same_patient,0,00003875_001.png,clear,00003875_000.png,overexposed,3875,PA
real_same_patient,0,00003875_010.png,clear,00003875_009.png,overexposed,3875,PA
real_same_patient,0,00003877_001.png,clear,00003877_000.png,overexposed,3877,PA
real_same_patient,0,00003882_002.png,clear,00003882_004.png,overexposed,3882,PA
real_same_patient,0,00003893_003.png,clear,00003893_002.png,overexposed,3893,PA
real_same_patient,0,00003894_007.png,clear,00003894_008.png,overexposed,3894,PA
real_same_patient,0,00003906_001.png,clear,00003906_000.png,overexposed,3906,PA
real_same_patient,0,00003910_001.png,clear,00003910_000.png,overexposed,3910,PA
real_same_patient,0,00003910_003.png,clear,00003910_002.png,overexposed,3910,PA
real_same_patient,0,00003914_004.png,clear,00003914_000.png,overexposed,3914,PA
real_same_patient,0,00003914_004.png,clear,00003914_002.png,overexposed,3914,PA
real_same_patient,0,00003914_004.png,clear,00003914_003.png,overexposed,3914,PA
real_same_patient,0,00003914_004.png,clear,00003914_005.png,overexposed,3914,PA
real_same_patient,0,00003919_001.png,clear,00003919_000.png,overexposed,3919,PA
real_same_patient,0,00003923_001.png,clear,00003923_000.png,overexposed,3923,PA
real_same_patient,0,00003940_007.png,clear,00003940_006.png,overexposed,3940,PA
real_same_patient,0,00003942_000.png,clear,00003942_001.png,overexposed,3942,PA
real_same_patient,0,00003945_010.png,clear,00003945_011.png,overexposed,3945,PA
real_same_patient,0,00003947_001.png,clear,00003947_000.png,overexposed,3947,PA
real_same_patient,0,00003950_002.png,clear,00003950_001.png,overexposed,3950,PA
real_same_patient,0,00003970_001.png,clear,00003970_002.png,overexposed,3970,PA
real_same_patient,0,00003980_002.png,clear,00003980_001.png,overexposed,3980,PA
real_same_patient,0,00003981_001.png,clear,00003981_000.png,overexposed,3981,PA
real_same_patient,0,00003981_001.png,clear,00003981_002.png,overexposed,3981,PA
real_same_patient,0,00003985_001.png,clear,00003985_002.png,overexposed,3985,PA
real_same_patient,0,00003985_001.png,clear,00003985_003.png,overexposed,3985,PA
real_same_patient,0,00003996_001.png,clear,00003996_002.png,overexposed,3996,PA
real_same_patient,0,00003997_001.png,clear,00003997_000.png,overexposed,3997,PA
real_same_patient,0,00004028_000.png,clear,00004028_001.png,overexposed,4028,PA
real_same_patient,0,00004065_011.png,clear,00004065_014.png,overexposed,4065,PA
real_same_patient,0,00004065_011.png,clear,00004065_015.png,overexposed,4065,PA
real_same_patient,0,00004079_001.png,clear,00004079_000.png,overexposed,4079,PA
real_same_patient,0,00004093_002.png,clear,00004093_000.png,overexposed,4093,PA
real_same_patient,0,00004093_002.png,clear,00004093_001.png,overexposed,4093,PA
real_same_patient,0,00004094_001.png,clear,00004094_000.png,overexposed,4094,PA
real_same_patient,0,00004094_003.png,clear,00004094_004.png,overexposed,4094,AP
real_same_patient,0,00004102_001.png,clear,00004102_000.png,overexposed,4102,PA
real_same_patient,0,00004103_001.png,clear,00004103_000.png,overexposed,4103,PA
real_same_patient,0,00004110_002.png,clear,00004110_003.png,overexposed,4110,PA
real_same_patient,0,00004132_004.png,clear,00004132_005.png,overexposed,4132,PA
real_same_patient,0,00004132_009.png,clear,00004132_008.png,overexposed,4132,PA
real_same_patient,0,00004148_000.png,clear,00004148_001.png,overexposed,4148,PA
real_same_patient,0,00004148_003.png,clear,00004148_002.png,overexposed,4148,PA
real_same_patient,0,00004156_003.png,clear,00004156_002.png,overexposed,4156,PA
real_same_patient,0,00004156_004.png,clear,00004156_005.png,overexposed,4156,PA
real_same_patient,0,00004156_004.png,clear,00004156_006.png,overexposed,4156,PA
real_same_patient,0,00004168_001.png,clear,00004168_002.png,overexposed,4168,PA
real_same_patient,0,00004169_001.png,clear,00004169_002.png,overexposed,4169,PA
real_same_patient,0,00004169_007.png,clear,00004169_006.png,overexposed,4169,PA
real_same_patient,0,00004171_001.png,clear,00004171_000.png,overexposed,4171,PA
real_same_patient,0,00004180_000.png,clear,00004180_001.png,overexposed,4180,PA
real_same_patient,0,00004188_003.png,clear,00004188_004.png,overexposed,4188,PA
real_same_patient,0,00004188_015.png,clear,00004188_014.png,overexposed,4188,PA
real_same_patient,0,00004191_000.png,clear,00004191_001.png,overexposed,4191,PA
real_same_patient,0,00004205_003.png,clear,00004205_005.png,overexposed,4205,PA
real_same_patient,0,00004205_008.png,clear,00004205_009.png,overexposed,4205,PA
real_same_patient,0,00004209_002.png,clear,00004209_000.png,overexposed,4209,PA
real_same_patient,0,00004238_005.png,clear,00004238_006.png,overexposed,4238,PA
real_same_patient,0,00004263_000.png,clear,00004263_001.png,overexposed,4263,PA
real_same_patient,0,00004264_000.png,clear,00004264_001.png,overexposed,4264,PA
real_same_patient,0,00004269_001.png,clear,00004269_002.png,overexposed,4269,PA
real_same_patient,0,00004278_000.png,clear,00004278_001.png,overexposed,4278,PA
real_same_patient,0,00004281_001.png,clear,00004281_000.png,overexposed,4281,PA
real_same_patient,0,00004291_002.png,clear,00004291_003.png,overexposed,4291,PA
real_same_patient,0,00004299_013.png,clear,00004299_000.png,overexposed,4299,PA
real_same_patient,0,00004299_013.png,clear,00004299_009.png,overexposed,4299,PA
real_same_patient,0,00004299_011.png,clear,00004299_010.png,overexposed,4299,AP
real_same_patient,0,00004299_013.png,clear,00004299_012.png,overexposed,4299,PA
real_same_patient,0,00004316_006.png,clear,00004316_005.png,overexposed,4316,AP
real_same_patient,0,00004330_000.png,clear,00004330_001.png,overexposed,4330,PA
real_same_patient,0,00004330_000.png,clear,00004330_002.png,overexposed,4330,PA
real_same_patient,0,00004342_055.png,clear,00004342_056.png,overexposed,4342,AP
real_same_patient,0,00004360_004.png,clear,00004360_001.png,overexposed,4360,PA
real_same_patient,0,00004360_004.png,clear,00004360_005.png,overexposed,4360,PA
real_same_patient,0,00004360_006.png,clear,00004360_007.png,overexposed,4360,PA
real_same_patient,0,00004360_006.png,clear,00004360_008.png,overexposed,4360,PA
real_same_patient,0,00004360_021.png,clear,00004360_020.png,overexposed,4360,AP
real_same_patient,0,00004375_001.png,clear,00004375_000.png,overexposed,4375,PA
real_same_patient,0,00004378_000.png,clear,00004378_001.png,overexposed,4378,PA
real_same_patient,0,00004391_000.png,clear,00004391_001.png,overexposed,4391,PA
real_same_patient,0,00004396_001.png,clear,00004396_000.png,overexposed,4396,PA
real_same_patient,0,00004404_005.png,clear,00004404_004.png,overexposed,4404,AP
real_same_patient,0,00004404_007.png,clear,00004404_006.png,overexposed,4404,PA
real_same_patient,0,00004418_006.png,clear,00004418_007.png,overexposed,4418,AP
real_same_patient,0,00004438_002.png,clear,00004438_000.png,overexposed,4438,PA
real_same_patient,0,00004445_001.png,clear,00004445_000.png,overexposed,4445,PA
real_same_patient,0,00004458_003.png,clear,00004458_004.png,overexposed,4458,AP
real_same_patient,0,00004497_002.png,clear,00004497_000.png,overexposed,4497,PA
real_same_patient,0,00004517_001.png,clear,00004517_004.png,overexposed,4517,AP
real_same_patient,0,00004517_001.png,clear,00004517_005.png,overexposed,4517,AP
real_same_patient,0,00004517_003.png,clear,00004517_006.png,overexposed,4517,PA
real_same_patient,0,00004540_000.png,clear,00004540_001.png,overexposed,4540,PA
real_same_patient,0,00004544_004.png,clear,00004544_003.png,overexposed,4544,PA
real_same_patient,0,00004547_020.png,clear,00004547_018.png,overexposed,4547,PA
real_same_patient,0,00004551_000.png,clear,00004551_001.png,overexposed,4551,PA
real_same_patient,0,00004553_002.png,clear,00004553_001.png,overexposed,4553,PA
real_same_patient,0,00004556_000.png,clear,00004556_001.png,overexposed,4556,PA
real_same_patient,0,00004557_001.png,clear,00004557_002.png,overexposed,4557,PA
real_same_patient,0,00004571_005.png,clear,00004571_003.png,overexposed,4571,PA
real_same_patient,0,00004571_005.png,clear,00004571_004.png,overexposed,4571,PA
real_same_patient,0,00004571_007.png,clear,00004571_008.png,overexposed,4571,PA
real_same_patient,0,00004571_014.png,clear,00004571_013.png,overexposed,4571,PA
real_same_patient,0,00004571_014.png,clear,00004571_015.png,overexposed,4571,PA
real_same_patient,0,00004571_018.png,clear,00004571_019.png,overexposed,4571,PA
real_same_patient,0,00004576_001.png,clear,00004576_000.png,overexposed,4576,PA
real_same_patient,0,00004581_002.png,clear,00004581_000.png,overexposed,4581,PA
real_same_patient,0,00004590_000.png,clear,00004590_001.png,overexposed,4590,PA
real_same_patient,0,00004591_000.png,clear,00004591_001.png,overexposed,4591,PA
real_same_patient,0,00004594_001.png,clear,00004594_000.png,overexposed,4594,PA
real_same_patient,0,00004594_001.png,clear,00004594_002.png,overexposed,4594,PA
real_same_patient,0,00004598_006.png,clear,00004598_007.png,overexposed,4598,PA
real_same_patient,0,00004605_004.png,clear,00004605_000.png,overexposed,4605,PA
real_same_patient,0,00004605_004.png,clear,00004605_001.png,overexposed,4605,PA
real_same_patient,0,00004605_004.png,clear,00004605_002.png,overexposed,4605,PA
real_same_patient,0,00004605_014.png,clear,00004605_013.png,overexposed,4605,PA
real_same_patient,0,00004605_018.png,clear,00004605_017.png,overexposed,4605,PA
real_same_patient,0,00004632_000.png,clear,00004632_001.png,overexposed,4632,PA
real_same_patient,0,00004634_002.png,clear,00004634_001.png,overexposed,4634,PA
real_same_patient,0,00004646_002.png,clear,00004646_003.png,overexposed,4646,PA
real_same_patient,0,00004649_001.png,clear,00004649_000.png,overexposed,4649,PA
real_same_patient,0,00004652_005.png,clear,00004652_000.png,overexposed,4652,PA
real_same_patient,0,00004652_005.png,clear,00004652_001.png,overexposed,4652,PA
real_same_patient,0,00004652_005.png,clear,00004652_002.png,overexposed,4652,PA
real_same_patient,0,00004665_003.png,clear,00004665_000.png,overexposed,4665,PA
real_same_patient,0,00004665_003.png,clear,00004665_001.png,overexposed,4665,PA
real_same_patient,0,00004689_000.png,clear,00004689_001.png,overexposed,4689,PA
real_same_patient,0,00004699_000.png,clear,00004699_001.png,overexposed,4699,PA
real_same_patient,0,00004724_008.png,clear,00004724_007.png,overexposed,4724,AP
real_same_patient,0,00004727_003.png,clear,00004727_002.png,overexposed,4727,PA
real_same_patient,0,00004737_012.png,clear,00004737_011.png,overexposed,4737,PA
real_same_patient,0,00004749_001.png,clear,00004749_000.png,overexposed,4749,AP
real_same_patient,0,00004773_001.png,clear,00004773_000.png,overexposed,4773,PA
real_same_patient,0,00004800_003.png,clear,00004800_002.png,overexposed,4800,PA
real_same_patient,0,00004808_001.png,clear,00004808_000.png,overexposed,4808,PA
real_same_patient,0,00004808_001.png,clear,00004808_002.png,overexposed,4808,PA
real_same_patient,0,00004808_007.png,clear,00004808_006.png,overexposed,4808,PA
real_same_patient,0,00004808_073.png,clear,00004808_072.png,overexposed,4808,PA
real_same_patient,0,00004819_001.png,clear,00004819_000.png,overexposed,4819,PA
real_same_patient,0,00004857_011.png,clear,00004857_009.png,overexposed,4857,PA
real_same_patient,0,00004857_035.png,clear,00004857_034.png,overexposed,4857,PA
real_same_patient,0,00004868_001.png,clear,00004868_002.png,overexposed,4868,AP
real_same_patient,0,00004877_001.png,clear,00004877_000.png,overexposed,4877,PA
real_same_patient,0,00004881_002.png,clear,00004881_001.png,overexposed,4881,PA
real_same_patient,0,00004881_004.png,clear,00004881_005.png,overexposed,4881,PA
real_same_patient,0,00004883_002.png,clear,00004883_001.png,overexposed,4883,PA
real_same_patient,0,00004893_073.png,clear,00004893_067.png,overexposed,4893,PA
real_same_patient,0,00004900_001.png,clear,00004900_000.png,overexposed,4900,PA
real_same_patient,0,00004917_000.png,clear,00004917_001.png,overexposed,4917,PA
real_same_patient,0,00004917_000.png,clear,00004917_004.png,overexposed,4917,PA
real_same_patient,0,00004919_001.png,clear,00004919_000.png,overexposed,4919,PA
real_same_patient,0,00004922_004.png,clear,00004922_003.png,overexposed,4922,PA
real_same_patient,0,00004925_000.png,clear,00004925_001.png,overexposed,4925,PA
real_same_patient,0,00004925_004.png,clear,00004925_005.png,overexposed,4925,PA
real_same_patient,0,00004931_019.png,clear,00004931_018.png,overexposed,4931,PA
real_same_patient,0,00004936_001.png,clear,00004936_000.png,overexposed,4936,PA
real_same_patient,0,00004937_002.png,clear,00004937_000.png,overexposed,4937,PA
real_same_patient,0,00004946_001.png,clear,00004946_002.png,overexposed,4946,PA
real_same_patient,0,00004957_003.png,clear,00004957_000.png,overexposed,4957,PA
real_same_patient,0,00004957_003.png,clear,00004957_001.png,overexposed,4957,PA
real_same_patient,0,00004957_003.png,clear,00004957_002.png,overexposed,4957,PA
real_same_patient,0,00004957_003.png,clear,00004957_004.png,overexposed,4957,PA
real_same_patient,0,00004958_000.png,clear,00004958_001.png,overexposed,4958,PA
real_same_patient,0,00004976_003.png,clear,00004976_004.png,overexposed,4976,PA
real_same_patient,0,00004976_003.png,clear,00004976_005.png,overexposed,4976,PA
real_same_patient,0,00004990_002.png,clear,00004990_003.png,overexposed,4990,PA
real_same_patient,0,00004992_002.png,clear,00004992_001.png,overexposed,4992,PA
real_same_patient,0,00004998_001.png,clear,00004998_000.png,overexposed,4998,PA
real_same_patient,0,00005002_000.png,clear,00005002_001.png,overexposed,5002,PA
real_same_patient,0,00005003_001.png,clear,00005003_000.png,overexposed,5003,PA
real_same_patient,0,00005015_002.png,clear,00005015_000.png,overexposed,5015,PA
real_same_patient,0,00005015_002.png,clear,00005015_001.png,overexposed,5015,PA
real_same_patient,0,00005015_002.png,clear,00005015_003.png,overexposed,5015,PA
real_same_patient,0,00005022_002.png,clear,00005022_001.png,overexposed,5022,PA
real_same_patient,0,00005022_002.png,clear,00005022_003.png,overexposed,5022,PA
real_same_patient,0,00005026_012.png,clear,00005026_013.png,overexposed,5026,PA
real_same_patient,0,00005037_001.png,clear,00005037_000.png,overexposed,5037,PA
real_same_patient,0,00005040_000.png,clear,00005040_001.png,overexposed,5040,PA
real_same_patient,0,00005053_001.png,clear,00005053_000.png,overexposed,5053,PA
real_same_patient,0,00005066_029.png,clear,00005066_036.png,overexposed,5066,PA
real_same_patient,0,00005069_025.png,clear,00005069_026.png,overexposed,5069,PA
real_same_patient,0,00005073_002.png,clear,00005073_001.png,overexposed,5073,PA
real_same_patient,0,00005079_014.png,clear,00005079_019.png,overexposed,5079,AP
real_same_patient,0,00005081_003.png,clear,00005081_004.png,overexposed,5081,PA
real_same_patient,0,00005089_017.png,clear,00005089_016.png,overexposed,5089,PA
real_same_patient,0,00005117_000.png,clear,00005117_001.png,overexposed,5117,PA
real_same_patient,0,00005128_004.png,clear,00005128_000.png,overexposed,5128,PA
real_same_patient,0,00005128_004.png,clear,00005128_001.png,overexposed,5128,PA
real_same_patient,0,00005128_004.png,clear,00005128_002.png,overexposed,5128,PA
real_same_patient,0,00005128_004.png,clear,00005128_003.png,overexposed,5128,PA
real_same_patient,0,00005140_015.png,clear,00005140_014.png,overexposed,5140,PA
real_same_patient,0,00005150_001.png,clear,00005150_000.png,overexposed,5150,PA
real_same_patient,0,00005176_006.png,clear,00005176_007.png,overexposed,5176,PA
real_same_patient,0,00005176_011.png,clear,00005176_012.png,overexposed,5176,PA
real_same_patient,0,00005176_014.png,clear,00005176_013.png,overexposed,5176,PA
real_same_patient,0,00005177_001.png,clear,00005177_000.png,overexposed,5177,AP
real_same_patient,0,00005179_001.png,clear,00005179_002.png,overexposed,5179,AP
real_same_patient,0,00005191_004.png,clear,00005191_003.png,overexposed,5191,AP
real_same_patient,0,00005201_008.png,clear,00005201_009.png,overexposed,5201,AP
real_same_patient,0,00005206_004.png,clear,00005206_005.png,overexposed,5206,AP
real_same_patient,0,00005218_019.png,clear,00005218_020.png,overexposed,5218,AP
real_same_patient,0,00005228_002.png,clear,00005228_001.png,overexposed,5228,PA
real_same_patient,0,00005274_005.png,clear,00005274_004.png,overexposed,5274,PA
real_same_patient,0,00005274_008.png,clear,00005274_007.png,overexposed,5274,PA
real_same_patient,0,00005308_005.png,clear,00005308_003.png,overexposed,5308,PA
real_same_patient,0,00005308_005.png,clear,00005308_004.png,overexposed,5308,PA
real_same_patient,0,00005335_002.png,clear,00005335_001.png,overexposed,5335,PA
real_same_patient,0,00005348_012.png,clear,00005348_013.png,overexposed,5348,PA
real_same_patient,0,00005356_000.png,clear,00005356_001.png,overexposed,5356,PA
real_same_patient,0,00005356_000.png,clear,00005356_002.png,overexposed,5356,PA
real_same_patient,0,00005357_000.png,clear,00005357_001.png,overexposed,5357,PA
real_same_patient,0,00005360_001.png,clear,00005360_000.png,overexposed,5360,PA
real_same_patient,0,00005365_009.png,clear,00005365_008.png,overexposed,5365,AP
real_same_patient,0,00005369_003.png,clear,00005369_004.png,overexposed,5369,PA
real_same_patient,0,00005378_002.png,clear,00005378_001.png,overexposed,5378,PA
real_same_patient,0,00005393_000.png,clear,00005393_002.png,overexposed,5393,PA
real_same_patient,0,00005395_011.png,clear,00005395_010.png,overexposed,5395,PA
real_same_patient,0,00005418_004.png,clear,00005418_003.png,overexposed,5418,PA
real_same_patient,0,00005418_017.png,clear,00005418_018.png,overexposed,5418,PA
real_same_patient,0,00005424_001.png,clear,00005424_000.png,overexposed,5424,PA
real_same_patient,0,00005434_001.png,clear,00005434_000.png,overexposed,5434,PA
real_same_patient,0,00005434_003.png,clear,00005434_002.png,overexposed,5434,PA
real_same_patient,0,00005447_000.png,clear,00005447_001.png,overexposed,5447,PA
real_same_patient,0,00005448_008.png,clear,00005448_006.png,overexposed,5448,PA
real_same_patient,0,00005448_008.png,clear,00005448_013.png,overexposed,5448,PA
real_same_patient,0,00005448_022.png,clear,00005448_017.png,overexposed,5448,PA
real_same_patient,0,00005448_022.png,clear,00005448_019.png,overexposed,5448,PA
real_same_patient,0,00005448_022.png,clear,00005448_020.png,overexposed,5448,PA
real_same_patient,0,00005448_022.png,clear,00005448_021.png,overexposed,5448,PA
real_same_patient,0,00005454_001.png,clear,00005454_000.png,overexposed,5454,PA
real_same_patient,0,00005454_001.png,clear,00005454_003.png,overexposed,5454,PA
real_same_patient,0,00005470_001.png,clear,00005470_002.png,overexposed,5470,PA
real_same_patient,0,00005476_001.png,clear,00005476_000.png,overexposed,5476,AP
real_same_patient,0,00005486_003.png,clear,00005486_002.png,overexposed,5486,AP
real_same_patient,0,00005512_003.png,clear,00005512_004.png,overexposed,5512,PA
real_same_patient,0,00005512_003.png,clear,00005512_005.png,overexposed,5512,PA
real_same_patient,0,00005515_004.png,clear,00005515_005.png,overexposed,5515,PA
real_same_patient,0,00005520_003.png,clear,00005520_000.png,overexposed,5520,PA
real_same_patient,0,00005528_001.png,clear,00005528_002.png,overexposed,5528,PA
real_same_patient,0,00005528_017.png,clear,00005528_013.png,overexposed,5528,PA
real_same_patient,0,00005528_017.png,clear,00005528_015.png,overexposed,5528,PA
real_same_patient,0,00005538_002.png,clear,00005538_006.png,overexposed,5538,PA
real_same_patient,0,00005543_001.png,clear,00005543_000.png,overexposed,5543,PA
real_same_patient,0,00005553_003.png,clear,00005553_000.png,overexposed,5553,PA
real_same_patient,0,00005553_002.png,clear,00005553_004.png,overexposed,5553,AP
real_same_patient,0,00005556_002.png,clear,00005556_000.png,overexposed,5556,PA
real_same_patient,0,00005556_002.png,clear,00005556_008.png,overexposed,5556,PA
real_same_patient,0,00005566_003.png,clear,00005566_005.png,overexposed,5566,AP
real_same_patient,0,00005566_009.png,clear,00005566_008.png,overexposed,5566,PA
real_same_patient,0,00005569_001.png,clear,00005569_002.png,overexposed,5569,PA
real_same_patient,0,00005573_000.png,clear,00005573_001.png,overexposed,5573,PA
real_same_patient,0,00005584_002.png,clear,00005584_001.png,overexposed,5584,PA
real_same_patient,0,00005593_006.png,clear,00005593_005.png,overexposed,5593,AP
real_same_patient,0,00005599_001.png,clear,00005599_000.png,overexposed,5599,AP
real_same_patient,0,00005609_000.png,clear,00005609_002.png,overexposed,5609,PA
real_same_patient,0,00005609_027.png,clear,00005609_026.png,overexposed,5609,PA
real_same_patient,0,00005609_028.png,clear,00005609_029.png,overexposed,5609,PA
real_same_patient,0,00005612_005.png,clear,00005612_006.png,overexposed,5612,PA
real_same_patient,0,00005612_008.png,clear,00005612_009.png,overexposed,5612,PA
real_same_patient,0,00005626_003.png,clear,00005626_010.png,overexposed,5626,PA
real_same_patient,0,00005631_001.png,clear,00005631_000.png,overexposed,5631,PA
real_same_patient,0,00005646_016.png,clear,00005646_017.png,overexposed,5646,PA
real_same_patient,0,00005653_000.png,clear,00005653_001.png,overexposed,5653,PA
real_same_patient,0,00005653_003.png,clear,00005653_002.png,overexposed,5653,PA
real_same_patient,0,00005657_000.png,clear,00005657_001.png,overexposed,5657,PA
real_same_patient,0,00005663_004.png,clear,00005663_000.png,overexposed,5663,PA
real_same_patient,0,00005663_004.png,clear,00005663_005.png,overexposed,5663,PA
real_same_patient,0,00005663_008.png,clear,00005663_006.png,overexposed,5663,PA
real_same_patient,0,00005663_008.png,clear,00005663_007.png,overexposed,5663,PA
real_same_patient,0,00005674_003.png,clear,00005674_000.png,overexposed,5674,PA
real_same_patient,0,00005674_003.png,clear,00005674_001.png,overexposed,5674,PA
real_same_patient,0,00005674_003.png,clear,00005674_002.png,overexposed,5674,PA
real_same_patient,0,00005674_005.png,clear,00005674_004.png,overexposed,5674,PA
real_same_patient,0,00005681_050.png,clear,00005681_049.png,overexposed,5681,PA
real_same_patient,0,00005681_052.png,clear,00005681_051.png,overexposed,5681,PA
real_same_patient,0,00005682_002.png,clear,00005682_001.png,overexposed,5682,PA
real_same_patient,0,00005699_008.png,clear,00005699_007.png,overexposed,5699,AP
real_same_patient,0,00005722_010.png,clear,00005722_009.png,overexposed,5722,PA
real_same_patient,0,00005726_002.png,clear,00005726_003.png,overexposed,5726,PA
real_same_patient,0,00005741_001.png,clear,00005741_000.png,overexposed,5741,PA
real_same_patient,0,00005742_000.png,clear,00005742_007.png,overexposed,5742,PA
real_same_patient,0,00005746_005.png,clear,00005746_000.png,overexposed,5746,PA
real_same_patient,0,00005748_001.png,clear,00005748_000.png,overexposed,5748,AP
real_same_patient,0,00005759_005.png,clear,00005759_006.png,overexposed,5759,PA
real_same_patient,0,00005762_007.png,clear,00005762_009.png,overexposed,5762,PA
real_same_patient,0,00005762_007.png,clear,00005762_010.png,overexposed,5762,PA
real_same_patient,0,00005762_007.png,clear,00005762_013.png,overexposed,5762,PA
real_same_patient,0,00005772_001.png,clear,00005772_000.png,overexposed,5772,PA
real_same_patient,0,00005773_006.png,clear,00005773_009.png,overexposed,5773,PA
real_same_patient,0,00005773_008.png,clear,00005773_010.png,overexposed,5773,AP
real_same_patient,0,00005773_012.png,clear,00005773_011.png,overexposed,5773,AP
real_same_patient,0,00005777_001.png,clear,00005777_002.png,overexposed,5777,AP
real_same_patient,0,00005778_013.png,clear,00005778_012.png,overexposed,5778,PA
real_same_patient,0,00005797_002.png,clear,00005797_003.png,overexposed,5797,PA
real_same_patient,0,00005798_003.png,clear,00005798_002.png,overexposed,5798,PA
real_same_patient,0,00005809_000.png,clear,00005809_001.png,overexposed,5809,PA
real_same_patient,0,00005811_000.png,clear,00005811_001.png,overexposed,5811,PA
real_same_patient,0,00005811_000.png,clear,00005811_002.png,overexposed,5811,PA
real_same_patient,0,00005814_005.png,clear,00005814_007.png,overexposed,5814,PA
real_same_patient,0,00005838_001.png,clear,00005838_000.png,overexposed,5838,PA
real_same_patient,0,00005843_002.png,clear,00005843_006.png,overexposed,5843,PA
real_same_patient,0,00005845_002.png,clear,00005845_003.png,overexposed,5845,PA
real_same_patient,0,00005850_002.png,clear,00005850_001.png,overexposed,5850,AP
real_same_patient,0,00005864_002.png,clear,00005864_004.png,overexposed,5864,PA
real_same_patient,0,00005881_002.png,clear,00005881_003.png,overexposed,5881,PA
real_same_patient,0,00005895_005.png,clear,00005895_004.png,overexposed,5895,PA
real_same_patient,0,00005895_026.png,clear,00005895_023.png,overexposed,5895,PA
real_same_patient,0,00005899_000.png,clear,00005899_001.png,overexposed,5899,PA
real_same_patient,0,00005919_001.png,clear,00005919_002.png,overexposed,5919,PA
real_same_patient,0,00005935_001.png,clear,00005935_002.png,overexposed,5935,PA
real_same_patient,0,00005935_001.png,clear,00005935_003.png,overexposed,5935,PA
real_same_patient,0,00005935_006.png,clear,00005935_004.png,overexposed,5935,PA
real_same_patient,0,00005935_006.png,clear,00005935_005.png,overexposed,5935,PA
real_same_patient,0,00005936_001.png,clear,00005936_002.png,overexposed,5936,PA
real_same_patient,0,00005936_001.png,clear,00005936_006.png,overexposed,5936,PA
real_same_patient,0,00005936_011.png,clear,00005936_007.png,overexposed,5936,PA
real_same_patient,0,00005936_011.png,clear,00005936_008.png,overexposed,5936,PA
real_same_patient,0,00005936_011.png,clear,00005936_009.png,overexposed,5936,PA
real_same_patient,0,00005939_000.png,clear,00005939_001.png,overexposed,5939,PA
real_same_patient,0,00005939_003.png,clear,00005939_002.png,overexposed,5939,AP
real_same_patient,0,00005962_025.png,clear,00005962_027.png,overexposed,5962,PA
real_same_patient,0,00005964_002.png,clear,00005964_000.png,overexposed,5964,PA
real_same_patient,0,00005964_002.png,clear,00005964_001.png,overexposed,5964,PA
real_same_patient,0,00005986_019.png,clear,00005986_023.png,overexposed,5986,PA
real_same_patient,0,00005993_001.png,clear,00005993_002.png,overexposed,5993,PA
real_same_patient,0,00005993_008.png,clear,00005993_005.png,overexposed,5993,PA
real_same_patient,0,00005995_002.png,clear,00005995_001.png,overexposed,5995,PA
real_same_patient,0,00006003_001.png,clear,00006003_000.png,overexposed,6003,AP
real_same_patient,0,00006006_007.png,clear,00006006_006.png,overexposed,6006,PA
real_same_patient,0,00006008_003.png,clear,00006008_002.png,overexposed,6008,PA
real_same_patient,0,00006013_001.png,clear,00006013_000.png,overexposed,6013,PA
real_same_patient,0,00006015_000.png,clear,00006015_001.png,overexposed,6015,AP
real_same_patient,0,00006015_000.png,clear,00006015_002.png,overexposed,6015,AP
real_same_patient,0,00006015_000.png,clear,00006015_003.png,overexposed,6015,AP
real_same_patient,0,00006024_001.png,clear,00006024_002.png,overexposed,6024,PA
real_same_patient,0,00006024_001.png,clear,00006024_003.png,overexposed,6024,PA
real_same_patient,0,00006024_006.png,clear,00006024_004.png,overexposed,6024,PA
real_same_patient,0,00006024_006.png,clear,00006024_005.png,overexposed,6024,PA
real_same_patient,0,00006024_011.png,clear,00006024_010.png,overexposed,6024,PA
real_same_patient,0,00006035_000.png,clear,00006035_003.png,overexposed,6035,PA
real_same_patient,0,00006035_005.png,clear,00006035_004.png,overexposed,6035,AP
real_same_patient,0,00006038_003.png,clear,00006038_000.png,overexposed,6038,PA
real_same_patient,0,00006038_003.png,clear,00006038_001.png,overexposed,6038,PA
real_same_patient,0,00006038_003.png,clear,00006038_002.png,overexposed,6038,PA
real_same_patient,0,00006046_002.png,clear,00006046_001.png,overexposed,6046,PA
real_same_patient,0,00006051_004.png,clear,00006051_005.png,overexposed,6051,PA
real_same_patient,0,00006051_008.png,clear,00006051_009.png,overexposed,6051,PA
real_same_patient,0,00006072_004.png,clear,00006072_003.png,overexposed,6072,PA
real_same_patient,0,00006102_003.png,clear,00006102_002.png,overexposed,6102,PA
real_same_patient,0,00006102_003.png,clear,00006102_004.png,overexposed,6102,PA
real_same_patient,0,00006102_003.png,clear,00006102_005.png,overexposed,6102,PA
real_same_patient,0,00006102_011.png,clear,00006102_010.png,overexposed,6102,AP
real_same_patient,0,00006102_013.png,clear,00006102_014.png,overexposed,6102,AP
real_same_patient,0,00006113_001.png,clear,00006113_000.png,overexposed,6113,PA
real_same_patient,0,00006113_001.png,clear,00006113_002.png,overexposed,6113,PA
real_same_patient,0,00006115_001.png,clear,00006115_000.png,overexposed,6115,PA
real_same_patient,0,00006116_002.png,clear,00006116_001.png,overexposed,6116,AP
real_same_patient,0,00006116_006.png,clear,00006116_008.png,overexposed,6116,PA
real_same_patient,0,00006142_009.png,clear,00006142_010.png,overexposed,6142,PA
real_same_patient,0,00006162_006.png,clear,00006162_007.png,overexposed,6162,AP
real_same_patient,0,00006170_000.png,clear,00006170_001.png,overexposed,6170,PA
real_same_patient,0,00006180_001.png,clear,00006180_000.png,overexposed,6180,PA
real_same_patient,0,00006182_000.png,clear,00006182_001.png,overexposed,6182,PA
real_same_patient,0,00006186_001.png,clear,00006186_002.png,overexposed,6186,PA
real_same_patient,0,00006189_000.png,clear,00006189_001.png,overexposed,6189,PA
real_same_patient,0,00006189_003.png,clear,00006189_002.png,overexposed,6189,AP
real_same_patient,0,00006199_004.png,clear,00006199_005.png,overexposed,6199,PA
real_same_patient,0,00006202_003.png,clear,00006202_000.png,overexposed,6202,PA
real_same_patient,0,00006209_002.png,clear,00006209_001.png,overexposed,6209,AP
real_same_patient,0,00006214_002.png,clear,00006214_003.png,overexposed,6214,PA
real_same_patient,0,00006214_002.png,clear,00006214_004.png,overexposed,6214,PA
real_same_patient,0,00006214_007.png,clear,00006214_006.png,overexposed,6214,PA
real_same_patient,0,00006215_007.png,clear,00006215_005.png,overexposed,6215,PA
real_same_patient,0,00006215_010.png,clear,00006215_009.png,overexposed,6215,PA
real_same_patient,0,00006215_012.png,clear,00006215_011.png,overexposed,6215,PA
real_same_patient,0,00006220_007.png,clear,00006220_010.png,overexposed,6220,PA
real_same_patient,0,00006230_007.png,clear,00006230_008.png,overexposed,6230,PA
real_same_patient,0,00006230_010.png,clear,00006230_009.png,overexposed,6230,PA
real_same_patient,0,00006232_000.png,clear,00006232_001.png,overexposed,6232,PA
real_same_patient,0,00006233_001.png,clear,00006233_000.png,overexposed,6233,PA
real_same_patient,0,00006242_004.png,clear,00006242_005.png,overexposed,6242,PA
real_same_patient,0,00006245_001.png,clear,00006245_000.png,overexposed,6245,PA
real_same_patient,0,00006254_001.png,clear,00006254_000.png,overexposed,6254,PA
real_same_patient,0,00006256_000.png,clear,00006256_001.png,overexposed,6256,PA
real_same_patient,0,00006273_002.png,clear,00006273_003.png,overexposed,6273,PA
real_same_patient,0,00006273_005.png,clear,00006273_004.png,overexposed,6273,PA
real_same_patient,0,00006294_000.png,clear,00006294_001.png,overexposed,6294,AP
real_same_patient,0,00006294_006.png,clear,00006294_005.png,overexposed,6294,PA
real_same_patient,0,00006297_003.png,clear,00006297_002.png,overexposed,6297,PA
real_same_patient,0,00006299_000.png,clear,00006299_001.png,overexposed,6299,PA
real_same_patient,0,00006299_000.png,clear,00006299_002.png,overexposed,6299,PA
real_same_patient,0,00006304_007.png,clear,00006304_000.png,overexposed,6304,PA
real_same_patient,0,00006317_001.png,clear,00006317_002.png,overexposed,6317,AP
real_same_patient,0,00006325_004.png,clear,00006325_003.png,overexposed,6325,PA
real_same_patient,0,00006325_004.png,clear,00006325_005.png,overexposed,6325,PA
real_same_patient,0,00006325_004.png,clear,00006325_006.png,overexposed,6325,PA
real_same_patient,0,00006325_004.png,clear,00006325_007.png,overexposed,6325,PA
real_same_patient,0,00006326_001.png,clear,00006326_002.png,overexposed,6326,PA
real_same_patient,0,00006327_002.png,clear,00006327_001.png,overexposed,6327,PA
real_same_patient,0,00006329_003.png,clear,00006329_001.png,overexposed,6329,AP
real_same_patient,0,00006329_012.png,clear,00006329_011.png,overexposed,6329,AP
real_same_patient,0,00006330_003.png,clear,00006330_004.png,overexposed,6330,PA
real_same_patient,0,00006330_005.png,clear,00006330_006.png,overexposed,6330,PA
real_same_patient,0,00006330_010.png,clear,00006330_008.png,overexposed,6330,PA
real_same_patient,0,00006330_010.png,clear,00006330_009.png,overexposed,6330,PA
real_same_patient,0,00006332_003.png,clear,00006332_005.png,overexposed,6332,PA
real_same_patient,0,00006336_000.png,clear,00006336_001.png,overexposed,6336,PA
real_same_patient,0,00006336_000.png,clear,00006336_002.png,overexposed,6336,PA
real_same_patient,0,00006336_004.png,clear,00006336_003.png,overexposed,6336,PA
real_same_patient,0,00006355_001.png,clear,00006355_000.png,overexposed,6355,PA
real_same_patient,0,00006355_001.png,clear,00006355_003.png,overexposed,6355,PA
real_same_patient,0,00006355_001.png,clear,00006355_006.png,overexposed,6355,PA
real_same_patient,0,00006361_000.png,clear,00006361_001.png,overexposed,6361,PA
real_same_patient,0,00006381_015.png,clear,00006381_014.png,overexposed,6381,AP
real_same_patient,0,00006381_018.png,clear,00006381_019.png,overexposed,6381,AP
real_same_patient,0,00006383_004.png,clear,00006383_002.png,overexposed,6383,PA
real_same_patient,0,00006383_004.png,clear,00006383_003.png,overexposed,6383,PA
real_same_patient,0,00006386_002.png,clear,00006386_001.png,overexposed,6386,AP
real_same_patient,0,00006387_001.png,clear,00006387_002.png,overexposed,6387,PA
real_same_patient,0,00006393_001.png,clear,00006393_000.png,overexposed,6393,PA
real_same_patient,0,00006393_003.png,clear,00006393_004.png,overexposed,6393,PA
real_same_patient,0,00006393_003.png,clear,00006393_005.png,overexposed,6393,PA
real_same_patient,0,00006411_008.png,clear,00006411_007.png,overexposed,6411,PA
real_same_patient,0,00006411_010.png,clear,00006411_011.png,overexposed,6411,PA
real_same_patient,0,00006425_000.png,clear,00006425_001.png,overexposed,6425,PA
real_same_patient,0,00006425_003.png,clear,00006425_002.png,overexposed,6425,PA
real_same_patient,0,00006425_003.png,clear,00006425_005.png,overexposed,6425,PA
real_same_patient,0,00006431_002.png,clear,00006431_001.png,overexposed,6431,PA
real_same_patient,0,00006444_003.png,clear,00006444_002.png,overexposed,6444,PA
real_same_patient,0,00006444_001.png,clear,00006444_004.png,overexposed,6444,AP
real_same_patient,0,00006444_001.png,clear,00006444_005.png,overexposed,6444,AP
real_same_patient,0,00006444_010.png,clear,00006444_009.png,overexposed,6444,PA
real_same_patient,0,00006444_012.png,clear,00006444_011.png,overexposed,6444,PA
real_same_patient,0,00006444_013.png,clear,00006444_014.png,overexposed,6444,PA
real_same_patient,0,00006444_013.png,clear,00006444_015.png,overexposed,6444,PA
real_same_patient,0,00006444_013.png,clear,00006444_016.png,overexposed,6444,PA
real_same_patient,0,00006451_002.png,clear,00006451_003.png,overexposed,6451,PA
real_same_patient,0,00006452_002.png,clear,00006452_001.png,overexposed,6452,PA
real_same_patient,0,00006452_006.png,clear,00006452_005.png,overexposed,6452,PA
real_same_patient,0,00006455_001.png,clear,00006455_000.png,overexposed,6455,PA
real_same_patient,0,00006462_001.png,clear,00006462_000.png,overexposed,6462,PA
real_same_patient,0,00006467_001.png,clear,00006467_000.png,overexposed,6467,PA
real_same_patient,0,00006469_000.png,clear,00006469_001.png,overexposed,6469,PA
real_same_patient,0,00006469_009.png,clear,00006469_008.png,overexposed,6469,AP
real_same_patient,0,00006477_002.png,clear,00006477_000.png,overexposed,6477,AP
real_same_patient,0,00006480_000.png,clear,00006480_001.png,overexposed,6480,PA
real_same_patient,0,00006480_003.png,clear,00006480_002.png,overexposed,6480,PA
real_same_patient,0,00006481_011.png,clear,00006481_009.png,overexposed,6481,PA
real_same_patient,0,00006481_016.png,clear,00006481_017.png,overexposed,6481,PA
real_same_patient,0,00006492_000.png,clear,00006492_001.png,overexposed,6492,PA
real_same_patient,0,00006492_003.png,clear,00006492_004.png,overexposed,6492,PA
real_same_patient,0,00006497_001.png,clear,00006497_000.png,overexposed,6497,PA
real_same_patient,0,00006497_003.png,clear,00006497_004.png,overexposed,6497,PA
real_same_patient,0,00006499_006.png,clear,00006499_005.png,overexposed,6499,PA
real_same_patient,0,00006500_000.png,clear,00006500_001.png,overexposed,6500,PA
real_same_patient,0,00006500_004.png,clear,00006500_003.png,overexposed,6500,PA
real_same_patient,0,00006500_004.png,clear,00006500_005.png,overexposed,6500,PA
real_same_patient,0,00006500_004.png,clear,00006500_006.png,overexposed,6500,PA
real_same_patient,0,00006502_000.png,clear,00006502_001.png,overexposed,6502,AP
real_same_patient,0,00006510_002.png,clear,00006510_000.png,overexposed,6510,PA
real_same_patient,0,00006514_005.png,clear,00006514_006.png,overexposed,6514,PA
real_same_patient,0,00006519_007.png,clear,00006519_006.png,overexposed,6519,PA
real_same_patient,0,00006519_007.png,clear,00006519_008.png,overexposed,6519,PA
real_same_patient,0,00006519_012.png,clear,00006519_013.png,overexposed,6519,AP
real_same_patient,0,00006519_014.png,clear,00006519_015.png,overexposed,6519,AP
real_same_patient,0,00006519_017.png,clear,00006519_016.png,overexposed,6519,AP
real_same_patient,0,00006519_024.png,clear,00006519_023.png,overexposed,6519,AP
real_same_patient,0,00006519_024.png,clear,00006519_025.png,overexposed,6519,AP
real_same_patient,0,00006529_000.png,clear,00006529_001.png,overexposed,6529,PA
real_same_patient,0,00006538_001.png,clear,00006538_000.png,overexposed,6538,PA
real_same_patient,0,00006547_003.png,clear,00006547_002.png,overexposed,6547,PA
real_same_patient,0,00006549_007.png,clear,00006549_006.png,overexposed,6549,PA
real_same_patient,0,00006551_003.png,clear,00006551_004.png,overexposed,6551,PA
real_same_patient,0,00006551_003.png,clear,00006551_005.png,overexposed,6551,PA
real_same_patient,0,00006553_001.png,clear,00006553_000.png,overexposed,6553,PA
real_same_patient,0,00006553_002.png,clear,00006553_003.png,overexposed,6553,PA
real_same_patient,0,00006583_002.png,clear,00006583_003.png,overexposed,6583,PA
synthetic_overexposure,1,00000005_003.png,clear,,,,
synthetic_overexposure,1,00000011_002.png,clear,,,,
synthetic_overexposure,1,00000034_001.png,clear,,,,
synthetic_overexposure,1,00000040_000.png,clear,,,,
synthetic_overexposure,1,00000041_002.png,clear,,,,
synthetic_overexposure,1,00000047_001.png,clear,,,,
synthetic_overexposure,1,00000050_003.png,clear,,,,
synthetic_overexposure,1,00000052_001.png,clear,,,,
synthetic_overexposure,1,00000054_005.png,clear,,,,
synthetic_overexposure,1,00000057_003.png,clear,,,,
synthetic_overexposure,1,00000061_009.png,clear,,,,
synthetic_overexposure,1,00000073_000.png,clear,,,,
synthetic_overexposure,1,00000073_004.png,clear,,,,
synthetic_overexposure,1,00000079_000.png,clear,,,,
synthetic_overexposure,1,00000086_001.png,clear,,,,
synthetic_overexposure,1,00000091_006.png,clear,,,,
synthetic_overexposure,1,00000093_002.png,clear,,,,
synthetic_overexposure,1,00000100_001.png,clear,,,,
synthetic_overexposure,1,00000105_000.png,clear,,,,
synthetic_overexposure,1,00000105_004.png,clear,,,,
synthetic_overexposure,1,00000112_002.png,clear,,,,
synthetic_overexposure,1,00000118_007.png,clear,,,,
synthetic_overexposure,1,00000121_001.png,clear,,,,
synthetic_overexposure,1,00000131_001.png,clear,,,,
synthetic_overexposure,1,00000135_000.png,clear,,,,
synthetic_overexposure,1,00000138_001.png,clear,,,,
synthetic_overexposure,1,00000139_001.png,clear,,,,
synthetic_overexposure,1,00000144_000.png,clear,,,,
synthetic_overexposure,1,00000147_001.png,clear,,,,
synthetic_overexposure,1,00000151_001.png,clear,,,,
synthetic_overexposure,1,00000176_000.png,clear,,,,
synthetic_overexposure,1,00000177_005.png,clear,,,,
synthetic_overexposure,1,00000184_000.png,clear,,,,
synthetic_overexposure,1,00000187_000.png,clear,,,,
synthetic_overexposure,1,00000187_002.png,clear,,,,
synthetic_overexposure,1,00000190_001.png,clear,,,,
synthetic_overexposure,1,00000190_004.png,clear,,,,
synthetic_overexposure,1,00000194_002.png,clear,,,,
synthetic_overexposure,1,00000200_001.png,clear,,,,
synthetic_overexposure,1,00000213_002.png,clear,,,,
synthetic_overexposure,1,00000238_000.png,clear,,,,
synthetic_overexposure,1,00000238_001.png,clear,,,,
synthetic_overexposure,1,00000246_001.png,clear,,,,
synthetic_overexposure,1,00000246_018.png,clear,,,,
synthetic_overexposure,1,00000250_015.png,clear,,,,
synthetic_overexposure,1,00000265_002.png,clear,,,,
synthetic_overexposure,1,00000273_003.png,clear,,,,
synthetic_overexposure,1,00000278_003.png,clear,,,,
synthetic_overexposure,1,00000278_007.png,clear,,,,
synthetic_overexposure,1,00000278_010.png,clear,,,,
synthetic_overexposure,1,00000281_000.png,clear,,,,
synthetic_overexposure,1,00000289_002.png,clear,,,,
synthetic_overexposure,1,00000296_000.png,clear,,,,
synthetic_overexposure,1,00000301_000.png,clear,,,,
synthetic_overexposure,1,00000310_002.png,clear,,,,
synthetic_overexposure,1,00000311_000.png,clear,,,,
synthetic_overexposure,1,00000317_001.png,clear,,,,
synthetic_overexposure,1,00000322_003.png,clear,,,,
synthetic_overexposure,1,00000322_006.png,clear,,,,
synthetic_overexposure,1,00000322_010.png,clear,,,,
synthetic_overexposure,1,00000324_002.png,clear,,,,
synthetic_overexposure,1,00000332_001.png,clear,,,,
synthetic_overexposure,1,00000340_002.png,clear,,,,
synthetic_overexposure,1,00000341_000.png,clear,,,,
synthetic_overexposure,1,00000348_001.png,clear,,,,
synthetic_overexposure,1,00000362_003.png,clear,,,,
synthetic_overexposure,1,00000376_002.png,clear,,,,
synthetic_overexposure,1,00000376_005.png,clear,,,,
synthetic_overexposure,1,00000376_006.png,clear,,,,
synthetic_overexposure,1,00000376_012.png,clear,,,,
synthetic_overexposure,1,00000383_000.png,clear,,,,
synthetic_overexposure,1,00000398_004.png,clear,,,,
synthetic_overexposure,1,00000406_001.png,clear,,,,
synthetic_overexposure,1,00000412_001.png,clear,,,,
synthetic_overexposure,1,00000412_002.png,clear,,,,
synthetic_overexposure,1,00000416_000.png,clear,,,,
synthetic_overexposure,1,00000416_004.png,clear,,,,
synthetic_overexposure,1,00000430_002.png,clear,,,,
synthetic_overexposure,1,00000431_002.png,clear,,,,
synthetic_overexposure,1,00000438_000.png,clear,,,,
synthetic_overexposure,1,00000442_003.png,clear,,,,
synthetic_overexposure,1,00000448_001.png,clear,,,,
synthetic_overexposure,1,00000449_002.png,clear,,,,
synthetic_overexposure,1,00000461_000.png,clear,,,,
synthetic_overexposure,1,00000464_000.png,clear,,,,
synthetic_overexposure,1,00000481_001.png,clear,,,,
synthetic_overexposure,1,00000484_000.png,clear,,,,
synthetic_overexposure,1,00000498_003.png,clear,,,,
synthetic_overexposure,1,00000502_000.png,clear,,,,
synthetic_overexposure,1,00000524_000.png,clear,,,,
synthetic_overexposure,1,00000524_003.png,clear,,,,
synthetic_overexposure,1,00000543_000.png,clear,,,,
synthetic_overexposure,1,00000545_004.png,clear,,,,
synthetic_overexposure,1,00000547_003.png,clear,,,,
synthetic_overexposure,1,00000548_002.png,clear,,,,
synthetic_overexposure,1,00000560_001.png,clear,,,,
synthetic_overexposure,1,00000566_001.png,clear,,,,
synthetic_overexposure,1,00000572_001.png,clear,,,,
synthetic_overexposure,1,00000577_001.png,clear,,,,
synthetic_overexposure,1,00000578_000.png,clear,,,,
synthetic_overexposure,1,00000580_002.png,clear,,,,
synthetic_overexposure,1,00000583_003.png,clear,,,,
synthetic_overexposure,1,00000583_006.png,clear,,,,
synthetic_overexposure,1,00000583_064.png,clear,,,,
synthetic_overexposure,1,00000584_000.png,clear,,,,
synthetic_overexposure,1,00000591_004.png,clear,,,,
synthetic_overexposure,1,00000591_012.png,clear,,,,
synthetic_overexposure,1,00000595_000.png,clear,,,,
synthetic_overexposure,1,00000621_006.png,clear,,,,
synthetic_overexposure,1,00000626_000.png,clear,,,,
synthetic_overexposure,1,00000627_019.png,clear,,,,
synthetic_overexposure,1,00000627_022.png,clear,,,,
synthetic_overexposure,1,00000632_005.png,clear,,,,
synthetic_overexposure,1,00000634_005.png,clear,,,,
synthetic_overexposure,1,00000659_002.png,clear,,,,
synthetic_overexposure,1,00000661_000.png,clear,,,,
synthetic_overexposure,1,00000683_000.png,clear,,,,
synthetic_overexposure,1,00000683_005.png,clear,,,,
synthetic_overexposure,1,00000693_003.png,clear,,,,
synthetic_overexposure,1,00000697_003.png,clear,,,,
synthetic_overexposure,1,00000701_000.png,clear,,,,
synthetic_overexposure,1,00000733_002.png,clear,,,,
synthetic_overexposure,1,00000741_003.png,clear,,,,
synthetic_overexposure,1,00000742_001.png,clear,,,,
synthetic_overexposure,1,00000744_012.png,clear,,,,
synthetic_overexposure,1,00000745_002.png,clear,,,,
synthetic_overexposure,1,00000756_004.png,clear,,,,
synthetic_overexposure,1,00000764_001.png,clear,,,,
synthetic_overexposure,1,00000771_000.png,clear,,,,
synthetic_overexposure,1,00000773_001.png,clear,,,,
synthetic_overexposure,1,00000777_001.png,clear,,,,
synthetic_overexposure,1,00000781_005.png,clear,,,,
synthetic_overexposure,1,00000782_001.png,clear,,,,
synthetic_overexposure,1,00000787_003.png,clear,,,,
synthetic_overexposure,1,00000790_001.png,clear,,,,
synthetic_overexposure,1,00000791_000.png,clear,,,,
synthetic_overexposure,1,00000802_000.png,clear,,,,
synthetic_overexposure,1,00000809_002.png,clear,,,,
synthetic_overexposure,1,00000816_001.png,clear,,,,
synthetic_overexposure,1,00000820_022.png,clear,,,,
synthetic_overexposure,1,00000825_002.png,clear,,,,
synthetic_overexposure,1,00000825_003.png,clear,,,,
synthetic_overexposure,1,00000827_018.png,clear,,,,
synthetic_overexposure,1,00000833_001.png,clear,,,,
synthetic_overexposure,1,00000834_001.png,clear,,,,
synthetic_overexposure,1,00000841_000.png,clear,,,,
synthetic_overexposure,1,00000847_001.png,clear,,,,
synthetic_overexposure,1,00000853_001.png,clear,,,,
synthetic_overexposure,1,00000861_000.png,clear,,,,
synthetic_overexposure,1,00000864_000.png,clear,,,,
synthetic_overexposure,1,00000865_003.png,clear,,,,
synthetic_overexposure,1,00000865_005.png,clear,,,,
synthetic_overexposure,1,00000865_008.png,clear,,,,
synthetic_overexposure,1,00000869_009.png,clear,,,,
synthetic_overexposure,1,00000872_005.png,clear,,,,
synthetic_overexposure,1,00000894_003.png,clear,,,,
synthetic_overexposure,1,00000897_001.png,clear,,,,
synthetic_overexposure,1,00000900_001.png,clear,,,,
synthetic_overexposure,1,00000901_000.png,clear,,,,
synthetic_overexposure,1,00000902_004.png,clear,,,,
synthetic_overexposure,1,00000914_000.png,clear,,,,
synthetic_overexposure,1,00000914_005.png,clear,,,,
synthetic_overexposure,1,00000927_001.png,clear,,,,
synthetic_overexposure,1,00000928_000.png,clear,,,,
synthetic_overexposure,1,00000929_002.png,clear,,,,
synthetic_overexposure,1,00000935_001.png,clear,,,,
synthetic_overexposure,1,00000957_001.png,clear,,,,
synthetic_overexposure,1,00000962_000.png,clear,,,,
synthetic_overexposure,1,00000973_000.png,clear,,,,
synthetic_overexposure,1,00000976_003.png,clear,,,,
synthetic_overexposure,1,00001001_000.png,clear,,,,
synthetic_overexposure,1,00001003_000.png,clear,,,,
synthetic_overexposure,1,00001006_010.png,clear,,,,
synthetic_overexposure,1,00001019_001.png,clear,,,,
synthetic_overexposure,1,00001019_004.png,clear,,,,
synthetic_overexposure,1,00001020_000.png,clear,,,,
synthetic_overexposure,1,00001025_000.png,clear,,,,
synthetic_overexposure,1,00001027_001.png,clear,,,,
synthetic_overexposure,1,00001043_006.png,clear,,,,
synthetic_overexposure,1,00001045_003.png,clear,,,,
synthetic_overexposure,1,00001047_001.png,clear,,,,
synthetic_overexposure,1,00001048_001.png,clear,,,,
synthetic_overexposure,1,00001052_002.png,clear,,,,
synthetic_overexposure,1,00001055_005.png,clear,,,,
synthetic_overexposure,1,00001059_000.png,clear,,,,
synthetic_overexposure,1,00001061_000.png,clear,,,,
synthetic_overexposure,1,00001070_001.png,clear,,,,
synthetic_overexposure,1,00001075_045.png,clear,,,,
synthetic_overexposure,1,00001078_001.png,clear,,,,
synthetic_overexposure,1,00001084_001.png,clear,,,,
synthetic_overexposure,1,00001088_000.png,clear,,,,
synthetic_overexposure,1,00001088_003.png,clear,,,,
synthetic_overexposure,1,00001089_002.png,clear,,,,
synthetic_overexposure,1,00001101_009.png,clear,,,,
synthetic_overexposure,1,00001104_007.png,clear,,,,
synthetic_overexposure,1,00001104_010.png,clear,,,,
synthetic_overexposure,1,00001107_003.png,clear,,,,
synthetic_overexposure,1,00001108_002.png,clear,,,,
synthetic_overexposure,1,00001109_000.png,clear,,,,
synthetic_overexposure,1,00001119_000.png,clear,,,,
synthetic_overexposure,1,00001121_001.png,clear,,,,
synthetic_overexposure,1,00001147_001.png,clear,,,,
synthetic_overexposure,1,00001153_002.png,clear,,,,
synthetic_overexposure,1,00001157_004.png,clear,,,,
synthetic_overexposure,1,00001158_002.png,clear,,,,
synthetic_overexposure,1,00001161_001.png,clear,,,,
synthetic_overexposure,1,00001165_001.png,clear,,,,
synthetic_overexposure,1,00001169_000.png,clear,,,,
synthetic_overexposure,1,00001170_000.png,clear,,,,
synthetic_overexposure,1,00001182_001.png,clear,,,,
synthetic_overexposure,1,00001182_004.png,clear,,,,
synthetic_overexposure,1,00001182_005.png,clear,,,,
synthetic_overexposure,1,00001182_008.png,clear,,,,
synthetic_overexposure,1,00001182_011.png,clear,,,,
synthetic_overexposure,1,00001194_003.png,clear,,,,
synthetic_overexposure,1,00001200_007.png,clear,,,,
synthetic_overexposure,1,00001200_010.png,clear,,,,
synthetic_overexposure,1,00001200_013.png,clear,,,,
synthetic_overexposure,1,00001220_001.png,clear,,,,
synthetic_overexposure,1,00001222_003.png,clear,,,,
synthetic_overexposure,1,00001222_006.png,clear,,,,
synthetic_overexposure,1,00001225_001.png,clear,,,,
synthetic_overexposure,1,00001232_004.png,clear,,,,
synthetic_overexposure,1,00001243_001.png,clear,,,,
synthetic_overexposure,1,00001247_004.png,clear,,,,
synthetic_overexposure,1,00001247_005.png,clear,,,,
synthetic_overexposure,1,00001249_006.png,clear,,,,
synthetic_overexposure,1,00001255_010.png,clear,,,,
synthetic_overexposure,1,00001256_005.png,clear,,,,
synthetic_overexposure,1,00001267_000.png,clear,,,,
synthetic_overexposure,1,00001268_002.png,clear,,,,
synthetic_overexposure,1,00001270_000.png,clear,,,,
synthetic_overexposure,1,00001274_001.png,clear,,,,
synthetic_overexposure,1,00001284_000.png,clear,,,,
synthetic_overexposure,1,00001296_000.png,clear,,,,
synthetic_overexposure,1,00001298_000.png,clear,,,,
synthetic_overexposure,1,00001304_003.png,clear,,,,
synthetic_overexposure,1,00001305_000.png,clear,,,,
synthetic_overexposure,1,00001308_001.png,clear,,,,
synthetic_overexposure,1,00001309_000.png,clear,,,,
synthetic_overexposure,1,00001323_000.png,clear,,,,
synthetic_overexposure,1,00001323_001.png,clear,,,,
synthetic_overexposure,1,00001333_001.png,clear,,,,
synthetic_overexposure,1,00001334_001.png,clear,,,,
synthetic_overexposure,1,00001335_001.png,clear,,,,
synthetic_overexposure,1,00001335_003.png,clear,,,,
synthetic_overexposure,1,00001344_000.png,clear,,,,
synthetic_overexposure,1,00001365_001.png,clear,,,,
synthetic_overexposure,1,00001367_005.png,clear,,,,
synthetic_overexposure,1,00001367_007.png,clear,,,,
synthetic_overexposure,1,00001371_003.png,clear,,,,
synthetic_overexposure,1,00001371_005.png,clear,,,,
synthetic_overexposure,1,00001373_007.png,clear,,,,
synthetic_overexposure,1,00001385_001.png,clear,,,,
synthetic_overexposure,1,00001385_016.png,clear,,,,
synthetic_overexposure,1,00001389_000.png,clear,,,,
synthetic_overexposure,1,00001397_005.png,clear,,,,
synthetic_overexposure,1,00001397_011.png,clear,,,,
synthetic_overexposure,1,00001409_001.png,clear,,,,
synthetic_overexposure,1,00001409_003.png,clear,,,,
synthetic_overexposure,1,00001409_006.png,clear,,,,
synthetic_overexposure,1,00001410_004.png,clear,,,,
synthetic_overexposure,1,00001421_001.png,clear,,,,
synthetic_overexposure,1,00001426_001.png,clear,,,,
synthetic_overexposure,1,00001429_001.png,clear,,,,
synthetic_overexposure,1,00001433_000.png,clear,,,,
synthetic_overexposure,1,00001433_003 - Copy.png,clear,,,,
synthetic_overexposure,1,00001437_015.png,clear,,,,
synthetic_overexposure,1,00001445_001.png,clear,,,,
synthetic_overexposure,1,00001449_000.png,clear,,,,
synthetic_overexposure,1,00001452_003.png,clear,,,,
synthetic_overexposure,1,00001455_000.png,clear,,,,
synthetic_overexposure,1,00001463_000.png,clear,,,,
synthetic_overexposure,1,00001470_001.png,clear,,,,
synthetic_overexposure,1,00001475_000.png,clear,,,,
synthetic_overexposure,1,00001501_007.png,clear,,,,
synthetic_overexposure,1,00001523_001.png,clear,,,,
synthetic_overexposure,1,00001525_001.png,clear,,,,
synthetic_overexposure,1,00001534_006.png,clear,,,,
synthetic_overexposure,1,00001547_005.png,clear,,,,
synthetic_overexposure,1,00001554_000.png,clear,,,,
synthetic_overexposure,1,00001555_003.png,clear,,,,
synthetic_overexposure,1,00001562_001.png,clear,,,,
synthetic_overexposure,1,00001568_001.png,clear,,,,
synthetic_overexposure,1,00001584_002.png,clear,,,,
synthetic_overexposure,1,00001589_001.png,clear,,,,
synthetic_overexposure,1,00001592_001.png,clear,,,,
synthetic_overexposure,1,00001601_001.png,clear,,,,
synthetic_overexposure,1,00001616_010.png,clear,,,,
synthetic_overexposure,1,00001618_000.png,clear,,,,
synthetic_overexposure,1,00001622_000.png,clear,,,,
synthetic_overexposure,1,00001643_000.png,clear,,,,
synthetic_overexposure,1,00001650_006.png,clear,,,,
synthetic_overexposure,1,00001650_011.png,clear,,,,
synthetic_overexposure,1,00001653_000.png,clear,,,,
synthetic_overexposure,1,00001653_003.png,clear,,,,
synthetic_overexposure,1,00001655_001.png,clear,,,,
synthetic_overexposure,1,00001656_003.png,clear,,,,
synthetic_overexposure,1,00001664_001.png,clear,,,,
synthetic_overexposure,1,00001673_007.png,clear,,,,
synthetic_overexposure,1,00001676_001.png,clear,,,,
synthetic_overexposure,1,00001683_001.png,clear,,,,
synthetic_overexposure,1,00001684_006.png,clear,,,,
synthetic_overexposure,1,00001684_031.png,clear,,,,
synthetic_overexposure,1,00001686_001.png,clear,,,,
synthetic_overexposure,1,00001689_005.png,clear,,,,
synthetic_overexposure,1,00001694_002.png,clear,,,,
synthetic_overexposure,1,00001696_000.png,clear,,,,
synthetic_overexposure,1,00001697_002.png,clear,,,,
synthetic_overexposure,1,00001697_012.png,clear,,,,
synthetic_overexposure,1,00001698_001.png,clear,,,,
synthetic_overexposure,1,00001709_000.png,clear,,,,
synthetic_overexposure,1,00001717_001.png,clear,,,,
synthetic_overexposure,1,00001718_006.png,clear,,,,
synthetic_overexposure,1,00001720_001.png,clear,,,,
synthetic_overexposure,1,00001722_000.png,clear,,,,
synthetic_overexposure,1,00001734_000.png,clear,,,,
synthetic_overexposure,1,00001747_000.png,clear,,,,
synthetic_overexposure,1,00001748_004.png,clear,,,,
synthetic_overexposure,1,00001748_008.png,clear,,,,
synthetic_overexposure,1,00001749_003.png,clear,,,,
synthetic_overexposure,1,00001762_002.png,clear,,,,
synthetic_overexposure,1,00001788_001.png,clear,,,,
synthetic_overexposure,1,00001790_000.png,clear,,,,
synthetic_overexposure,1,00001796_001.png,clear,,,,
synthetic_overexposure,1,00001796_006.png,clear,,,,
synthetic_overexposure,1,00001803_006.png,clear,,,,
synthetic_overexposure,1,00001803_014.png,clear,,,,
synthetic_overexposure,1,00001804_000.png,clear,,,,
synthetic_overexposure,1,00001805_002.png,clear,,,,
synthetic_overexposure,1,00001807_001.png,clear,,,,
synthetic_overexposure,1,00001816_001.png,clear,,,,
synthetic_overexposure,1,00001824_001.png,clear,,,,
synthetic_overexposure,1,00001831_000.png,clear,,,,
synthetic_overexposure,1,00001837_001.png,clear,,,,
synthetic_overexposure,1,00001850_001.png,clear,,,,
synthetic_overexposure,1,00001851_001.png,clear,,,,
synthetic_overexposure,1,00001855_003.png,clear,,,,
synthetic_overexposure,1,00001855_006.png,clear,,,,
synthetic_overexposure,1,00001855_008.png,clear,,,,
synthetic_overexposure,1,00001855_030.png,clear,,,,
synthetic_overexposure,1,00001855_035.png,clear,,,,
synthetic_overexposure,1,00001857_000.png,clear,,,,
synthetic_overexposure,1,00001864_001.png,clear,,,,
synthetic_overexposure,1,00001864_002.png,clear,,,,
synthetic_overexposure,1,00001869_000.png,clear,,,,
synthetic_overexposure,1,00001872_007.png,clear,,,,
synthetic_overexposure,1,00001872_009.png,clear,,,,
synthetic_overexposure,1,00001872_013.png,clear,,,,
synthetic_overexposure,1,00001884_000.png,clear,,,,
synthetic_overexposure,1,00001884_002.png,clear,,,,
synthetic_overexposure,1,00001890_001.png,clear,,,,
synthetic_overexposure,1,00001892_005.png,clear,,,,
synthetic_overexposure,1,00001895_003.png,clear,,,,
synthetic_overexposure,1,00001897_000.png,clear,,,,
synthetic_overexposure,1,00001897_001.png,clear,,,,
synthetic_overexposure,1,00001900_006.png,clear,,,,
synthetic_overexposure,1,00001900_009.png,clear,,,,
synthetic_overexposure,1,00001901_006.png,clear,,,,
synthetic_overexposure,1,00001906_002.png,clear,,,,
synthetic_overexposure,1,00001914_000.png,clear,,,,
synthetic_overexposure,1,00001916_002.png,clear,,,,
synthetic_overexposure,1,00001917_002.png,clear,,,,
synthetic_overexposure,1,00001920_000.png,clear,,,,
synthetic_overexposure,1,00001931_023.png,clear,,,,
synthetic_overexposure,1,00001935_001.png,clear,,,,
synthetic_overexposure,1,00001936_000.png,clear,,,,
synthetic_overexposure,1,00001940_003.png,clear,,,,
synthetic_overexposure,1,00001941_002.png,clear,,,,
synthetic_overexposure,1,00001950_004.png,clear,,,,
synthetic_overexposure,1,00001951_012.png,clear,,,,
synthetic_overexposure,1,00001952_003.png,clear,,,,
synthetic_overexposure,1,00001961_004.png,clear,,,,
synthetic_overexposure,1,00001967_001.png,clear,,,,
synthetic_overexposure,1,00001968_001.png,clear,,,,
synthetic_overexposure,1,00001968_004.png,clear,,,,
synthetic_overexposure,1,00001971_000.png,clear,,,,
synthetic_overexposure,1,00001973_000.png,clear,,,,
synthetic_overexposure,1,00001977_000.png,clear,,,,
synthetic_overexposure,1,00001979_000.png,clear,,,,
synthetic_overexposure,1,00001979_002.png,clear,,,,
synthetic_overexposure,1,00001983_000.png,clear,,,,
synthetic_overexposure,1,00001989_002.png,clear,,,,
synthetic_overexposure,1,00001989_012.png,clear,,,,
synthetic_overexposure,1,00001990_000.png,clear,,,,
synthetic_overexposure,1,00001990_002.png,clear,,,,
synthetic_overexposure,1,00001996_011.png,clear,,,,
synthetic_overexposure,1,00002004_002.png,clear,,,,
synthetic_overexposure,1,00002014_003.png,clear,,,,
synthetic_overexposure,1,00002018_000.png,clear,,,,
synthetic_overexposure,1,00002022_002.png,clear,,,,
synthetic_overexposure,1,00002023_000.png,clear,,,,
synthetic_overexposure,1,00002032_010.png,clear,,,,
synthetic_overexposure,1,00002033_000.png,clear,,,,
synthetic_overexposure,1,00002048_002.png,clear,,,,
synthetic_overexposure,1,00002048_006.png,clear,,,,
synthetic_overexposure,1,00002048_007.png,clear,,,,
synthetic_overexposure,1,00002054_002.png,clear,,,,
synthetic_overexposure,1,00002058_012.png,clear,,,,
synthetic_overexposure,1,00002058_015.png,clear,,,,
synthetic_overexposure,1,00002059_010.png,clear,,,,
synthetic_overexposure,1,00002064_002.png,clear,,,,
synthetic_overexposure,1,00002064_006.png,clear,,,,
synthetic_overexposure,1,00002065_001.png,clear,,,,
synthetic_overexposure,1,00002070_001.png,clear,,,,
synthetic_overexposure,1,00002072_008.png,clear,,,,
synthetic_overexposure,1,00002075_005.png,clear,,,,
synthetic_overexposure,1,00002076_000.png,clear,,,,
synthetic_overexposure,1,00002100_001.png,clear,,,,
synthetic_overexposure,1,00002100_003.png,clear,,,,
synthetic_overexposure,1,00002101_000.png,clear,,,,
synthetic_overexposure,1,00002101_003.png,clear,,,,
synthetic_overexposure,1,00002102_000.png,clear,,,,
synthetic_overexposure,1,00002108_002.png,clear,,,,
synthetic_overexposure,1,00002111_010.png,clear,,,,
synthetic_overexposure,1,00002111_014.png,clear,,,,
synthetic_overexposure,1,00002111_018.png,clear,,,,
synthetic_overexposure,1,00002117_010.png,clear,,,,
synthetic_overexposure,1,00002118_001.png,clear,,,,
synthetic_overexposure,1,00002118_008.png,clear,,,,
synthetic_overexposure,1,00002120_006.png,clear,,,,
synthetic_overexposure,1,00002139_001.png,clear,,,,
synthetic_overexposure,1,00002144_000.png,clear,,,,
synthetic_overexposure,1,00002172_000.png,clear,,,,
synthetic_overexposure,1,00002179_001.png,clear,,,,
synthetic_overexposure,1,00002195_001.png,clear,,,,
synthetic_overexposure,1,00002199_000.png,clear,,,,
synthetic_overexposure,1,00002206_002.png,clear,,,,
synthetic_overexposure,1,00002208_002.png,clear,,,,
synthetic_overexposure,1,00002208_005.png,clear,,,,
synthetic_overexposure,1,00002208_014.png,clear,,,,
synthetic_overexposure,1,00002215_001.png,clear,,,,
synthetic_overexposure,1,00002219_009.png,clear,,,,
synthetic_overexposure,1,00002227_002.png,clear,,,,
synthetic_overexposure,1,00002229_001.png,clear,,,,
synthetic_overexposure,1,00002239_002.png,clear,,,,
synthetic_overexposure,1,00002239_006.png,clear,,,,
synthetic_overexposure,1,00002239_007.png,clear,,,,
synthetic_overexposure,1,00002239_009.png,clear,,,,
synthetic_overexposure,1,00002243_004.png,clear,,,,
synthetic_overexposure,1,00002243_007.png,clear,,,,
synthetic_overexposure,1,00002243_013.png,clear,,,,
synthetic_overexposure,1,00002247_000.png,clear,,,,
synthetic_overexposure,1,00002247_002.png,clear,,,,
synthetic_overexposure,1,00002250_002.png,clear,,,,
synthetic_overexposure,1,00002254_001.png,clear,,,,
synthetic_overexposure,1,00002258_002.png,clear,,,,
synthetic_overexposure,1,00002261_000.png,clear,,,,
synthetic_overexposure,1,00002264_002.png,clear,,,,
synthetic_overexposure,1,00002267_001.png,clear,,,,
synthetic_overexposure,1,00002275_010.png,clear,,,,
synthetic_overexposure,1,00002280_000.png,clear,,,,
synthetic_overexposure,1,00002282_000.png,clear,,,,
synthetic_overexposure,1,00002285_000.png,clear,,,,
synthetic_overexposure,1,00002288_002.png,clear,,,,
synthetic_overexposure,1,00002288_006.png,clear,,,,
synthetic_overexposure,1,00002288_007.png,clear,,,,
synthetic_overexposure,1,00002289_000.png,clear,,,,
synthetic_overexposure,1,00002300_019.png,clear,,,,
synthetic_overexposure,1,00002328_001.png,clear,,,,
synthetic_overexposure,1,00002335_001.png,clear,,,,
synthetic_overexposure,1,00002336_002.png,clear,,,,
synthetic_overexposure,1,00002338_000.png,clear,,,,
synthetic_overexposure,1,00002340_001.png,clear,,,,
synthetic_overexposure,1,00002342_001.png,clear,,,,
synthetic_overexposure,1,00002350_014.png,clear,,,,
synthetic_overexposure,1,00002351_008.png,clear,,,,
synthetic_overexposure,1,00002363_000.png,clear,,,,
synthetic_overexposure,1,00002365_001.png,clear,,,,
synthetic_overexposure,1,00002365_002.png,clear,,,,
synthetic_overexposure,1,00002375_000.png,clear,,,,
synthetic_overexposure,1,00002379_001.png,clear,,,,
synthetic_overexposure,1,00002380_001.png,clear,,,,
synthetic_overexposure,1,00002381_009.png,clear,,,,
synthetic_overexposure,1,00002390_000.png,clear,,,,
synthetic_overexposure,1,00002390_003.png,clear,,,,
synthetic_overexposure,1,00002395_001.png,clear,,,,
synthetic_overexposure,1,00002403_004.png,clear,,,,
synthetic_overexposure,1,00002404_000.png,clear,,,,
synthetic_overexposure,1,00002411_002.png,clear,,,,
synthetic_overexposure,1,00002424_002.png,clear,,,,
synthetic_overexposure,1,00002425_005.png,clear,,,,
synthetic_overexposure,1,00002432_000.png,clear,,,,
synthetic_overexposure,1,00002444_000.png,clear,,,,
synthetic_overexposure,1,00002451_006.png,clear,,,,
synthetic_overexposure,1,00002451_015.png,clear,,,,
synthetic_overexposure,1,00002457_001.png,clear,,,,
synthetic_overexposure,1,00002463_004.png,clear,,,,
synthetic_overexposure,1,00002467_000.png,clear,,,,
synthetic_overexposure,1,00002469_001.png,clear,,,,
synthetic_overexposure,1,00002469_003.png,clear,,,,
synthetic_overexposure,1,00002469_004.png,clear,,,,
synthetic_overexposure,1,00002469_007.png,clear,,,,
synthetic_overexposure,1,00002483_001.png,clear,,,,
synthetic_overexposure,1,00002487_001.png,clear,,,,
synthetic_overexposure,1,00002500_002.png,clear,,,,
synthetic_overexposure,1,00002502_008.png,clear,,,,
synthetic_overexposure,1,00002508_000.png,clear,,,,
synthetic_overexposure,1,00002513_000.png,clear,,,,
synthetic_overexposure,1,00002513_003.png,clear,,,,
synthetic_overexposure,1,00002524_010.png,clear,,,,
synthetic_overexposure,1,00002524_021.png,clear,,,,
synthetic_overexposure,1,00002529_005.png,clear,,,,
synthetic_overexposure,1,00002529_026.png,clear,,,,
synthetic_overexposure,1,00002533_008.png,clear,,,,
synthetic_overexposure,1,00002534_001.png,clear,,,,
synthetic_overexposure,1,00002537_001.png,clear,,,,
synthetic_overexposure,1,00002544_001.png,clear,,,,
synthetic_overexposure,1,00002547_008.png,clear,,,,
synthetic_overexposure,1,00002549_003.png,clear,,,,
synthetic_overexposure,1,00002549_004.png,clear,,,,
synthetic_overexposure,1,00002554_000.png,clear,,,,
synthetic_overexposure,1,00002558_002.png,clear,,,,
synthetic_overexposure,1,00002561_000.png,clear,,,,
synthetic_overexposure,1,00002563_000.png,clear,,,,
synthetic_overexposure,1,00002570_000.png,clear,,,,
synthetic_overexposure,1,00002582_004.png,clear,,,,
synthetic_overexposure,1,00002582_011.png,clear,,,,
synthetic_overexposure,1,00002586_001.png,clear,,,,
synthetic_overexposure,1,00002586_005.png,clear,,,,
synthetic_overexposure,1,00002586_007.png,clear,,,,
synthetic_overexposure,1,00002592_001.png,clear,,,,
synthetic_overexposure,1,00002592_003.png,clear,,,,
synthetic_overexposure,1,00002613_001.png,clear,,,,
synthetic_overexposure,1,00002623_002.png,clear,,,,
synthetic_overexposure,1,00002628_001.png,clear,,,,
synthetic_overexposure,1,00002629_001.png,clear,,,,
synthetic_overexposure,1,00002633_005.png,clear,,,,
synthetic_overexposure,1,00002644_001.png,clear,,,,
synthetic_overexposure,1,00002644_004.png,clear,,,,
synthetic_overexposure,1,00002644_012.png,clear,,,,
synthetic_overexposure,1,00002651_001.png,clear,,,,
synthetic_overexposure,1,00002659_000.png,clear,,,,
synthetic_overexposure,1,00002659_005.png,clear,,,,
synthetic_overexposure,1,00002665_002.png,clear,,,,
synthetic_overexposure,1,00002668_003.png,clear,,,,
synthetic_overexposure,1,00002675_002.png,clear,,,,
synthetic_overexposure,1,00002675_003.png,clear,,,,
synthetic_overexposure,1,00002675_006.png,clear,,,,
synthetic_overexposure,1,00002677_001.png,clear,,,,
synthetic_overexposure,1,00002685_000.png,clear,,,,
synthetic_overexposure,1,00002701_001.png,clear,,,,
synthetic_overexposure,1,00002701_002.png,clear,,,,
synthetic_overexposure,1,00002704_008.png,clear,,,,
synthetic_overexposure,1,00002704_029.png,clear,,,,
synthetic_overexposure,1,00002714_000.png,clear,,,,
synthetic_overexposure,1,00002716_000.png,clear,,,,
synthetic_overexposure,1,00002722_004.png,clear,,,,
synthetic_overexposure,1,00002722_007.png,clear,,,,
synthetic_overexposure,1,00002723_001.png,clear,,,,
synthetic_overexposure,1,00002723_010.png,clear,,,,
synthetic_overexposure,1,00002737_002.png,clear,,,,
synthetic_overexposure,1,00002741_000.png,clear,,,,
synthetic_overexposure,1,00002743_003.png,clear,,,,
synthetic_overexposure,1,00002743_005.png,clear,,,,
synthetic_overexposure,1,00002752_000.png,clear,,,,
synthetic_overexposure,1,00002755_000.png,clear,,,,
synthetic_overexposure,1,00002756_003.png,clear,,,,
synthetic_overexposure,1,00002759_002.png,clear,,,,
synthetic_overexposure,1,00002790_001.png,clear,,,,
synthetic_overexposure,1,00002794_002.png,clear,,,,
synthetic_overexposure,1,00002796_008.png,clear,,,,
synthetic_overexposure,1,00002801_001.png,clear,,,,
synthetic_overexposure,1,00002803_001.png,clear,,,,
synthetic_overexposure,1,00002803_004.png,clear,,,,
synthetic_overexposure,1,00002803_007.png,clear,,,,
synthetic_overexposure,1,00002817_007.png,clear,,,,
synthetic_overexposure,1,00002840_001.png,clear,,,,
synthetic_overexposure,1,00002840_003.png,clear,,,,
synthetic_overexposure,1,00002843_017.png,clear,,,,
synthetic_overexposure,1,00002843_020.png,clear,,,,
synthetic_overexposure,1,00002846_007.png,clear,,,,
synthetic_overexposure,1,00002856_015.png,clear,,,,
synthetic_overexposure,1,00002868_010.png,clear,,,,
synthetic_overexposure,1,00002878_014.png,clear,,,,
synthetic_overexposure,1,00002883_000.png,clear,,,,
synthetic_overexposure,1,00002884_000.png,clear,,,,
synthetic_overexposure,1,00002893_003.png,clear,,,,
synthetic_overexposure,1,00002898_002.png,clear,,,,
synthetic_overexposure,1,00002901_000.png,clear,,,,
synthetic_overexposure,1,00002903_001.png,clear,,,,
synthetic_overexposure,1,00002908_001.png,clear,,,,
synthetic_overexposure,1,00002910_000.png,clear,,,,
synthetic_overexposure,1,00002922_000.png,clear,,,,
synthetic_overexposure,1,00002926_001.png,clear,,,,
synthetic_overexposure,1,00002931_002.png,clear,,,,
synthetic_overexposure,1,00002935_001.png,clear,,,,
synthetic_overexposure,1,00002939_003.png,clear,,,,
synthetic_overexposure,1,00002942_000.png,clear,,,,
synthetic_overexposure,1,00002952_001.png,clear,,,,
synthetic_overexposure,1,00002954_005.png,clear,,,,
synthetic_overexposure,1,00002954_008.png,clear,,,,
synthetic_overexposure,1,00002959_001.png,clear,,,,
synthetic_overexposure,1,00002973_001.png,clear,,,,
synthetic_overexposure,1,00002981_003.png,clear,,,,
synthetic_overexposure,1,00002981_006.png,clear,,,,
synthetic_overexposure,1,00002988_003.png,clear,,,,
synthetic_overexposure,1,00002993_001.png,clear,,,,
synthetic_overexposure,1,00002995_000.png,clear,,,,
synthetic_overexposure,1,00003002_008.png,clear,,,,
synthetic_overexposure,1,00003013_000.png,clear,,,,
synthetic_overexposure,1,00003022_002.png,clear,,,,
synthetic_overexposure,1,00003027_001.png,clear,,,,
synthetic_overexposure,1,00003031_001.png,clear,,,,
synthetic_overexposure,1,00003038_000.png,clear,,,,
synthetic_overexposure,1,00003043_000.png,clear,,,,
synthetic_overexposure,1,00003044_002.png,clear,,,,
synthetic_overexposure,1,00003052_003.png,clear,,,,
synthetic_overexposure,1,00003052_006.png,clear,,,,
synthetic_overexposure,1,00003056_001.png,clear,,,,
synthetic_overexposure,1,00003064_001.png,clear,,,,
synthetic_overexposure,1,00003064_027.png,clear,,,,
synthetic_overexposure,1,00003067_000.png,clear,,,,
synthetic_overexposure,1,00003068_004.png,clear,,,,
synthetic_overexposure,1,00003071_001.png,clear,,,,
synthetic_overexposure,1,00003072_029.png,clear,,,,
synthetic_overexposure,1,00003074_001.png,clear,,,,
synthetic_overexposure,1,00003086_000.png,clear,,,,
synthetic_overexposure,1,00003098_010.png,clear,,,,
synthetic_overexposure,1,00003104_003.png,clear,,,,
synthetic_overexposure,1,00003104_006.png,clear,,,,
synthetic_overexposure,1,00003104_007.png,clear,,,,
synthetic_overexposure,1,00003111_001.png,clear,,,,
synthetic_overexposure,1,00003112_001.png,clear,,,,
synthetic_overexposure,1,00003115_001.png,clear,,,,
synthetic_overexposure,1,00003122_001.png,clear,,,,
synthetic_overexposure,1,00003122_005.png,clear,,,,
synthetic_overexposure,1,00003122_012.png,clear,,,,
synthetic_overexposure,1,00003130_001.png,clear,,,,
synthetic_overexposure,1,00003139_000.png,clear,,,,
synthetic_overexposure,1,00003148_010.png,clear,,,,
synthetic_overexposure,1,00003155_000.png,clear,,,,
synthetic_overexposure,1,00003156_004.png,clear,,,,
synthetic_overexposure,1,00003158_001.png,clear,,,,
synthetic_overexposure,1,00003159_002.png,clear,,,,
synthetic_overexposure,1,00003159_004.png,clear,,,,
synthetic_overexposure,1,00003159_009.png,clear,,,,
synthetic_overexposure,1,00003160_000.png,clear,,,,
synthetic_overexposure,1,00003161_001.png,clear,,,,
synthetic_overexposure,1,00003165_001.png,clear,,,,
synthetic_overexposure,1,00003166_002.png,clear,,,,
synthetic_overexposure,1,00003174_004.png,clear,,,,
synthetic_overexposure,1,00003174_008.png,clear,,,,
synthetic_overexposure,1,00003176_002.png,clear,,,,
synthetic_overexposure,1,00003180_001.png,clear,,,,
synthetic_overexposure,1,00003187_001.png,clear,,,,
synthetic_overexposure,1,00003188_001.png,clear,,,,
synthetic_overexposure,1,00003191_003.png,clear,,,,
synthetic_overexposure,1,00003192_000.png,clear,,,,
synthetic_overexposure,1,00003192_003.png,clear,,,,
synthetic_overexposure,1,00003193_000.png,clear,,,,
synthetic_overexposure,1,00003197_001.png,clear,,,,
synthetic_overexposure,1,00003198_008.png,clear,,,,
synthetic_overexposure,1,00003203_002.png,clear,,,,
synthetic_overexposure,1,00003208_000.png,clear,,,,
synthetic_overexposure,1,00003211_001.png,clear,,,,
synthetic_overexposure,1,00003213_001.png,clear,,,,
synthetic_overexposure,1,00003213_004.png,clear,,,,
synthetic_overexposure,1,00003219_005.png,clear,,,,
synthetic_overexposure,1,00003220_001.png,clear,,,,
synthetic_overexposure,1,00003220_003.png,clear,,,,
synthetic_overexposure,1,00003221_002.png,clear,,,,
synthetic_overexposure,1,00003221_009.png,clear,,,,
synthetic_overexposure,1,00003222_002.png,clear,,,,
synthetic_overexposure,1,00003226_000.png,clear,,,,
synthetic_overexposure,1,00003226_005.png,clear,,,,
synthetic_overexposure,1,00003229_000.png,clear,,,,
synthetic_overexposure,1,00003230_004.png,clear,,,,
synthetic_overexposure,1,00003246_000.png,clear,,,,
synthetic_overexposure,1,00003251_000.png,clear,,,,
synthetic_overexposure,1,00003253_000.png,clear,,,,
synthetic_overexposure,1,00003259_001.png,clear,,,,
synthetic_overexposure,1,00003275_001.png,clear,,,,
synthetic_overexposure,1,00003276_002.png,clear,,,,
synthetic_overexposure,1,00003279_001.png,clear,,,,
synthetic_overexposure,1,00003282_000.png,clear,,,,
synthetic_overexposure,1,00003284_000.png,clear,,,,
synthetic_overexposure,1,00003285_002.png,clear,,,,
synthetic_overexposure,1,00003291_000.png,clear,,,,
synthetic_overexposure,1,00003291_002.png,clear,,,,
synthetic_overexposure,1,00003292_004.png,clear,,,,
synthetic_overexposure,1,00003292_006.png,clear,,,,
synthetic_overexposure,1,00003298_000.png,clear,,,,
synthetic_overexposure,1,00003300_011.png,clear,,,,
synthetic_overexposure,1,00003304_000.png,clear,,,,
synthetic_overexposure,1,00003307_001.png,clear,,,,
synthetic_overexposure,1,00003308_001.png,clear,,,,
synthetic_overexposure,1,00003321_000.png,clear,,,,
synthetic_overexposure,1,00003328_000.png,clear,,,,
synthetic_overexposure,1,00003328_002.png,clear,,,,
synthetic_overexposure,1,00003328_004.png,clear,,,,
synthetic_overexposure,1,00003329_001.png,clear,,,,
synthetic_overexposure,1,00003331_001.png,clear,,,,
synthetic_overexposure,1,00003337_006.png,clear,,,,
synthetic_overexposure,1,00003343_002.png,clear,,,,
synthetic_overexposure,1,00003345_000.png,clear,,,,
synthetic_overexposure,1,00003346_002.png,clear,,,,
synthetic_overexposure,1,00003348_004.png,clear,,,,
synthetic_overexposure,1,00003355_000.png,clear,,,,
synthetic_overexposure,1,00003355_004.png,clear,,,,
synthetic_overexposure,1,00003355_007.png,clear,,,,
synthetic_overexposure,1,00003357_000.png,clear,,,,
synthetic_overexposure,1,00003360_001.png,clear,,,,
synthetic_overexposure,1,00003361_001.png,clear,,,,
synthetic_overexposure,1,00003361_005.png,clear,,,,
synthetic_overexposure,1,00003361_009.png,clear,,,,
synthetic_overexposure,1,00003365_000.png,clear,,,,
synthetic_overexposure,1,00003367_004.png,clear,,,,
synthetic_overexposure,1,00003371_000.png,clear,,,,
synthetic_overexposure,1,00003377_001.png,clear,,,,
synthetic_overexposure,1,00003377_004.png,clear,,,,
synthetic_overexposure,1,00003377_011.png,clear,,,,
synthetic_overexposure,1,00003384_000.png,clear,,,,
synthetic_overexposure,1,00003388_000.png,clear,,,,
synthetic_overexposure,1,00003388_003.png,clear,,,,
synthetic_overexposure,1,00003391_003.png,clear,,,,
synthetic_overexposure,1,00003392_030.png,clear,,,,
synthetic_overexposure,1,00003398_000.png,clear,,,,
synthetic_overexposure,1,00003400_004.png,clear,,,,
synthetic_overexposure,1,00003402_000.png,clear,,,,
synthetic_overexposure,1,00003405_000.png,clear,,,,
synthetic_overexposure,1,00003406_001.png,clear,,,,
synthetic_overexposure,1,00003421_005.png,clear,,,,
synthetic_overexposure,1,00003423_003.png,clear,,,,
synthetic_overexposure,1,00003423_005.png,clear,,,,
synthetic_overexposure,1,00003423_006.png,clear,,,,
synthetic_overexposure,1,00003423_010.png,clear,,,,
synthetic_overexposure,1,00003426_007.png,clear,,,,
synthetic_overexposure,1,00003426_008.png,clear,,,,
synthetic_overexposure,1,00003426_015.png,clear,,,,
synthetic_overexposure,1,00003426_038.png,clear,,,,
synthetic_overexposure,1,00003428_000.png,clear,,,,
synthetic_overexposure,1,00003432_001.png,clear,,,,
synthetic_overexposure,1,00003438_000.png,clear,,,,
synthetic_overexposure,1,00003439_001.png,clear,,,,
synthetic_overexposure,1,00003439_002.png,clear,,,,
synthetic_overexposure,1,00003446_001.png,clear,,,,
synthetic_overexposure,1,00003460_000.png,clear,,,,
synthetic_overexposure,1,00003462_001.png,clear,,,,
synthetic_overexposure,1,00003465_001.png,clear,,,,
synthetic_overexposure,1,00003470_001.png,clear,,,,
synthetic_overexposure,1,00003470_002.png,clear,,,,
synthetic_overexposure,1,00003489_001.png,clear,,,,
synthetic_overexposure,1,00003490_007.png,clear,,,,
synthetic_overexposure,1,00003491_001.png,clear,,,,
synthetic_overexposure,1,00003492_000.png,clear,,,,
synthetic_overexposure,1,00003494_001.png,clear,,,,
synthetic_overexposure,1,00003501_001.png,clear,,,,
synthetic_overexposure,1,00003503_000.png,clear,,,,
synthetic_overexposure,1,00003513_005.png,clear,,,,
synthetic_overexposure,1,00003528_061.png,clear,,,,
synthetic_overexposure,1,00003532_001.png,clear,,,,
synthetic_overexposure,1,00003533_001.png,clear,,,,
synthetic_overexposure,1,00003534_001.png,clear,,,,
synthetic_overexposure,1,00003535_016.png,clear,,,,
synthetic_overexposure,1,00003535_027.png,clear,,,,
synthetic_overexposure,1,00003539_002.png,clear,,,,
synthetic_overexposure,1,00003544_002.png,clear,,,,
synthetic_overexposure,1,00003547_001.png,clear,,,,
synthetic_overexposure,1,00003548_001.png,clear,,,,
synthetic_overexposure,1,00003552_000.png,clear,,,,
synthetic_overexposure,1,00003552_003.png,clear,,,,
synthetic_overexposure,1,00003562_001.png,clear,,,,
synthetic_overexposure,1,00003568_001.png,clear,,,,
synthetic_overexposure,1,00003573_006.png,clear,,,,
synthetic_overexposure,1,00003574_002.png,clear,,,,
synthetic_overexposure,1,00003574_005.png,clear,,,,
synthetic_overexposure,1,00003574_007.png,clear,,,,
synthetic_overexposure,1,00003575_001.png,clear,,,,
synthetic_overexposure,1,00003580_002.png,clear,,,,
synthetic_overexposure,1,00003584_002.png,clear,,,,
synthetic_overexposure,1,00003585_001.png,clear,,,,
synthetic_overexposure,1,00003586_002.png,clear,,,,
synthetic_overexposure,1,00003599_001.png,clear,,,,
synthetic_overexposure,1,00003601_011.png,clear,,,,
synthetic_overexposure,1,00003601_014.png,clear,,,,
synthetic_overexposure,1,00003607_001.png,clear,,,,
synthetic_overexposure,1,00003611_000.png,clear,,,,
synthetic_overexposure,1,00003611_006.png,clear,,,,
synthetic_overexposure,1,00003617_000.png,clear,,,,
synthetic_overexposure,1,00003630_000.png,clear,,,,
synthetic_overexposure,1,00003634_000.png,clear,,,,
synthetic_overexposure,1,00003637_000.png,clear,,,,
synthetic_overexposure,1,00003637_006.png,clear,,,,
synthetic_overexposure,1,00003640_003.png,clear,,,,
synthetic_overexposure,1,00003644_001.png,clear,,,,
synthetic_overexposure,1,00003650_000.png,clear,,,,
synthetic_overexposure,1,00003657_000.png,clear,,,,
synthetic_overexposure,1,00003659_006.png,clear,,,,
synthetic_overexposure,1,00003659_010.png,clear,,,,
synthetic_overexposure,1,00003663_002.png,clear,,,,
synthetic_overexposure,1,00003669_002.png,clear,,,,
synthetic_overexposure,1,00003669_006.png,clear,,,,
synthetic_overexposure,1,00003681_002.png,clear,,,,
synthetic_overexposure,1,00003685_001.png,clear,,,,
synthetic_overexposure,1,00003685_002.png,clear,,,,
synthetic_overexposure,1,00003685_005.png,clear,,,,
synthetic_overexposure,1,00003688_000.png,clear,,,,
synthetic_overexposure,1,00003688_002.png,clear,,,,
synthetic_overexposure,1,00003689_000.png,clear,,,,
synthetic_overexposure,1,00003690_004.png,clear,,,,
synthetic_overexposure,1,00003693_003.png,clear,,,,
synthetic_overexposure,1,00003693_007.png,clear,,,,
synthetic_overexposure,1,00003695_000.png,clear,,,,
synthetic_overexposure,1,00003703_001.png,clear,,,,
synthetic_overexposure,1,00003707_003.png,clear,,,,
synthetic_overexposure,1,00003710_000.png,clear,,,,
synthetic_overexposure,1,00003715_001.png,clear,,,,
synthetic_overexposure,1,00003717_002.png,clear,,,,
synthetic_overexposure,1,00003719_004.png,clear,,,,
synthetic_overexposure,1,00003722_001.png,clear,,,,
synthetic_overexposure,1,00003733_002.png,clear,,,,
synthetic_overexposure,1,00003736_002.png,clear,,,,
synthetic_overexposure,1,00003737_000.png,clear,,,,
synthetic_overexposure,1,00003741_001.png,clear,,,,
synthetic_overexposure,1,00003741_004.png,clear,,,,
synthetic_overexposure,1,00003751_001.png,clear,,,,
synthetic_overexposure,1,00003751_003.png,clear,,,,
synthetic_overexposure,1,00003752_003.png,clear,,,,
synthetic_overexposure,1,00003754_000.png,clear,,,,
synthetic_overexposure,1,00003763_000.png,clear,,,,
synthetic_overexposure,1,00003770_005.png,clear,,,,
synthetic_overexposure,1,00003770_011.png,clear,,,,
synthetic_overexposure,1,00003776_001.png,clear,,,,
synthetic_overexposure,1,00003779_000.png,clear,,,,
synthetic_overexposure,1,00003779_002.png,clear,,,,
synthetic_overexposure,1,00003781_000.png,clear,,,,
synthetic_overexposure,1,00003792_000.png,clear,,,,
synthetic_overexposure,1,00003801_002.png,clear,,,,
synthetic_overexposure,1,00003802_003.png,clear,,,,
synthetic_overexposure,1,00003805_000.png,clear,,,,
synthetic_overexposure,1,00003805_004.png,clear,,,,
synthetic_overexposure,1,00003811_000.png,clear,,,,
synthetic_overexposure,1,00003815_000.png,clear,,,,
synthetic_overexposure,1,00003818_000.png,clear,,,,
synthetic_overexposure,1,00003821_001.png,clear,,,,
synthetic_overexposure,1,00003822_001.png,clear,,,,
synthetic_overexposure,1,00003832_005.png,clear,,,,
synthetic_overexposure,1,00003837_001.png,clear,,,,
synthetic_overexposure,1,00003837_002.png,clear,,,,
synthetic_overexposure,1,00003841_008.png,clear,,,,
synthetic_overexposure,1,00003847_007.png,clear,,,,
synthetic_overexposure,1,00003855_000.png,clear,,,,
synthetic_overexposure,1,00003859_000.png,clear,,,,
synthetic_overexposure,1,00003861_001.png,clear,,,,
synthetic_overexposure,1,00003875_001.png,clear,,,,
synthetic_overexposure,1,00003875_010.png,clear,,,,
synthetic_overexposure,1,00003877_001.png,clear,,,,
synthetic_overexposure,1,00003882_002.png,clear,,,,
synthetic_overexposure,1,00003893_003.png,clear,,,,
synthetic_overexposure,1,00003894_007.png,clear,,,,
synthetic_overexposure,1,00003906_001.png,clear,,,,
synthetic_overexposure,1,00003910_001.png,clear,,,,
synthetic_overexposure,1,00003910_003.png,clear,,,,
synthetic_overexposure,1,00003914_004.png,clear,,,,
synthetic_overexposure,1,00003919_001.png,clear,,,,
synthetic_overexposure,1,00003920_000.png,clear,,,,
synthetic_overexposure,1,00003923_001.png,clear,,,,
synthetic_overexposure,1,00003930_000.png,clear,,,,
synthetic_overexposure,1,00003940_007.png,clear,,,,
synthetic_overexposure,1,00003942_000.png,clear,,,,
synthetic_overexposure,1,00003945_010.png,clear,,,,
synthetic_overexposure,1,00003947_001.png,clear,,,,
synthetic_overexposure,1,00003948_000.png,clear,,,,
synthetic_overexposure,1,00003950_002.png,clear,,,,
synthetic_overexposure,1,00003956_001.png,clear,,,,
synthetic_overexposure,1,00003970_000.png,clear,,,,
synthetic_overexposure,1,00003970_001.png,clear,,,,
synthetic_overexposure,1,00003980_002.png,clear,,,,
synthetic_overexposure,1,00003981_001.png,clear,,,,
synthetic_overexposure,1,00003982_000.png,clear,,,,
synthetic_overexposure,1,00003985_001.png,clear,,,,
synthetic_overexposure,1,00003995_000.png,clear,,,,
synthetic_overexposure,1,00003996_001.png,clear,,,,
synthetic_overexposure,1,00003997_001.png,clear,,,,
synthetic_overexposure,1,00004021_001.png,clear,,,,
synthetic_overexposure,1,00004026_000.png,clear,,,,
synthetic_overexposure,1,00004028_000.png,clear,,,,
synthetic_overexposure,1,00004065_011.png,clear,,,,
synthetic_overexposure,1,00004079_001.png,clear,,,,
synthetic_overexposure,1,00004090_001.png,clear,,,,
synthetic_overexposure,1,00004093_002.png,clear,,,,
synthetic_overexposure,1,00004094_001.png,clear,,,,
synthetic_overexposure,1,00004094_003.png,clear,,,,
synthetic_overexposure,1,00004102_001.png,clear,,,,
synthetic_overexposure,1,00004103_001.png,clear,,,,
synthetic_overexposure,1,00004104_001.png,clear,,,,
synthetic_overexposure,1,00004108_000.png,clear,,,,
synthetic_overexposure,1,00004109_000.png,clear,,,,
synthetic_overexposure,1,00004109_002.png,clear,,,,
synthetic_overexposure,1,00004110_000.png,clear,,,,
synthetic_overexposure,1,00004110_002.png,clear,,,,
synthetic_overexposure,1,00004118_001.png,clear,,,,
synthetic_overexposure,1,00004123_002.png,clear,,,,
synthetic_overexposure,1,00004132_004.png,clear,,,,
synthetic_overexposure,1,00004132_009.png,clear,,,,
synthetic_overexposure,1,00004142_000.png,clear,,,,
synthetic_overexposure,1,00004148_000.png,clear,,,,
synthetic_overexposure,1,00004148_003.png,clear,,,,
synthetic_overexposure,1,00004149_001.png,clear,,,,
synthetic_overexposure,1,00004156_003.png,clear,,,,
synthetic_overexposure,1,00004156_004.png,clear,,,,
synthetic_overexposure,1,00004168_001.png,clear,,,,
synthetic_overexposure,1,00004169_001.png,clear,,,,
synthetic_overexposure,1,00004169_007.png,clear,,,,
synthetic_overexposure,1,00004171_001.png,clear,,,,
synthetic_overexposure,1,00004180_000.png,clear,,,,
synthetic_overexposure,1,00004188_003.png,clear,,,,
synthetic_overexposure,1,00004188_015.png,clear,,,,
synthetic_overexposure,1,00004191_000.png,clear,,,,
synthetic_overexposure,1,00004205_003.png,clear,,,,
synthetic_overexposure,1,00004205_004.png,clear,,,,
synthetic_overexposure,1,00004205_008.png,clear,,,,
synthetic_overexposure,1,00004209_002.png,clear,,,,
synthetic_overexposure,1,00004216_000.png,clear,,,,
synthetic_overexposure,1,00004224_000.png,clear,,,,
synthetic_overexposure,1,00004229_000.png,clear,,,,
synthetic_overexposure,1,00004235_005.png,clear,,,,
synthetic_overexposure,1,00004238_003.png,clear,,,,
synthetic_overexposure,1,00004238_004.png,clear,,,,
synthetic_overexposure,1,00004238_005.png,clear,,,,
synthetic_overexposure,1,00004255_000.png,clear,,,,
synthetic_overexposure,1,00004256_000.png,clear,,,,
synthetic_overexposure,1,00004263_000.png,clear,,,,
synthetic_overexposure,1,00004264_000.png,clear,,,,
synthetic_overexposure,1,00004269_001.png,clear,,,,
synthetic_overexposure,1,00004271_000.png,clear,,,,
synthetic_overexposure,1,00004274_000.png,clear,,,,
synthetic_overexposure,1,00004276_001.png,clear,,,,
synthetic_overexposure,1,00004278_000.png,clear,,,,
synthetic_overexposure,1,00004281_001.png,clear,,,,
synthetic_overexposure,1,00004286_000.png,clear,,,,
synthetic_overexposure,1,00004291_002.png,clear,,,,
synthetic_overexposure,1,00004299_011.png,clear,,,,
synthetic_overexposure,1,00004299_013.png,clear,,,,
synthetic_overexposure,1,00004316_006.png,clear,,,,
synthetic_overexposure,1,00004330_000.png,clear,,,,
synthetic_overexposure,1,00004336_000.png,clear,,,,
synthetic_overexposure,1,00004338_000.png,clear,,,,
synthetic_overexposure,1,00004342_001.png,clear,,,,
synthetic_overexposure,1,00004342_055.png,clear,,,,
synthetic_overexposure,1,00004352_000.png,clear,,,,
synthetic_overexposure,1,00004358_005.png,clear,,,,
synthetic_overexposure,1,00004360_004.png,clear,,,,
synthetic_overexposure,1,00004360_006.png,clear,,,,
synthetic_overexposure,1,00004360_021.png,clear,,,,
synthetic_overexposure,1,00004375_001.png,clear,,,,
synthetic_overexposure,1,00004376_000.png,clear,,,,
synthetic_overexposure,1,00004378_000.png,clear,,,,
synthetic_overexposure,1,00004391_000.png,clear,,,,
synthetic_overexposure,1,00004396_001.png,clear,,,,
synthetic_overexposure,1,00004404_005.png,clear,,,,
synthetic_overexposure,1,00004404_007.png,clear,,,,
synthetic_overexposure,1,00004405_000.png,clear,,,,
synthetic_overexposure,1,00004418_002.png,clear,,,,
synthetic_overexposure,1,00004418_006.png,clear,,,,
synthetic_overexposure,1,00004438_002.png,clear,,,,
synthetic_overexposure,1,00004438_003.png,clear,,,,
synthetic_overexposure,1,00004441_000.png,clear,,,,
synthetic_overexposure,1,00004442_001.png,clear,,,,
synthetic_overexposure,1,00004445_001.png,clear,,,,
synthetic_overexposure,1,00004458_003.png,clear,,,,
synthetic_overexposure,1,00004468_001.png,clear,,,,
synthetic_overexposure,1,00004472_000.png,clear,,,,
synthetic_overexposure,1,00004497_002.png,clear,,,,
synthetic_overexposure,1,00004498_000.png,clear,,,,
synthetic_overexposure,1,00004508_008.png,clear,,,,
synthetic_overexposure,1,00004517_001.png,clear,,,,
synthetic_overexposure,1,00004517_003.png,clear,,,,
synthetic_overexposure,1,00004536_000.png,clear,,,,
synthetic_overexposure,1,00004540_000.png,clear,,,,
synthetic_overexposure,1,00004544_000.png,clear,,,,
synthetic_overexposure,1,00004544_004.png,clear,,,,
synthetic_overexposure,1,00004547_020.png,clear,,,,
synthetic_overexposure,1,00004547_021.png,clear,,,,
synthetic_overexposure,1,00004551_000.png,clear,,,,
synthetic_overexposure,1,00004553_002.png,clear,,,,
synthetic_overexposure,1,00004556_000.png,clear,,,,
synthetic_overexposure,1,00004557_001.png,clear,,,,
synthetic_overexposure,1,00004568_000.png,clear,,,,
synthetic_overexposure,1,00004571_005.png,clear,,,,
synthetic_overexposure,1,00004571_007.png,clear,,,,
synthetic_overexposure,1,00004571_014.png,clear,,,,
synthetic_overexposure,1,00004571_018.png,clear,,,,
synthetic_overexposure,1,00004573_000.png,clear,,,,
synthetic_overexposure,1,00004576_001.png,clear,,,,
synthetic_overexposure,1,00004581_002.png,clear,,,,
synthetic_overexposure,1,00004583_001.png,clear,,,,
synthetic_overexposure,1,00004590_000.png,clear,,,,
synthetic_overexposure,1,00004591_000.png,clear,,,,
synthetic_overexposure,1,00004591_003.png,clear,,,,
synthetic_overexposure,1,00004594_001.png,clear,,,,
synthetic_overexposure,1,00004598_006.png,clear,,,,
synthetic_overexposure,1,00004605_004.png,clear,,,,
synthetic_overexposure,1,00004605_014.png,clear,,,,
synthetic_overexposure,1,00004605_018.png,clear,,,,
synthetic_overexposure,1,00004610_000.png,clear,,,,
synthetic_overexposure,1,00004612_001.png,clear,,,,
synthetic_overexposure,1,00004614_000.png,clear,,,,
synthetic_overexposure,1,00004632_000.png,clear,,,,
synthetic_overexposure,1,00004634_002.png,clear,,,,
synthetic_overexposure,1,00004640_000.png,clear,,,,
synthetic_overexposure,1,00004646_002.png,clear,,,,
synthetic_overexposure,1,00004649_001.png,clear,,,,
synthetic_overexposure,1,00004652_005.png,clear,,,,
synthetic_overexposure,1,00004665_003.png,clear,,,,
synthetic_overexposure,1,00004669_001.png,clear,,,,
synthetic_overexposure,1,00004674_003.png,clear,,,,
synthetic_overexposure,1,00004687_000.png,clear,,,,
synthetic_overexposure,1,00004689_000.png,clear,,,,
synthetic_overexposure,1,00004698_001.png,clear,,,,
synthetic_overexposure,1,00004699_000.png,clear,,,,
synthetic_overexposure,1,00004724_008.png,clear,,,,
synthetic_overexposure,1,00004727_003.png,clear,,,,
synthetic_overexposure,1,00004730_000.png,clear,,,,
synthetic_overexposure,1,00004737_012.png,clear,,,,
synthetic_overexposure,1,00004748_000.png,clear,,,,
synthetic_overexposure,1,00004749_001.png,clear,,,,
synthetic_overexposure,1,00004761_002.png,clear,,,,
synthetic_overexposure,1,00004773_001.png,clear,,,,
synthetic_overexposure,1,00004776_000.png,clear,,,,
synthetic_overexposure,1,00004800_003.png,clear,,,,
synthetic_overexposure,1,00004808_001.png,clear,,,,
synthetic_overexposure,1,00004808_007.png,clear,,,,
synthetic_overexposure,1,00004808_008.png,clear,,,,
synthetic_overexposure,1,00004808_073.png,clear,,,,
synthetic_overexposure,1,00004809_001.png,clear,,,,
synthetic_overexposure,1,00004817_000.png,clear,,,,
synthetic_overexposure,1,00004819_001.png,clear,,,,
synthetic_overexposure,1,00004845_000.png,clear,,,,
synthetic_overexposure,1,00004848_001.png,clear,,,,
synthetic_overexposure,1,00004853_000.png,clear,,,,
synthetic_overexposure,1,00004857_011.png,clear,,,,
synthetic_overexposure,1,00004857_035.png,clear,,,,
synthetic_overexposure,1,00004868_001.png,clear,,,,
synthetic_overexposure,1,00004877_001.png,clear,,,,
synthetic_overexposure,1,00004879_000.png,clear,,,,
synthetic_overexposure,1,00004881_002.png,clear,,,,
synthetic_overexposure,1,00004881_004.png,clear,,,,
synthetic_overexposure,1,00004883_002.png,clear,,,,
synthetic_overexposure,1,00004893_073.png,clear,,,,
synthetic_overexposure,1,00004900_001.png,clear,,,,
synthetic_overexposure,1,00004917_000.png,clear,,,,
synthetic_overexposure,1,00004919_001.png,clear,,,,
synthetic_overexposure,1,00004922_002.png,clear,,,,
synthetic_overexposure,1,00004922_004.png,clear,,,,
synthetic_overexposure,1,00004925_000.png,clear,,,,
synthetic_overexposure,1,00004925_004.png,clear,,,,
synthetic_overexposure,1,00004931_019.png,clear,,,,
synthetic_overexposure,1,00004932_000.png,clear,,,,
synthetic_overexposure,1,00004935_002.png,clear,,,,
synthetic_overexposure,1,00004936_001.png,clear,,,,
synthetic_overexposure,1,00004937_002.png,clear,,,,
synthetic_overexposure,1,00004939_000.png,clear,,,,
synthetic_overexposure,1,00004946_001.png,clear,,,,
synthetic_overexposure,1,00004955_001.png,clear,,,,
synthetic_overexposure,1,00004957_003.png,clear,,,,
synthetic_overexposure,1,00004958_000.png,clear,,,,
synthetic_overexposure,1,00004965_000.png,clear,,,,
synthetic_overexposure,1,00004976_003.png,clear,,,,
synthetic_overexposure,1,00004990_002.png,clear,,,,
synthetic_overexposure,1,00004992_002.png,clear,,,,
synthetic_overexposure,1,00004998_001.png,clear,,,,
synthetic_overexposure,1,00005002_000.png,clear,,,,
synthetic_overexposure,1,00005003_001.png,clear,,,,
synthetic_overexposure,1,00005015_002.png,clear,,,,
synthetic_overexposure,1,00005019_002.png,clear,,,,
synthetic_overexposure,1,00005020_001.png,clear,,,,
synthetic_overexposure,1,00005022_002.png,clear,,,,
synthetic_overexposure,1,00005024_000.png,clear,,,,
synthetic_overexposure,1,00005026_012.png,clear,,,,
synthetic_overexposure,1,00005027_001.png,clear,,,,
synthetic_overexposure,1,00005033_000.png,clear,,,,
synthetic_overexposure,1,00005037_001.png,clear,,,,
synthetic_overexposure,1,00005040_000.png,clear,,,,
synthetic_overexposure,1,00005046_000.png,clear,,,,
synthetic_overexposure,1,00005053_001.png,clear,,,,
synthetic_overexposure,1,00005065_000.png,clear,,,,
synthetic_overexposure,1,00005066_029.png,clear,,,,
synthetic_overexposure,1,00005067_005.png,clear,,,,
synthetic_overexposure,1,00005068_000.png,clear,,,,
synthetic_overexposure,1,00005069_025.png,clear,,,,
synthetic_overexposure,1,00005073_002.png,clear,,,,
synthetic_overexposure,1,00005079_012.png,clear,,,,
synthetic_overexposure,1,00005079_014.png,clear,,,,
synthetic_overexposure,1,00005081_003.png,clear,,,,
synthetic_overexposure,1,00005089_017.png,clear,,,,
synthetic_overexposure,1,00005099_005.png,clear,,,,
synthetic_overexposure,1,00005117_000.png,clear,,,,
synthetic_overexposure,1,00005128_004.png,clear,,,,
synthetic_overexposure,1,00005130_000.png,clear,,,,
synthetic_overexposure,1,00005136_000.png,clear,,,,
synthetic_overexposure,1,00005137_000.png,clear,,,,
synthetic_overexposure,1,00005140_015.png,clear,,,,
synthetic_overexposure,1,00005146_000.png,clear,,,,
synthetic_overexposure,1,00005150_001.png,clear,,,,
synthetic_overexposure,1,00005155_003.png,clear,,,,
synthetic_overexposure,1,00005171_000.png,clear,,,,
synthetic_overexposure,1,00005176_006.png,clear,,,,
synthetic_overexposure,1,00005176_011.png,clear,,,,
synthetic_overexposure,1,00005176_014.png,clear,,,,
synthetic_overexposure,1,00005177_001.png,clear,,,,
synthetic_overexposure,1,00005179_001.png,clear,,,,
synthetic_overexposure,1,00005191_004.png,clear,,,,
synthetic_overexposure,1,00005201_008.png,clear,,,,
synthetic_overexposure,1,00005206_004.png,clear,,,,
synthetic_overexposure,1,00005218_019.png,clear,,,,
synthetic_overexposure,1,00005228_002.png,clear,,,,
synthetic_overexposure,1,00005252_001.png,clear,,,,
synthetic_overexposure,1,00005273_001.png,clear,,,,
synthetic_overexposure,1,00005274_005.png,clear,,,,
synthetic_overexposure,1,00005274_008.png,clear,,,,
synthetic_overexposure,1,00005291_000.png,clear,,,,
synthetic_overexposure,1,00005308_001.png,clear,,,,
synthetic_overexposure,1,00005308_005.png,clear,,,,
synthetic_overexposure,1,00005335_002.png,clear,,,,
synthetic_overexposure,1,00005338_000.png,clear,,,,
synthetic_overexposure,1,00005348_000.png,clear,,,,
synthetic_overexposure,1,00005348_002.png,clear,,,,
synthetic_overexposure,1,00005348_012.png,clear,,,,
synthetic_overexposure,1,00005354_000.png,clear,,,,
synthetic_overexposure,1,00005356_000.png,clear,,,,
synthetic_overexposure,1,00005357_000.png,clear,,,,
synthetic_overexposure,1,00005360_001.png,clear,,,,
synthetic_overexposure,1,00005363_000.png,clear,,,,
synthetic_overexposure,1,00005363_002.png,clear,,,,
synthetic_overexposure,1,00005365_006.png,clear,,,,
synthetic_overexposure,1,00005365_009.png,clear,,,,
synthetic_overexposure,1,00005369_003.png,clear,,,,
synthetic_overexposure,1,00005378_002.png,clear,,,,
synthetic_overexposure,1,00005382_000.png,clear,,,,
synthetic_overexposure,1,00005386_000.png,clear,,,,
synthetic_overexposure,1,00005388_004.png,clear,,,,
synthetic_overexposure,1,00005393_000.png,clear,,,,
synthetic_overexposure,1,00005395_011.png,clear,,,,
synthetic_overexposure,1,00005399_001.png,clear,,,,
synthetic_overexposure,1,00005418_004.png,clear,,,,
synthetic_overexposure,1,00005418_017.png,clear,,,,
synthetic_overexposure,1,00005422_000.png,clear,,,,
synthetic_overexposure,1,00005424_001.png,clear,,,,
synthetic_overexposure,1,00005434_001.png,clear,,,,
synthetic_overexposure,1,00005434_003.png,clear,,,,
synthetic_overexposure,1,00005447_000.png,clear,,,,
synthetic_overexposure,1,00005448_008.png,clear,,,,
synthetic_overexposure,1,00005448_022.png,clear,,,,
synthetic_overexposure,1,00005454_001.png,clear,,,,
synthetic_overexposure,1,00005465_001.png,clear,,,,
synthetic_overexposure,1,00005470_001.png,clear,,,,
synthetic_overexposure,1,00005476_001.png,clear,,,,
synthetic_overexposure,1,00005479_000.png,clear,,,,
synthetic_overexposure,1,00005486_001.png,clear,,,,
synthetic_overexposure,1,00005486_003.png,clear,,,,
synthetic_overexposure,1,00005495_002.png,clear,,,,
synthetic_overexposure,1,00005512_003.png,clear,,,,
synthetic_overexposure,1,00005515_004.png,clear,,,,
synthetic_overexposure,1,00005518_000.png,clear,,,,
synthetic_overexposure,1,00005520_003.png,clear,,,,
synthetic_overexposure,1,00005523_001.png,clear,,,,
synthetic_overexposure,1,00005526_000.png,clear,,,,
synthetic_overexposure,1,00005528_001.png,clear,,,,
synthetic_overexposure,1,00005528_017.png,clear,,,,
synthetic_overexposure,1,00005538_002.png,clear,,,,
synthetic_overexposure,1,00005543_001.png,clear,,,,
synthetic_overexposure,1,00005553_002.png,clear,,,,
synthetic_overexposure,1,00005553_003.png,clear,,,,
synthetic_overexposure,1,00005556_002.png,clear,,,,
synthetic_overexposure,1,00005558_000.png,clear,,,,
synthetic_overexposure,1,00005566_003.png,clear,,,,
synthetic_overexposure,1,00005566_009.png,clear,,,,
synthetic_overexposure,1,00005569_001.png,clear,,,,
synthetic_overexposure,1,00005572_000.png,clear,,,,
synthetic_overexposure,1,00005573_000.png,clear,,,,
synthetic_overexposure,1,00005584_002.png,clear,,,,
synthetic_overexposure,1,00005593_006.png,clear,,,,
synthetic_overexposure,1,00005599_001.png,clear,,,,
synthetic_overexposure,1,00005600_001.png,clear,,,,
synthetic_overexposure,1,00005600_008.png,clear,,,,
synthetic_overexposure,1,00005609_000.png,clear,,,,
synthetic_overexposure,1,00005609_027.png,clear,,,,
synthetic_overexposure,1,00005609_028.png,clear,,,,
synthetic_overexposure,1,00005612_005.png,clear,,,,
synthetic_overexposure,1,00005612_008.png,clear,,,,
synthetic_overexposure,1,00005620_000.png,clear,,,,
synthetic_overexposure,1,00005626_000.png,clear,,,,
synthetic_overexposure,1,00005626_001.png,clear,,,,
synthetic_overexposure,1,00005626_003.png,clear,,,,
synthetic_overexposure,1,00005631_001.png,clear,,,,
synthetic_overexposure,1,00005646_016.png,clear,,,,
synthetic_overexposure,1,00005653_000.png,clear,,,,
synthetic_overexposure,1,00005653_003.png,clear,,,,
synthetic_overexposure,1,00005657_000.png,clear,,,,
synthetic_overexposure,1,00005660_001.png,clear,,,,
synthetic_overexposure,1,00005663_004.png,clear,,,,
synthetic_overexposure,1,00005663_008.png,clear,,,,
synthetic_overexposure,1,00005673_000.png,clear,,,,
synthetic_overexposure,1,00005673_002.png,clear,,,,
synthetic_overexposure,1,00005674_003.png,clear,,,,
synthetic_overexposure,1,00005674_005.png,clear,,,,
synthetic_overexposure,1,00005680_000.png,clear,,,,
synthetic_overexposure,1,00005681_045.png,clear,,,,
synthetic_overexposure,1,00005681_050.png,clear,,,,
synthetic_overexposure,1,00005681_052.png,clear,,,,
synthetic_overexposure,1,00005682_002.png,clear,,,,
synthetic_overexposure,1,00005698_000.png,clear,,,,
synthetic_overexposure,1,00005699_008.png,clear,,,,
synthetic_overexposure,1,00005714_000.png,clear,,,,
synthetic_overexposure,1,00005722_006.png,clear,,,,
synthetic_overexposure,1,00005722_008.png,clear,,,,
synthetic_overexposure,1,00005722_010.png,clear,,,,
synthetic_overexposure,1,00005726_002.png,clear,,,,
synthetic_overexposure,1,00005741_001.png,clear,,,,
synthetic_overexposure,1,00005742_000.png,clear,,,,
synthetic_overexposure,1,00005746_005.png,clear,,,,
synthetic_overexposure,1,00005747_000.png,clear,,,,
synthetic_overexposure,1,00005748_001.png,clear,,,,
synthetic_overexposure,1,00005750_020.png,clear,,,,
synthetic_overexposure,1,00005759_005.png,clear,,,,
synthetic_overexposure,1,00005762_007.png,clear,,,,
synthetic_overexposure,1,00005772_001.png,clear,,,,
synthetic_overexposure,1,00005773_006.png,clear,,,,
synthetic_overexposure,1,00005773_008.png,clear,,,,
synthetic_overexposure,1,00005773_012.png,clear,,,,
synthetic_overexposure,1,00005777_001.png,clear,,,,
synthetic_overexposure,1,00005778_013.png,clear,,,,
synthetic_overexposure,1,00005789_000.png,clear,,,,
synthetic_overexposure,1,00005791_000.png,clear,,,,
synthetic_overexposure,1,00005797_002.png,clear,,,,
synthetic_overexposure,1,00005798_003.png,clear,,,,
synthetic_overexposure,1,00005809_000.png,clear,,,,
synthetic_overexposure,1,00005811_000.png,clear,,,,
synthetic_overexposure,1,00005813_000.png,clear,,,,
synthetic_overexposure,1,00005814_005.png,clear,,,,
synthetic_overexposure,1,00005826_000.png,clear,,,,
synthetic_overexposure,1,00005838_001.png,clear,,,,
synthetic_overexposure,1,00005843_002.png,clear,,,,
synthetic_overexposure,1,00005845_002.png,clear,,,,
synthetic_overexposure,1,00005847_001.png,clear,,,,
synthetic_overexposure,1,00005850_002.png,clear,,,,
synthetic_overexposure,1,00005864_002.png,clear,,,,
synthetic_overexposure,1,00005872_000.png,clear,,,,
synthetic_overexposure,1,00005881_002.png,clear,,,,
synthetic_overexposure,1,00005895_005.png,clear,,,,
synthetic_overexposure,1,00005895_026.png,clear,,,,
synthetic_overexposure,1,00005899_000.png,clear,,,,
synthetic_overexposure,1,00005903_000.png,clear,,,,
synthetic_overexposure,1,00005905_001.png,clear,,,,
synthetic_overexposure,1,00005907_000.png,clear,,,,
synthetic_overexposure,1,00005913_000.png,clear,,,,
synthetic_overexposure,1,00005919_001.png,clear,,,,
synthetic_overexposure,1,00005935_001.png,clear,,,,
synthetic_overexposure,1,00005935_006.png,clear,,,,
synthetic_overexposure,1,00005936_001.png,clear,,,,
synthetic_overexposure,1,00005936_011.png,clear,,,,
synthetic_overexposure,1,00005939_000.png,clear,,,,
synthetic_overexposure,1,00005939_003.png,clear,,,,
synthetic_overexposure,1,00005962_025.png,clear,,,,
synthetic_overexposure,1,00005964_002.png,clear,,,,
synthetic_overexposure,1,00005986_019.png,clear,,,,
synthetic_overexposure,1,00005993_001.png,clear,,,,
synthetic_overexposure,1,00005993_008.png,clear,,,,
synthetic_overexposure,1,00005995_002.png,clear,,,,
synthetic_overexposure,1,00006002_000.png,clear,,,,
synthetic_overexposure,1,00006003_001.png,clear,,,,
synthetic_overexposure,1,00006006_007.png,clear,,,,
synthetic_overexposure,1,00006008_003.png,clear,,,,
synthetic_overexposure,1,00006013_001.png,clear,,,,
synthetic_overexposure,1,00006015_000.png,clear,,,,
synthetic_overexposure,1,00006024_001.png,clear,,,,
synthetic_overexposure,1,00006024_006.png,clear,,,,
synthetic_overexposure,1,00006024_011.png,clear,,,,
synthetic_overexposure,1,00006035_000.png,clear,,,,
synthetic_overexposure,1,00006035_005.png,clear,,,,
synthetic_overexposure,1,00006038_003.png,clear,,,,
synthetic_overexposure,1,00006041_006.png,clear,,,,
synthetic_overexposure,1,00006046_002.png,clear,,,,
synthetic_overexposure,1,00006051_004.png,clear,,,,
synthetic_overexposure,1,00006051_008.png,clear,,,,
synthetic_overexposure,1,00006054_001.png,clear,,,,
synthetic_overexposure,1,00006072_004.png,clear,,,,
synthetic_overexposure,1,00006074_000.png,clear,,,,
synthetic_overexposure,1,00006086_002.png,clear,,,,
synthetic_overexposure,1,00006102_003.png,clear,,,,
synthetic_overexposure,1,00006102_011.png,clear,,,,
synthetic_overexposure,1,00006102_013.png,clear,,,,
synthetic_overexposure,1,00006109_001.png,clear,,,,
synthetic_overexposure,1,00006111_001.png,clear,,,,
synthetic_overexposure,1,00006113_001.png,clear,,,,
synthetic_overexposure,1,00006115_001.png,clear,,,,
synthetic_overexposure,1,00006116_002.png,clear,,,,
synthetic_overexposure,1,00006116_006.png,clear,,,,
synthetic_overexposure,1,00006122_000.png,clear,,,,
synthetic_overexposure,1,00006142_003.png,clear,,,,
synthetic_overexposure,1,00006142_006.png,clear,,,,
synthetic_overexposure,1,00006142_009.png,clear,,,,
synthetic_overexposure,1,00006147_000.png,clear,,,,
synthetic_overexposure,1,00006162_006.png,clear,,,,
synthetic_overexposure,1,00006162_010.png,clear,,,,
synthetic_overexposure,1,00006170_000.png,clear,,,,
synthetic_overexposure,1,00006180_001.png,clear,,,,
synthetic_overexposure,1,00006182_000.png,clear,,,,
synthetic_overexposure,1,00006186_001.png,clear,,,,
synthetic_overexposure,1,00006189_000.png,clear,,,,
synthetic_overexposure,1,00006189_003.png,clear,,,,
synthetic_overexposure,1,00006195_004.png,clear,,,,
synthetic_overexposure,1,00006199_004.png,clear,,,,
synthetic_overexposure,1,00006199_015.png,clear,,,,
synthetic_overexposure,1,00006199_016.png,clear,,,,
synthetic_overexposure,1,00006200_000.png,clear,,,,
synthetic_overexposure,1,00006202_003.png,clear,,,,
synthetic_overexposure,1,00006209_000.png,clear,,,,
synthetic_overexposure,1,00006209_002.png,clear,,,,
synthetic_overexposure,1,00006214_002.png,clear,,,,
synthetic_overexposure,1,00006214_007.png,clear,,,,
synthetic_overexposure,1,00006215_007.png,clear,,,,
synthetic_overexposure,1,00006215_010.png,clear,,,,
synthetic_overexposure,1,00006215_012.png,clear,,,,
synthetic_overexposure,1,00006220_007.png,clear,,,,
synthetic_overexposure,1,00006229_000.png,clear,,,,
synthetic_overexposure,1,00006230_007.png,clear,,,,
synthetic_overexposure,1,00006230_010.png,clear,,,,
synthetic_overexposure,1,00006232_000.png,clear,,,,
synthetic_overexposure,1,00006233_001.png,clear,,,,
synthetic_overexposure,1,00006240_000.png,clear,,,,
synthetic_overexposure,1,00006242_004.png,clear,,,,
synthetic_overexposure,1,00006245_001.png,clear,,,,
synthetic_overexposure,1,00006254_001.png,clear,,,,
synthetic_overexposure,1,00006255_002.png,clear,,,,
synthetic_overexposure,1,00006256_000.png,clear,,,,
synthetic_overexposure,1,00006270_004.png,clear,,,,
synthetic_overexposure,1,00006273_002.png,clear,,,,
synthetic_overexposure,1,00006273_005.png,clear,,,,
synthetic_overexposure,1,00006278_000.png,clear,,,,
synthetic_overexposure,1,00006282_005.png,clear,,,,
synthetic_overexposure,1,00006289_000.png,clear,,,,
synthetic_overexposure,1,00006289_003.png,clear,,,,
synthetic_overexposure,1,00006294_000.png,clear,,,,
synthetic_overexposure,1,00006294_006.png,clear,,,,
synthetic_overexposure,1,00006296_013.png,clear,,,,
synthetic_overexposure,1,00006297_003.png,clear,,,,
synthetic_overexposure,1,00006299_000.png,clear,,,,
synthetic_overexposure,1,00006300_000.png,clear,,,,
synthetic_overexposure,1,00006304_007.png,clear,,,,
synthetic_overexposure,1,00006315_008.png,clear,,,,
synthetic_overexposure,1,00006317_001.png,clear,,,,
synthetic_overexposure,1,00006325_004.png,clear,,,,
synthetic_overexposure,1,00006326_001.png,clear,,,,
synthetic_overexposure,1,00006327_002.png,clear,,,,
synthetic_overexposure,1,00006329_003.png,clear,,,,
synthetic_overexposure,1,00006329_012.png,clear,,,,
synthetic_overexposure,1,00006330_003.png,clear,,,,
synthetic_overexposure,1,00006330_005.png,clear,,,,
synthetic_overexposure,1,00006330_010.png,clear,,,,
synthetic_overexposure,1,00006332_000.png,clear,,,,
synthetic_overexposure,1,00006332_003.png,clear,,,,
synthetic_overexposure,1,00006336_000.png,clear,,,,
synthetic_overexposure,1,00006336_004.png,clear,,,,
synthetic_overexposure,1,00006341_000.png,clear,,,,
synthetic_overexposure,1,00006346_001.png,clear,,,,
synthetic_overexposure,1,00006355_001.png,clear,,,,
synthetic_overexposure,1,00006361_000.png,clear,,,,
synthetic_overexposure,1,00006362_001.png,clear,,,,
synthetic_overexposure,1,00006381_000.png,clear,,,,
synthetic_overexposure,1,00006381_015.png,clear,,,,
synthetic_overexposure,1,00006381_018.png,clear,,,,
synthetic_overexposure,1,00006383_004.png,clear,,,,
synthetic_overexposure,1,00006383_010.png,clear,,,,
synthetic_overexposure,1,00006386_002.png,clear,,,,
synthetic_overexposure,1,00006387_001.png,clear,,,,
synthetic_overexposure,1,00006391_004.png,clear,,,,
synthetic_overexposure,1,00006393_001.png,clear,,,,
synthetic_overexposure,1,00006393_003.png,clear,,,,
synthetic_overexposure,1,00006411_008.png,clear,,,,
synthetic_overexposure,1,00006411_010.png,clear,,,,
synthetic_overexposure,1,00006422_001.png,clear,,,,
synthetic_overexposure,1,00006425_000.png,clear,,,,
synthetic_overexposure,1,00006425_003.png,clear,,,,
synthetic_overexposure,1,00006431_002.png,clear,,,,
synthetic_overexposure,1,00006444_001.png,clear,,,,
synthetic_overexposure,1,00006444_003.png,clear,,,,
synthetic_overexposure,1,00006444_010.png,clear,,,,
synthetic_overexposure,1,00006444_012.png,clear,,,,
synthetic_overexposure,1,00006444_013.png,clear,,,,
synthetic_overexposure,1,00006449_001.png,clear,,,,
synthetic_overexposure,1,00006449_004.png,clear,,,,
synthetic_overexposure,1,00006451_002.png,clear,,,,
synthetic_overexposure,1,00006452_002.png,clear,,,,
synthetic_overexposure,1,00006452_006.png,clear,,,,
synthetic_overexposure,1,00006452_009.png,clear,,,,
synthetic_overexposure,1,00006455_001.png,clear,,,,
synthetic_overexposure,1,00006460_000.png,clear,,,,
synthetic_overexposure,1,00006462_001.png,clear,,,,
synthetic_overexposure,1,00006467_001.png,clear,,,,
synthetic_overexposure,1,00006469_000.png,clear,,,,
synthetic_overexposure,1,00006469_009.png,clear,,,,
synthetic_overexposure,1,00006477_002.png,clear,,,,
synthetic_overexposure,1,00006478_000.png,clear,,,,
synthetic_overexposure,1,00006480_000.png,clear,,,,
synthetic_overexposure,1,00006480_003.png,clear,,,,
synthetic_overexposure,1,00006481_011.png,clear,,,,
synthetic_overexposure,1,00006481_016.png,clear,,,,
synthetic_overexposure,1,00006482_000.png,clear,,,,
synthetic_overexposure,1,00006484_001.png,clear,,,,
synthetic_overexposure,1,00006491_002.png,clear,,,,
synthetic_overexposure,1,00006492_000.png,clear,,,,
synthetic_overexposure,1,00006492_003.png,clear,,,,
synthetic_overexposure,1,00006497_001.png,clear,,,,
synthetic_overexposure,1,00006497_003.png,clear,,,,
synthetic_overexposure,1,00006499_006.png,clear,,,,
synthetic_overexposure,1,00006500_000.png,clear,,,,
synthetic_overexposure,1,00006500_002.png,clear,,,,
synthetic_overexposure,1,00006500_004.png,clear,,,,
synthetic_overexposure,1,00006502_000.png,clear,,,,
synthetic_overexposure,1,00006510_002.png,clear,,,,
synthetic_overexposure,1,00006514_005.png,clear,,,,
synthetic_overexposure,1,00006517_000.png,clear,,,,
synthetic_overexposure,1,00006519_007.png,clear,,,,
synthetic_overexposure,1,00006519_012.png,clear,,,,
synthetic_overexposure,1,00006519_014.png,clear,,,,
synthetic_overexposure,1,00006519_017.png,clear,,,,
synthetic_overexposure,1,00006519_024.png,clear,,,,
synthetic_overexposure,1,00006529_000.png,clear,,,,
synthetic_overexposure,1,00006538_001.png,clear,,,,
synthetic_overexposure,1,00006545_000.png,clear,,,,
synthetic_overexposure,1,00006547_003.png,clear,,,,
synthetic_overexposure,1,00006549_007.png,clear,,,,
synthetic_overexposure,1,00006551_003.png,clear,,,,
synthetic_overexposure,1,00006553_001.png,clear,,,,
synthetic_overexposure,1,00006553_002.png,clear,,,,
synthetic_overexposure,1,00006555_000.png,clear,,,,
synthetic_overexposure,1,00006561_000.png,clear,,,,
synthetic_overexposure,1,00006567_000.png,clear,,,,
synthetic_overexposure,1,00006583_002.png,clear,,,,
synthetic_overexposure,1,00000047_005.png,synthetic_pool,,,,
synthetic_overexposure,1,00001330_000.png,synthetic_pool,,,,
synthetic_overexposure,1,00000635_000.png,synthetic_pool,,,,
synthetic_overexposure,1,00000490_002.png,synthetic_pool,,,,
synthetic_overexposure,1,00000634_008.png,synthetic_pool,,,,
synthetic_overexposure,1,00001285_004.png,synthetic_pool,,,,
synthetic_overexposure,1,00000490_004.png,synthetic_pool,,,,
synthetic_overexposure,1,00001318_003.png,synthetic_pool,,,,
synthetic_overexposure,1,00001286_005.png,synthetic_pool,,,,
synthetic_overexposure,1,00000677_000.png,synthetic_pool,,,,
synthetic_overexposure,1,00000707_001.png,synthetic_pool,,,,
synthetic_overexposure,1,00000893_000.png,synthetic_pool,,,,
synthetic_overexposure,1,00001248_025.png,synthetic_pool,,,,
synthetic_overexposure,1,00000571_005.png,synthetic_pool,,,,
synthetic_overexposure,1,00000938_000.png,synthetic_pool,,,,
synthetic_overexposure,1,00000554_001.png,synthetic_pool,,,,
synthetic_overexposure,1,00000632_013.png,synthetic_pool,,,,
synthetic_overexposure,1,00000118_013.png,synthetic_pool,,,,
synthetic_overexposure,1,00000808_010.png,synthetic_pool,,,,
synthetic_overexposure,1,00001286_007.png,synthetic_pool,,,,
synthetic_overexposure,1,00000470_000.png,synthetic_pool,,,,
synthetic_overexposure,1,00000869_000.png,synthetic_pool,,,,
synthetic_overexposure,1,00000377_000.png,synthetic_pool,,,,
synthetic_overexposure,1,00000245_001.png,synthetic_pool,,,,
synthetic_overexposure,1,00000592_001.png,synthetic_pool,,,,
synthetic_overexposure,1,00000250_002.png,synthetic_pool,,,,
synthetic_overexposure,1,00001006_000.png,synthetic_pool,,,,
synthetic_overexposure,1,00000466_002.png,synthetic_pool,,,,
synthetic_overexposure,1,00001226_002.png,synthetic_pool,,,,
synthetic_overexposure,1,00001291_000.png,synthetic_pool,,,,
synthetic_overexposure,1,00001335_005.png,synthetic_pool,,,,
synthetic_overexposure,1,00000290_002.png,synthetic_pool,,,,
synthetic_overexposure,1,00000459_009.png,synthetic_pool,,,,
synthetic_overexposure,1,00000370_010.png,synthetic_pool,,,,
synthetic_overexposure,1,00001093_001.png,synthetic_pool,,,,
synthetic_overexposure,1,00000974_007.png,synthetic_pool,,,,
synthetic_overexposure,1,00000211_027.png,synthetic_pool,,,,
synthetic_overexposure,1,00000075_000.png,synthetic_pool,,,,
synthetic_overexposure,1,00000207_000.png,synthetic_pool,,,,
synthetic_overexposure,1,00000385_001.png,synthetic_pool,,,,
synthetic_overexposure,1,00000618_001.png,synthetic_pool,,,,
synthetic_overexposure,1,00000772_008.png,synthetic_pool,,,,
synthetic_overexposure,1,00000086_002.png,synthetic_pool,,,,
synthetic_overexposure,1,00000870_012.png,synthetic_pool,,,,
synthetic_overexposure,1,00000402_000.png,synthetic_pool,,,,
synthetic_overexposure,1,00001206_001.png,synthetic_pool,,,,
synthetic_overexposure,1,00000658_000.png,synthetic_pool,,,,
synthetic_overexposure,1,00000764_003.png,synthetic_pool,,,,
synthetic_overexposure,1,00000540_002.png,synthetic_pool,,,,
synthetic_overexposure,1,00000251_000.png,synthetic_pool,,,,
synthetic_overexposure,1,00000226_000.png,synthetic_pool,,,,
synthetic_overexposure,1,00000112_001.png,synthetic_pool,,,,
synthetic_overexposure,1,00000211_041.png,synthetic_pool,,,,
synthetic_overexposure,1,00001052_004.png,synthetic_pool,,,,
synthetic_overexposure,1,00000583_014.png,synthetic_pool,,,,
synthetic_overexposure,1,00000231_006.png,synthetic_pool,,,,
synthetic_overexposure,1,00000092_002.png,synthetic_pool,,,,
synthetic_overexposure,1,00001170_028.png,synthetic_pool,,,,
synthetic_overexposure,1,00000823_002.png,synthetic_pool,,,,
synthetic_overexposure,1,00000499_007.png,synthetic_pool,,,,
synthetic_overexposure,1,00000757_000.png,synthetic_pool,,,,
synthetic_overexposure,1,00001193_000.png,synthetic_pool,,,,
synthetic_overexposure,1,00001301_011.png,synthetic_pool,,,,
synthetic_overexposure,1,00000762_000.png,synthetic_pool,,,,
synthetic_overexposure,1,00000623_009.png,synthetic_pool,,,,
synthetic_overexposure,1,00000506_012.png,synthetic_pool,,,,
synthetic_overexposure,1,00000208_000.png,synthetic_pool,,,,
synthetic_overexposure,1,00001170_015.png,synthetic_pool,,,,
synthetic_overexposure,1,00000290_001.png,synthetic_pool,,,,
synthetic_overexposure,1,00000459_039.png,synthetic_pool,,,,
synthetic_overexposure,1,00000974_002.png,synthetic_pool,,,,
synthetic_overexposure,1,00000090_010.png,synthetic_pool,,,,
synthetic_overexposure,1,00000324_012.png,synthetic_pool,,,,
synthetic_overexposure,1,00000317_002.png,synthetic_pool,,,,
synthetic_overexposure,1,00000830_000.png,synthetic_pool,,,,
synthetic_overexposure,1,00000652_000.png,synthetic_pool,,,,
synthetic_overexposure,1,00001235_000.png,synthetic_pool,,,,
synthetic_overexposure,1,00000459_041.png,synthetic_pool,,,,
synthetic_overexposure,1,00000757_001.png,synthetic_pool,,,,
synthetic_overexposure,1,00000054_006.png,synthetic_pool,,,,
synthetic_overexposure,1,00001255_003.png,synthetic_pool,,,,
synthetic_overexposure,1,00001004_001.png,synthetic_pool,,,,
synthetic_overexposure,1,00000039_003.png,synthetic_pool,,,,
synthetic_overexposure,1,00001249_010.png,synthetic_pool,,,,
synthetic_overexposure,1,00000704_000.png,synthetic_pool,,,,
synthetic_overexposure,1,00000877_036.png,synthetic_pool,,,,
synthetic_overexposure,1,00000707_004.png,synthetic_pool,,,,
synthetic_overexposure,1,00000357_000.png,synthetic_pool,,,,
synthetic_overexposure,1,00000938_006.png,synthetic_pool,,,,
synthetic_overexposure,1,00000643_004.png,synthetic_pool,,,,
synthetic_overexposure,1,00001253_005.png,synthetic_pool,,,,
synthetic_overexposure,1,00000857_000.png,synthetic_pool,,,,
synthetic_overexposure,1,00001249_007.png,synthetic_pool,,,,
synthetic_overexposure,1,00000699_000.png,synthetic_pool,,,,
synthetic_overexposure,1,00001122_009.png,synthetic_pool,,,,
synthetic_overexposure,1,00000727_002.png,synthetic_pool,,,,
synthetic_overexposure,1,00000143_006.png,synthetic_pool,,,,
synthetic_overexposure,1,00001123_002.png,synthetic_pool,,,,
synthetic_overexposure,1,00000479_000.png,synthetic_pool,,,,
synthetic_overexposure,1,00000116_037.png,synthetic_pool,,,,
synthetic_overexposure,1,00000722_000.png,synthetic_pool,,,,
synthetic_overexposure,1,00000963_002.png,synthetic_pool,,,,
synthetic_overexposure,1,00000963_013.png,synthetic_pool,,,,
synthetic_overexposure,1,00001101_002.png,synthetic_pool,,,,
synthetic_overexposure,1,00000636_000.png,synthetic_pool,,,,
synthetic_overexposure,1,00000591_010.png,synthetic_pool,,,,
synthetic_overexposure,1,00000181_034.png,synthetic_pool,,,,
synthetic_overexposure,1,00000016_000.png,synthetic_pool,,,,
synthetic_overexposure,1,00001249_004.png,synthetic_pool,,,,
synthetic_overexposure,1,00000103_003.png,synthetic_pool,,,,
synthetic_overexposure,1,00001011_001.png,synthetic_pool,,,,
synthetic_overexposure,1,00000193_008.png,synthetic_pool,,,,
synthetic_overexposure,1,00000452_000.png,synthetic_pool,,,,
synthetic_overexposure,1,00000806_000.png,synthetic_pool,,,,
synthetic_overexposure,1,00001075_026.png,synthetic_pool,,,,
synthetic_overexposure,1,00000116_036.png,synthetic_pool,,,,
synthetic_overexposure,1,00000211_012.png,synthetic_pool,,,,
synthetic_overexposure,1,00000798_020.png,synthetic_pool,,,,
synthetic_overexposure,1,00000556_000.png,synthetic_pool,,,,
synthetic_overexposure,1,00000324_006.png,synthetic_pool,,,,
synthetic_overexposure,1,00000514_005.png,synthetic_pool,,,,
synthetic_overexposure,1,00000877_031.png,synthetic_pool,,,,
synthetic_overexposure,1,00001226_003.png,synthetic_pool,,,,
synthetic_overexposure,1,00000627_004.png,synthetic_pool,,,,
synthetic_overexposure,1,00000623_007.png,synthetic_pool,,,,
synthetic_overexposure,1,00000583_056.png,synthetic_pool,,,,
synthetic_overexposure,1,00000798_017.png,synthetic_pool,,,,
synthetic_overexposure,1,00001104_015.png,synthetic_pool,,,,
synthetic_overexposure,1,00001301_042.png,synthetic_pool,,,,
synthetic_overexposure,1,00000980_001.png,synthetic_pool,,,,
synthetic_overexposure,1,00001301_001.png,synthetic_pool,,,,
synthetic_overexposure,1,00001278_018.png,synthetic_pool,,,,
synthetic_overexposure,1,00000099_013.png,synthetic_pool,,,,
synthetic_overexposure,1,00000566_000.png,synthetic_pool,,,,
synthetic_overexposure,1,00000506_010.png,synthetic_pool,,,,
synthetic_overexposure,1,00000062_000.png,synthetic_pool,,,,
synthetic_overexposure,1,00001166_000.png,synthetic_pool,,,,
synthetic_overexposure,1,00000070_000.png,synthetic_pool,,,,
synthetic_overexposure,1,00001233_000.png,synthetic_pool,,,,
synthetic_overexposure,1,00000402_007.png,synthetic_pool,,,,
synthetic_overexposure,1,00000179_005.png,synthetic_pool,,,,
synthetic_overexposure,1,00001248_024.png,synthetic_pool,,,,
synthetic_overexposure,1,00000600_000.png,synthetic_pool,,,,
synthetic_overexposure,1,00001059_002.png,synthetic_pool,,,,
synthetic_overexposure,1,00001005_000.png,synthetic_pool,,,,
synthetic_overexposure,1,00000468_035.png,synthetic_pool,,,,
synthetic_overexposure,1,00000113_001.png,synthetic_pool,,,,
synthetic_overexposure,1,00000273_005.png,synthetic_pool,,,,
synthetic_overexposure,1,00000457_000.png,synthetic_pool,,,,
synthetic_overexposure,1,00001088_017.png,synthetic_pool,,,,
synthetic_overexposure,1,00000808_002.png,synthetic_pool,,,,
synthetic_overexposure,1,00001170_043.png,synthetic_pool,,,,
synthetic_overexposure,1,00000583_012.png,synthetic_pool,,,,
synthetic_overexposure,1,00000727_005.png,synthetic_pool,,,,
synthetic_overexposure,1,00001075_042.png,synthetic_pool,,,,
synthetic_overexposure,1,00000140_000.png,synthetic_pool,,,,
synthetic_overexposure,1,00000250_012.png,synthetic_pool,,,,
synthetic_overexposure,1,00001006_004.png,synthetic_pool,,,,
synthetic_overexposure,1,00001001_002.png,synthetic_pool,,,,
synthetic_overexposure,1,00000157_000.png,synthetic_pool,,,,
synthetic_overexposure,1,00001090_000.png,synthetic_pool,,,,
synthetic_overexposure,1,00000877_007.png,synthetic_pool,,,,
synthetic_overexposure,1,00000096_000.png,synthetic_pool,,,,
synthetic_overexposure,1,00000038_001.png,synthetic_pool,,,,
synthetic_overexposure,1,00000418_000.png,synthetic_pool,,,,
synthetic_overexposure,1,00001204_000.png,synthetic_pool,,,,
synthetic_overexposure,1,00000971_000.png,synthetic_pool,,,,
synthetic_overexposure,1,00000507_000.png,synthetic_pool,,,,
synthetic_overexposure,1,00000927_003.png,synthetic_pool,,,,
synthetic_overexposure,1,00000954_005.png,synthetic_pool,,,,
synthetic_overexposure,1,00000013_037.png,synthetic_pool,,,,
synthetic_overexposure,1,00000583_051.png,synthetic_pool,,,,
synthetic_overexposure,1,00000213_003.png,synthetic_pool,,,,
synthetic_overexposure,1,00000181_006.png,synthetic_pool,,,,
synthetic_overexposure,1,00000968_000.png,synthetic_pool,,,,
synthetic_overexposure,1,00000766_003.png,synthetic_pool,,,,
synthetic_overexposure,1,00000118_003.png,synthetic_pool,,,,
synthetic_overexposure,1,00001068_003.png,synthetic_pool,,,,
synthetic_overexposure,1,00000687_000.png,synthetic_pool,,,,
synthetic_overexposure,1,00000583_017.png,synthetic_pool,,,,
synthetic_overexposure,1,00001001_003.png,synthetic_pool,,,,
synthetic_overexposure,1,00000506_024.png,synthetic_pool,,,,
synthetic_overexposure,1,00001181_000.png,synthetic_pool,,,,
synthetic_overexposure,1,00000435_000.png,synthetic_pool,,,,
synthetic_overexposure,1,00000820_014.png,synthetic_pool,,,,
synthetic_overexposure,1,00001310_000.png,synthetic_pool,,,,
synthetic_overexposure,1,00000652_016.png,synthetic_pool,,,,
synthetic_overexposure,1,00001059_003.png,synthetic_pool,,,,
synthetic_overexposure,1,00001301_027.png,synthetic_pool,,,,
synthetic_overexposure,1,00000291_000.png,synthetic_pool,,,,
synthetic_overexposure,1,00000877_024.png,synthetic_pool,,,,
synthetic_overexposure,1,00000181_016.png,synthetic_pool,,,,
synthetic_overexposure,1,00000183_001.png,synthetic_pool,,,,
synthetic_overexposure,1,00000348_000.png,synthetic_pool,,,,
synthetic_overexposure,1,00001303_002.png,synthetic_pool,,,,
synthetic_overexposure,1,00001068_000.png,synthetic_pool,,,,
synthetic_overexposure,1,00000459_046.png,synthetic_pool,,,,
synthetic_overexposure,1,00000467_011.png,synthetic_pool,,,,
synthetic_overexposure,1,00000796_004.png,synthetic_pool,,,,
synthetic_overexposure,1,00001198_000.png,synthetic_pool,,,,
synthetic_overexposure,1,00000500_009.png,synthetic_pool,,,,
synthetic_overexposure,1,00001209_001.png,synthetic_pool,,,,
synthetic_overexposure,1,00000272_002.png,synthetic_pool,,,,
synthetic_overexposure,1,00000627_009.png,synthetic_pool,,,,
synthetic_overexposure,1,00000621_000.png,synthetic_pool,,,,
synthetic_overexposure,1,00000820_020.png,synthetic_pool,,,,
synthetic_overexposure,1,00001250_006.png,synthetic_pool,,,,
synthetic_overexposure,1,00000517_006.png,synthetic_pool,,,,
synthetic_overexposure,1,00001212_000.png,synthetic_pool,,,,
synthetic_overexposure,1,00000652_015.png,synthetic_pool,,,,
synthetic_overexposure,1,00000391_004.png,synthetic_pool,,,,
synthetic_overexposure,1,00000513_001.png,synthetic_pool,,,,
synthetic_overexposure,1,00001298_004.png,synthetic_pool,,,,
synthetic_overexposure,1,00000116_027.png,synthetic_pool,,,,
synthetic_overexposure,1,00000711_012.png,synthetic_pool,,,,
synthetic_overexposure,1,00001263_000.png,synthetic_pool,,,,
synthetic_overexposure,1,00001253_004.png,synthetic_pool,,,,
synthetic_overexposure,1,00000831_006.png,synthetic_pool,,,,
synthetic_overexposure,1,00000132_000.png,synthetic_pool,,,,
synthetic_overexposure,1,00000381_000.png,synthetic_pool,,,,
synthetic_overexposure,1,00000720_003.png,synthetic_pool,,,,
synthetic_overexposure,1,00000580_008.png,synthetic_pool,,,,
synthetic_overexposure,1,00000772_001.png,synthetic_pool,,,,
synthetic_overexposure,1,00000263_000.png,synthetic_pool,,,,
synthetic_overexposure,1,00000061_006.png,synthetic_pool,,,,
synthetic_overexposure,1,00001088_018.png,synthetic_pool,,,,
synthetic_overexposure,1,00000502_015.png,synthetic_pool,,,,
synthetic_overexposure,1,00000370_003.png,synthetic_pool,,,,
synthetic_overexposure,1,00001138_000.png,synthetic_pool,,,,
synthetic_overexposure,1,00000980_005.png,synthetic_pool,,,,
synthetic_overexposure,1,00001253_000.png,synthetic_pool,,,,
synthetic_overexposure,1,00001194_004.png,synthetic_pool,,,,
synthetic_overexposure,1,00000598_000.png,synthetic_pool,,,,
synthetic_overexposure,1,00000246_012.png,synthetic_pool,,,,
synthetic_overexposure,1,00000404_002.png,synthetic_pool,,,,
synthetic_overexposure,1,00000954_002.png,synthetic_pool,,,,
synthetic_overexposure,1,00000996_001.png,synthetic_pool,,,,
synthetic_overexposure,1,00000302_000.png,synthetic_pool,,,,
synthetic_overexposure,1,00001248_027.png,synthetic_pool,,,,
synthetic_overexposure,1,00000181_003.png,synthetic_pool,,,,
synthetic_overexposure,1,00001298_003.png,synthetic_pool,,,,
synthetic_overexposure,1,00000430_001.png,synthetic_pool,,,,
synthetic_overexposure,1,00000218_002.png,synthetic_pool,,,,
synthetic_overexposure,1,00001313_000.png,synthetic_pool,,,,
synthetic_overexposure,1,00001250_002.png,synthetic_pool,,,,
synthetic_overexposure,1,00001301_019.png,synthetic_pool,,,,
synthetic_overexposure,1,00001222_012.png,synthetic_pool,,,,
synthetic_overexposure,1,00000321_001.png,synthetic_pool,,,,
synthetic_overexposure,1,00001230_003.png,synthetic_pool,,,,
synthetic_overexposure,1,00001320_000.png,synthetic_pool,,,,
synthetic_overexposure,1,00000813_000.png,synthetic_pool,,,,
synthetic_overexposure,1,00000833_002.png,synthetic_pool,,,,
synthetic_overexposure,1,00000013_011.png,synthetic_pool,,,,
synthetic_overexposure,1,00000003_006.png,synthetic_pool,,,,
synthetic_overexposure,1,00000377_002.png,synthetic_pool,,,,
synthetic_overexposure,1,00000411_000.png,synthetic_pool,,,,
synthetic_overexposure,1,00000272_006.png,synthetic_pool,,,,
synthetic_overexposure,1,00001334_003.png,synthetic_pool,,,,
synthetic_overexposure,1,00000697_000.png,synthetic_pool,,,,
synthetic_overexposure,1,00000877_028.png,synthetic_pool,,,,
synthetic_overexposure,1,00000715_000.png,synthetic_pool,,,,
synthetic_overexposure,1,00000231_012.png,synthetic_pool,,,,
synthetic_overexposure,1,00000300_000.png,synthetic_pool,,,,
synthetic_overexposure,1,00000468_026.png,synthetic_pool,,,,
synthetic_overexposure,1,00001093_003.png,synthetic_pool,,,,
synthetic_overexposure,1,00001029_013.png,synthetic_pool,,,,
synthetic_overexposure,1,00000349_000.png,synthetic_pool,,,,
synthetic_overexposure,1,00000798_000.png,synthetic_pool,,,,
synthetic_overexposure,1,00000405_000.png,synthetic_pool,,,,
synthetic_overexposure,1,00000499_008.png,synthetic_pool,,,,
synthetic_overexposure,1,00000459_037.png,synthetic_pool,,,,
synthetic_overexposure,1,00001237_000.png,synthetic_pool,,,,
synthetic_overexposure,1,00000091_004.png,synthetic_pool,,,,
synthetic_overexposure,1,00000467_004.png,synthetic_pool,,,,
synthetic_overexposure,1,00000989_002.png,synthetic_pool,,,,
synthetic_overexposure,1,00001250_014.png,synthetic_pool,,,,
synthetic_overexposure,1,00000284_005.png,synthetic_pool,,,,
synthetic_overexposure,1,00000583_038.png,synthetic_pool,,,,
synthetic_overexposure,1,00001217_001.png,synthetic_pool,,,,
synthetic_overexposure,1,00000591_009.png,synthetic_pool,,,,
synthetic_overexposure,1,00001221_004.png,synthetic_pool,,,,
synthetic_overexposure,1,00000547_007.png,synthetic_pool,,,,
synthetic_overexposure,1,00000116_016.png,synthetic_pool,,,,
synthetic_overexposure,1,00000261_006.png,synthetic_pool,,,,
synthetic_overexposure,1,00001297_000.png,synthetic_pool,,,,
synthetic_overexposure,1,00001250_003.png,synthetic_pool,,,,
synthetic_overexposure,1,00000920_001.png,synthetic_pool,,,,
synthetic_overexposure,1,00000391_001.png,synthetic_pool,,,,
synthetic_overexposure,1,00000372_006.png,synthetic_pool,,,,
synthetic_overexposure,1,00000417_002.png,synthetic_pool,,,,
synthetic_overexposure,1,00001101_022.png,synthetic_pool,,,,
synthetic_overexposure,1,00000023_001.png,synthetic_pool,,,,
synthetic_overexposure,1,00000924_000.png,synthetic_pool,,,,
synthetic_overexposure,1,00000571_004.png,synthetic_pool,,,,
synthetic_overexposure,1,00000709_008.png,synthetic_pool,,,,
synthetic_overexposure,1,00000090_004.png,synthetic_pool,,,,
synthetic_overexposure,1,00000013_003.png,synthetic_pool,,,,
synthetic_overexposure,1,00000627_016.png,synthetic_pool,,,,
synthetic_overexposure,1,00000427_000.png,synthetic_pool,,,,
synthetic_overexposure,1,00000041_005.png,synthetic_pool,,,,
synthetic_overexposure,1,00001178_000.png,synthetic_pool,,,,
synthetic_overexposure,1,00000447_003.png,synthetic_pool,,,,
synthetic_overexposure,1,00000490_005.png,synthetic_pool,,,,
synthetic_overexposure,1,00001104_019.png,synthetic_pool,,,,
synthetic_overexposure,1,00000610_000.png,synthetic_pool,,,,
synthetic_overexposure,1,00000705_001.png,synthetic_pool,,,,
synthetic_overexposure,1,00001280_003.png,synthetic_pool,,,,
synthetic_overexposure,1,00000468_057.png,synthetic_pool,,,,
synthetic_overexposure,1,00001278_007.png,synthetic_pool,,,,
synthetic_overexposure,1,00000877_032.png,synthetic_pool,,,,
synthetic_overexposure,1,00000468_041.png,synthetic_pool,,,,
synthetic_overexposure,1,00000278_002.png,synthetic_pool,,,,
synthetic_overexposure,1,00000932_000.png,synthetic_pool,,,,
synthetic_overexposure,1,00000443_005.png,synthetic_pool,,,,
synthetic_overexposure,1,00001249_005.png,synthetic_pool,,,,
synthetic_overexposure,1,00000322_004.png,synthetic_pool,,,,
synthetic_overexposure,1,00000459_028.png,synthetic_pool,,,,
synthetic_overexposure,1,00000181_022.png,synthetic_pool,,,,
synthetic_overexposure,1,00001115_001.png,synthetic_pool,,,,
synthetic_overexposure,1,00000155_001.png,synthetic_pool,,,,
synthetic_overexposure,1,00000248_026.png,synthetic_pool,,,,
synthetic_overexposure,1,00000071_001.png,synthetic_pool,,,,
synthetic_overexposure,1,00000116_012.png,synthetic_pool,,,,
synthetic_overexposure,1,00000491_006.png,synthetic_pool,,,,
synthetic_overexposure,1,00000143_002.png,synthetic_pool,,,,
synthetic_overexposure,1,00000754_005.png,synthetic_pool,,,,
synthetic_overexposure,1,00001093_010.png,synthetic_pool,,,,
synthetic_overexposure,1,00000199_004.png,synthetic_pool,,,,
synthetic_overexposure,1,00000248_010.png,synthetic_pool,,,,
synthetic_overexposure,1,00000496_000.png,synthetic_pool,,,,
synthetic_overexposure,1,00000809_000.png,synthetic_pool,,,,
synthetic_overexposure,1,00000877_017.png,synthetic_pool,,,,
synthetic_overexposure,1,00001248_034.png,synthetic_pool,,,,
synthetic_overexposure,1,00000798_034.png,synthetic_pool,,,,
synthetic_overexposure,1,00000808_001.png,synthetic_pool,,,,
synthetic_overexposure,1,00000526_001.png,synthetic_pool,,,,
synthetic_overexposure,1,00000176_002.png,synthetic_pool,,,,
synthetic_overexposure,1,00000877_035.png,synthetic_pool,,,,
synthetic_overexposure,1,00001259_000.png,synthetic_pool,,,,
synthetic_overexposure,1,00001079_000.png,synthetic_pool,,,,
synthetic_overexposure,1,00000877_020.png,synthetic_pool,,,,
synthetic_overexposure,1,00000700_001.png,synthetic_pool,,,,
synthetic_overexposure,1,00001295_000.png,synthetic_pool,,,,
synthetic_overexposure,1,00000324_017.png,synthetic_pool,,,,
synthetic_overexposure,1,00001301_029.png,synthetic_pool,,,,
synthetic_overexposure,1,00000459_017.png,synthetic_pool,,,,
synthetic_overexposure,1,00000910_001.png,synthetic_pool,,,,
synthetic_overexposure,1,00001075_035.png,synthetic_pool,,,,
synthetic_overexposure,1,00000080_002.png,synthetic_pool,,,,
synthetic_overexposure,1,00000190_002.png,synthetic_pool,,,,
synthetic_overexposure,1,00000979_000.png,synthetic_pool,,,,
synthetic_overexposure,1,00000502_013.png,synthetic_pool,,,,
synthetic_overexposure,1,00000901_002.png,synthetic_pool,,,,
synthetic_overexposure,1,00000926_001.png,synthetic_pool,,,,
synthetic_overexposure,1,00000983_000.png,synthetic_pool,,,,
synthetic_overexposure,1,00000223_000.png,synthetic_pool,,,,
synthetic_overexposure,1,00000152_000.png,synthetic_pool,,,,
synthetic_overexposure,1,00000569_004.png,synthetic_pool,,,,
synthetic_overexposure,1,00000083_000.png,synthetic_pool,,,,
synthetic_overexposure,1,00000766_005.png,synthetic_pool,,,,
synthetic_overexposure,1,00000825_000.png,synthetic_pool,,,,
synthetic_overexposure,1,00000324_003.png,synthetic_pool,,,,
synthetic_overexposure,1,00000744_010.png,synthetic_pool,,,,
synthetic_overexposure,1,00000785_000.png,synthetic_pool,,,,
synthetic_overexposure,1,00000676_000.png,synthetic_pool,,,,
synthetic_overexposure,1,00000103_009.png,synthetic_pool,,,,
synthetic_overexposure,1,00001088_006.png,synthetic_pool,,,,
synthetic_overexposure,1,00000459_038.png,synthetic_pool,,,,
synthetic_overexposure,1,00001108_001.png,synthetic_pool,,,,
synthetic_overexposure,1,00000618_007.png,synthetic_pool,,,,
synthetic_overexposure,1,00001256_002.png,synthetic_pool,,,,
synthetic_overexposure,1,00000502_002.png,synthetic_pool,,,,
synthetic_overexposure,1,00001301_041.png,synthetic_pool,,,,
synthetic_overexposure,1,00000907_002.png,synthetic_pool,,,,
synthetic_overexposure,1,00000808_011.png,synthetic_pool,,,,
synthetic_overexposure,1,00000643_001.png,synthetic_pool,,,,
synthetic_overexposure,1,00000937_001.png,synthetic_pool,,,,
synthetic_overexposure,1,00000491_003.png,synthetic_pool,,,,
synthetic_overexposure,1,00001170_037.png,synthetic_pool,,,,
synthetic_overexposure,1,00000013_045.png,synthetic_pool,,,,
synthetic_overexposure,1,00000013_026.png,synthetic_pool,,,,
synthetic_overexposure,1,00000089_000.png,synthetic_pool,,,,
synthetic_overexposure,1,00000149_002.png,synthetic_pool,,,,
synthetic_overexposure,1,00001317_004.png,synthetic_pool,,,,
synthetic_overexposure,1,00000820_026.png,synthetic_pool,,,,
synthetic_overexposure,1,00000808_013.png,synthetic_pool,,,,
synthetic_overexposure,1,00000533_002.png,synthetic_pool,,,,
synthetic_overexposure,1,00000583_054.png,synthetic_pool,,,,
synthetic_overexposure,1,00000459_003.png,synthetic_pool,,,,
synthetic_overexposure,1,00000008_001.png,synthetic_pool,,,,
synthetic_overexposure,1,00000259_000.png,synthetic_pool,,,,
synthetic_overexposure,1,00000583_029.png,synthetic_pool,,,,
synthetic_overexposure,1,00000250_004.png,synthetic_pool,,,,
synthetic_overexposure,1,00000468_030.png,synthetic_pool,,,,
synthetic_overexposure,1,00000547_006.png,synthetic_pool,,,,
synthetic_overexposure,1,00001314_000.png,synthetic_pool,,,,
synthetic_overexposure,1,00000071_007.png,synthetic_pool,,,,
synthetic_overexposure,1,00000061_024.png,synthetic_pool,,,,
synthetic_overexposure,1,00000348_004.png,synthetic_pool,,,,
synthetic_overexposure,1,00001273_000.png,synthetic_pool,,,,
synthetic_overexposure,1,00001052_003.png,synthetic_pool,,,,
synthetic_overexposure,1,00001122_014.png,synthetic_pool,,,,
synthetic_overexposure,1,00000620_000.png,synthetic_pool,,,,
synthetic_overexposure,1,00001208_001.png,synthetic_pool,,,,
synthetic_overexposure,1,00000011_003.png,synthetic_pool,,,,
synthetic_overexposure,1,00001036_000.png,synthetic_pool,,,,
synthetic_overexposure,1,00000261_001.png,synthetic_pool,,,,
synthetic_overexposure,1,00000310_000.png,synthetic_pool,,,,
synthetic_overexposure,1,00001279_001.png,synthetic_pool,,,,
synthetic_overexposure,1,00000877_005.png,synthetic_pool,,,,
synthetic_overexposure,1,00000203_000.png,synthetic_pool,,,,
synthetic_overexposure,1,00001170_024.png,synthetic_pool,,,,
synthetic_overexposure,1,00000248_004.png,synthetic_pool,,,,
synthetic_overexposure,1,00000193_015.png,synthetic_pool,,,,
synthetic_overexposure,1,00000324_015.png,synthetic_pool,,,,
synthetic_overexposure,1,00000499_001.png,synthetic_pool,,,,
synthetic_overexposure,1,00000798_009.png,synthetic_pool,,,,
synthetic_overexposure,1,00000652_017.png,synthetic_pool,,,,
synthetic_overexposure,1,00000138_002.png,synthetic_pool,,,,
synthetic_overexposure,1,00000450_006.png,synthetic_pool,,,,
synthetic_overexposure,1,00000238_002.png,synthetic_pool,,,,
synthetic_overexposure,1,00000776_000.png,synthetic_pool,,,,
synthetic_overexposure,1,00000820_024.png,synthetic_pool,,,,
synthetic_overexposure,1,00001093_006.png,synthetic_pool,,,,
synthetic_overexposure,1,00000493_000.png,synthetic_pool,,,,
synthetic_overexposure,1,00000273_007.png,synthetic_pool,,,,
synthetic_overexposure,1,00001075_032.png,synthetic_pool,,,,
synthetic_overexposure,1,00000653_000.png,synthetic_pool,,,,
synthetic_overexposure,1,00000857_004.png,synthetic_pool,,,,
synthetic_overexposure,1,00000197_002.png,synthetic_pool,,,,
synthetic_overexposure,1,00000922_000.png,synthetic_pool,,,,
synthetic_overexposure,1,00001052_000.png,synthetic_pool,,,,
synthetic_overexposure,1,00000127_000.png,synthetic_pool,,,,
synthetic_overexposure,1,00000193_004.png,synthetic_pool,,,,
synthetic_overexposure,1,00001101_018.png,synthetic_pool,,,,
synthetic_overexposure,1,00000148_000.png,synthetic_pool,,,,
synthetic_overexposure,1,00000627_021.png,synthetic_pool,,,,
synthetic_overexposure,1,00001199_006.png,synthetic_pool,,,,
synthetic_overexposure,1,00000212_000.png,synthetic_pool,,,,
synthetic_overexposure,1,00000230_000.png,synthetic_pool,,,,
synthetic_overexposure,1,00001029_010.png,synthetic_pool,,,,
synthetic_overexposure,1,00000468_047.png,synthetic_pool,,,,
synthetic_overexposure,1,00001326_002.png,synthetic_pool,,,,
synthetic_overexposure,1,00001278_000.png,synthetic_pool,,,,
synthetic_overexposure,1,00001245_000.png,synthetic_pool,,,,
synthetic_overexposure,1,00000211_011.png,synthetic_pool,,,,
synthetic_overexposure,1,00001208_002.png,synthetic_pool,,,,
synthetic_overexposure,1,00000877_025.png,synthetic_pool,,,,
synthetic_overexposure,1,00000486_003.png,synthetic_pool,,,,
synthetic_overexposure,1,00000714_000.png,synthetic_pool,,,,
synthetic_overexposure,1,00000468_007.png,synthetic_pool,,,,
synthetic_overexposure,1,00000704_002.png,synthetic_pool,,,,
synthetic_overexposure,1,00000116_014.png,synthetic_pool,,,,
synthetic_overexposure,1,00000305_000.png,synthetic_pool,,,,
synthetic_overexposure,1,00000588_002.png,synthetic_pool,,,,
synthetic_overexposure,1,00000573_010.png,synthetic_pool,,,,
synthetic_overexposure,1,00000652_024.png,synthetic_pool,,,,
synthetic_overexposure,1,00001170_033.png,synthetic_pool,,,,
synthetic_overexposure,1,00000343_000.png,synthetic_pool,,,,
synthetic_overexposure,1,00000132_004.png,synthetic_pool,,,,
synthetic_overexposure,1,00000116_001.png,synthetic_pool,,,,
synthetic_overexposure,1,00000468_033.png,synthetic_pool,,,,
synthetic_overexposure,1,00001255_001.png,synthetic_pool,,,,
synthetic_overexposure,1,00000013_022.png,synthetic_pool,,,,
synthetic_overexposure,1,00000103_006.png,synthetic_pool,,,,
synthetic_overexposure,1,00000013_017.png,synthetic_pool,,,,
synthetic_overexposure,1,00000865_007.png,synthetic_pool,,,,
synthetic_overexposure,1,00000583_013.png,synthetic_pool,,,,
synthetic_overexposure,1,00001103_001.png,synthetic_pool,,,,
synthetic_overexposure,1,00001249_009.png,synthetic_pool,,,,
synthetic_overexposure,1,00000467_010.png,synthetic_pool,,,,
synthetic_overexposure,1,00000966_000.png,synthetic_pool,,,,
synthetic_overexposure,1,00000096_002.png,synthetic_pool,,,,
synthetic_overexposure,1,00000211_035.png,synthetic_pool,,,,
synthetic_overexposure,1,00000148_002.png,synthetic_pool,,,,
synthetic_overexposure,1,00000506_020.png,synthetic_pool,,,,
synthetic_overexposure,1,00000814_004.png,synthetic_pool,,,,
synthetic_overexposure,1,00001187_001.png,synthetic_pool,,,,
synthetic_overexposure,1,00001222_009.png,synthetic_pool,,,,
synthetic_overexposure,1,00000627_000.png,synthetic_pool,,,,
synthetic_overexposure,1,00000116_039.png,synthetic_pool,,,,
synthetic_overexposure,1,00001170_029.png,synthetic_pool,,,,
synthetic_overexposure,1,00000692_000.png,synthetic_pool,,,,
synthetic_overexposure,1,00000631_007.png,synthetic_pool,,,,
synthetic_overexposure,1,00000382_001.png,synthetic_pool,,,,
synthetic_overexposure,1,00000536_000.png,synthetic_pool,,,,
synthetic_overexposure,1,00000955_004.png,synthetic_pool,,,,
synthetic_overexposure,1,00001258_000.png,synthetic_pool,,,,
synthetic_overexposure,1,00001205_006.png,synthetic_pool,,,,
synthetic_overexposure,1,00000368_002.png,synthetic_pool,,,,
synthetic_overexposure,1,00000277_002.png,synthetic_pool,,,,
synthetic_overexposure,1,00001319_001.png,synthetic_pool,,,,
synthetic_overexposure,1,00000875_000.png,synthetic_pool,,,,
synthetic_overexposure,1,00000068_000.png,synthetic_pool,,,,
synthetic_overexposure,1,00001301_028.png,synthetic_pool,,,,
synthetic_overexposure,1,00000121_004.png,synthetic_pool,,,,
synthetic_overexposure,1,00000561_001.png,synthetic_pool,,,,
synthetic_overexposure,1,00000820_008.png,synthetic_pool,,,,
synthetic_overexposure,1,00000156_001.png,synthetic_pool,,,,
synthetic_overexposure,1,00001006_007.png,synthetic_pool,,,,
synthetic_overexposure,1,00000368_007.png,synthetic_pool,,,,
synthetic_overexposure,1,00000652_011.png,synthetic_pool,,,,
synthetic_overexposure,1,00000506_016.png,synthetic_pool,,,,
synthetic_overexposure,1,00001256_006.png,synthetic_pool,,,,
synthetic_overexposure,1,00000971_003.png,synthetic_pool,,,,
synthetic_overexposure,1,00000242_001.png,synthetic_pool,,,,
synthetic_overexposure,1,00000426_000.png,synthetic_pool,,,,
synthetic_overexposure,1,00000270_000.png,synthetic_pool,,,,
synthetic_overexposure,1,00000387_000.png,synthetic_pool,,,,
synthetic_overexposure,1,00000877_016.png,synthetic_pool,,,,
synthetic_overexposure,1,00000003_003.png,synthetic_pool,,,,
synthetic_overexposure,1,00000744_001.png,synthetic_pool,,,,
synthetic_overexposure,1,00000091_003.png,synthetic_pool,,,,
synthetic_overexposure,1,00000605_000.png,synthetic_pool,,,,
synthetic_overexposure,1,00000506_011.png,synthetic_pool,,,,
synthetic_overexposure,1,00001139_000.png,synthetic_pool,,,,
synthetic_overexposure,1,00000389_000.png,synthetic_pool,,,,
synthetic_overexposure,1,00000870_001.png,synthetic_pool,,,,
synthetic_overexposure,1,00001107_005.png,synthetic_pool,,,,
synthetic_overexposure,1,00000491_000.png,synthetic_pool,,,,
synthetic_overexposure,1,00000950_000.png,synthetic_pool,,,,
synthetic_overexposure,1,00000246_000.png,synthetic_pool,,,,
synthetic_overexposure,1,00000502_004.png,synthetic_pool,,,,
synthetic_overexposure,1,00000362_000.png,synthetic_pool,,,,
synthetic_overexposure,1,00000614_000.png,synthetic_pool,,,,
synthetic_overexposure,1,00000561_002.png,synthetic_pool,,,,
synthetic_overexposure,1,00001028_001.png,synthetic_pool,,,,
synthetic_overexposure,1,00000101_000.png,synthetic_pool,,,,
synthetic_overexposure,1,00000545_008.png,synthetic_pool,,,,
synthetic_overexposure,1,00000211_016.png,synthetic_pool,,,,
synthetic_overexposure,1,00001264_000.png,synthetic_pool,,,,
synthetic_overexposure,1,00000181_002.png,synthetic_pool,,,,
synthetic_overexposure,1,00000713_000.png,synthetic_pool,,,,
synthetic_overexposure,1,00000084_000.png,synthetic_pool,,,,
synthetic_overexposure,1,00001320_005.png,synthetic_pool,,,,
synthetic_overexposure,1,00000979_006.png,synthetic_pool,,,,
synthetic_overexposure,1,00000172_000.png,synthetic_pool,,,,
synthetic_overexposure,1,00000556_003.png,synthetic_pool,,,,
synthetic_overexposure,1,00000318_008.png,synthetic_pool,,,,
synthetic_overexposure,1,00000573_004.png,synthetic_pool,,,,
synthetic_overexposure,1,00000364_000.png,synthetic_pool,,,,
synthetic_overexposure,1,00000321_002.png,synthetic_pool,,,,
synthetic_overexposure,1,00000135_001.png,synthetic_pool,,,,
synthetic_overexposure,1,00000512_001.png,synthetic_pool,,,,
synthetic_overexposure,1,00000994_000.png,synthetic_pool,,,,
synthetic_overexposure,1,00001018_001.png,synthetic_pool,,,,
synthetic_overexposure,1,00000355_000.png,synthetic_pool,,,,
synthetic_overexposure,1,00000013_010.png,synthetic_pool,,,,
synthetic_overexposure,1,00001226_001.png,synthetic_pool,,,,
synthetic_overexposure,1,00000056_000.png,synthetic_pool,,,,
synthetic_overexposure,1,00000698_000.png,synthetic_pool,,,,
synthetic_overexposure,1,00000118_004.png,synthetic_pool,,,,
synthetic_overexposure,1,00000627_018.png,synthetic_pool,,,,
synthetic_overexposure,1,00000467_008.png,synthetic_pool,,,,
synthetic_overexposure,1,00000334_005.png,synthetic_pool,,,,
synthetic_overexposure,1,00000181_042.png,synthetic_pool,,,,
synthetic_overexposure,1,00000013_019.png,synthetic_pool,,,,
synthetic_overexposure,1,00000912_001.png,synthetic_pool,,,,
synthetic_overexposure,1,00001304_000.png,synthetic_pool,,,,
synthetic_overexposure,1,00000420_000.png,synthetic_pool,,,,
synthetic_overexposure,1,00001309_001.png,synthetic_pool,,,,
synthetic_overexposure,1,00000241_001.png,synthetic_pool,,,,
synthetic_overexposure,1,00000093_000.png,synthetic_pool,,,,
synthetic_overexposure,1,00000579_000.png,synthetic_pool,,,,
synthetic_overexposure,1,00000211_038.png,synthetic_pool,,,,
synthetic_overexposure,1,00000819_000.png,synthetic_pool,,,,
synthetic_overexposure,1,00000858_000.png,synthetic_pool,,,,
synthetic_overexposure,1,00000372_000.png,synthetic_pool,,,,
synthetic_overexposure,1,00001250_001.png,synthetic_pool,,,,
synthetic_overexposure,1,00000218_003.png,synthetic_pool,,,,
synthetic_overexposure,1,00000583_043.png,synthetic_pool,,,,
synthetic_overexposure,1,00000556_001.png,synthetic_pool,,,,
synthetic_overexposure,1,00000021_000.png,synthetic_pool,,,,
synthetic_overexposure,1,00000705_000.png,synthetic_pool,,,,
synthetic_overexposure,1,00000468_043.png,synthetic_pool,,,,
synthetic_overexposure,1,00000743_003.png,synthetic_pool,,,,
synthetic_overexposure,1,00000402_010.png,synthetic_pool,,,,
synthetic_overexposure,1,00000996_000.png,synthetic_pool,,,,
synthetic_overexposure,1,00000730_000.png,synthetic_pool,,,,
synthetic_overexposure,1,00000013_004.png,synthetic_pool,,,,
synthetic_overexposure,1,00001304_005.png,synthetic_pool,,,,
synthetic_overexposure,1,00000246_017.png,synthetic_pool,,,,
synthetic_overexposure,1,00000248_013.png,synthetic_pool,,,,
synthetic_overexposure,1,00000585_000.png,synthetic_pool,,,,
synthetic_overexposure,1,00001018_003.png,synthetic_pool,,,,
synthetic_overexposure,1,00001170_038.png,synthetic_pool,,,,
synthetic_overexposure,1,00000334_001.png,synthetic_pool,,,,
synthetic_overexposure,1,00000632_007.png,synthetic_pool,,,,
synthetic_overexposure,1,00001322_000.png,synthetic_pool,,,,
synthetic_overexposure,1,00000490_000.png,synthetic_pool,,,,
synthetic_overexposure,1,00000796_006.png,synthetic_pool,,,,
synthetic_overexposure,1,00001154_003.png,synthetic_pool,,,,
synthetic_overexposure,1,00001192_001.png,synthetic_pool,,,,
synthetic_overexposure,1,00001288_000.png,synthetic_pool,,,,
synthetic_overexposure,1,00000042_008.png,synthetic_pool,,,,
synthetic_overexposure,1,00000696_000.png,synthetic_pool,,,,
synthetic_overexposure,1,00001278_011.png,synthetic_pool,,,,
synthetic_overexposure,1,00000995_000.png,synthetic_pool,,,,
synthetic_overexposure,1,00000652_018.png,synthetic_pool,,,,
synthetic_overexposure,1,00000459_055.png,synthetic_pool,,,,
synthetic_overexposure,1,00000459_024.png,synthetic_pool,,,,
synthetic_overexposure,1,00000798_010.png,synthetic_pool,,,,
synthetic_overexposure,1,00000091_002.png,synthetic_pool,,,,
synthetic_overexposure,1,00001437_020 - Copy.png,synthetic_pool,,,,
synthetic_overexposure,1,00002066_012.png,synthetic_pool,,,,
synthetic_overexposure,1,00001415_001 - Copy.png,synthetic_pool,,,,
synthetic_overexposure,1,00003534_013.png,synthetic_pool,,,,
synthetic_overexposure,1,00003841_015.png,synthetic_pool,,,,
synthetic_overexposure,1,00002583_002.png,synthetic_pool,,,,
synthetic_overexposure,1,00003237_000.png,synthetic_pool,,,,
synthetic_overexposure,1,00003392_050.png,synthetic_pool,,,,
synthetic_overexposure,1,00003528_009.png,synthetic_pool,,,,
synthetic_overexposure,1,00002376_002.png,synthetic_pool,,,,
synthetic_overexposure,1,00002122_004.png,synthetic_pool,,,,
synthetic_overexposure,1,00002694_000.png,synthetic_pool,,,,
synthetic_overexposure,1,00003053_003.png,synthetic_pool,,,,
synthetic_overexposure,1,00003062_005.png,synthetic_pool,,,,
synthetic_overexposure,1,00003109_005.png,synthetic_pool,,,,
synthetic_overexposure,1,00003573_003.png,synthetic_pool,,,,
synthetic_overexposure,1,00002692_000.png,synthetic_pool,,,,
synthetic_overexposure,1,00003423_011.png,synthetic_pool,,,,
synthetic_overexposure,1,00002299_006.png,synthetic_pool,,,,
synthetic_overexposure,1,00002295_000.png,synthetic_pool,,,,
synthetic_overexposure,1,00001484_002.png,synthetic_pool,,,,
synthetic_overexposure,1,00001900_004.png,synthetic_pool,,,,
synthetic_overexposure,1,00003867_012.png,synthetic_pool,,,,
synthetic_overexposure,1,00003552_005.png,synthetic_pool,,,,
synthetic_overexposure,1,00001582_003.png,synthetic_pool,,,,
synthetic_overexposure,1,00002304_000.png,synthetic_pool,,,,
synthetic_overexposure,1,00003171_000.png,synthetic_pool,,,,
synthetic_overexposure,1,00003444_003.png,synthetic_pool,,,,
synthetic_overexposure,1,00003362_002.png,synthetic_pool,,,,
synthetic_overexposure,1,00003648_000.png,synthetic_pool,,,,
synthetic_overexposure,1,00001700_005.png,synthetic_pool,,,,
synthetic_overexposure,1,00003795_000.png,synthetic_pool,,,,
synthetic_overexposure,1,00003219_001.png,synthetic_pool,,,,
synthetic_overexposure,1,00002702_011.png,synthetic_pool,,,,
synthetic_overexposure,1,00002561_001.png,synthetic_pool,,,,
synthetic_overexposure,1,00001568_006.png,synthetic_pool,,,,
synthetic_overexposure,1,00002842_006.png,synthetic_pool,,,,
synthetic_overexposure,1,00002578_000.png,synthetic_pool,,,,
synthetic_overexposure,1,00003219_002.png,synthetic_pool,,,,
synthetic_overexposure,1,00003156_001.png,synthetic_pool,,,,
synthetic_overexposure,1,00001582_023.png,synthetic_pool,,,,
synthetic_overexposure,1,00003045_001.png,synthetic_pool,,,,
synthetic_overexposure,1,00002152_005.png,synthetic_pool,,,,
synthetic_overexposure,1,00001373_047.png,synthetic_pool,,,,
synthetic_overexposure,1,00003393_068.png,synthetic_pool,,,,
synthetic_overexposure,1,00003369_001.png,synthetic_pool,,,,
synthetic_overexposure,1,00003209_008.png,synthetic_pool,,,,
synthetic_overexposure,1,00001385_017.png,synthetic_pool,,,,
synthetic_overexposure,1,00003816_000.png,synthetic_pool,,,,
synthetic_overexposure,1,00003081_000.png,synthetic_pool,,,,
synthetic_overexposure,1,00001947_000.png,synthetic_pool,,,,
synthetic_overexposure,1,00001389_003.png,synthetic_pool,,,,
synthetic_overexposure,1,00001840_000.png,synthetic_pool,,,,
synthetic_overexposure,1,00002381_012.png,synthetic_pool,,,,
synthetic_overexposure,1,00001510_000.png,synthetic_pool,,,,
synthetic_overexposure,1,00001634_003.png,synthetic_pool,,,,
synthetic_overexposure,1,00003407_005.png,synthetic_pool,,,,
synthetic_overexposure,1,00001684_016.png,synthetic_pool,,,,
synthetic_overexposure,1,00001736_017.png,synthetic_pool,,,,
synthetic_overexposure,1,00001900_007.png,synthetic_pool,,,,
synthetic_overexposure,1,00002318_000.png,synthetic_pool,,,,
synthetic_overexposure,1,00002991_001.png,synthetic_pool,,,,
synthetic_overexposure,1,00003523_013.png,synthetic_pool,,,,
synthetic_overexposure,1,00001756_008.png,synthetic_pool,,,,
synthetic_overexposure,1,00002666_006.png,synthetic_pool,,,,
synthetic_overexposure,1,00001980_000.png,synthetic_pool,,,,
synthetic_overexposure,1,00001826_000.png,synthetic_pool,,,,
synthetic_overexposure,1,00003029_012.png,synthetic_pool,,,,
synthetic_overexposure,1,00002280_003.png,synthetic_pool,,,,
synthetic_overexposure,1,00001836_055.png,synthetic_pool,,,,
synthetic_overexposure,1,00002176_010.png,synthetic_pool,,,,
synthetic_overexposure,1,00001517_009.png,synthetic_pool,,,,
synthetic_overexposure,1,00002136_000.png,synthetic_pool,,,,
synthetic_overexposure,1,00003109_006.png,synthetic_pool,,,,
synthetic_overexposure,1,00003300_002.png,synthetic_pool,,,,
synthetic_overexposure,1,00002291_003.png,synthetic_pool,,,,
synthetic_overexposure,1,00002529_024.png,synthetic_pool,,,,
synthetic_overexposure,1,00002274_000.png,synthetic_pool,,,,
synthetic_overexposure,1,00003426_039.png,synthetic_pool,,,,
synthetic_overexposure,1,00001582_017.png,synthetic_pool,,,,
synthetic_overexposure,1,00003734_000.png,synthetic_pool,,,,
synthetic_overexposure,1,00001437_044.png,synthetic_pool,,,,
synthetic_overexposure,1,00001689_002.png,synthetic_pool,,,,
synthetic_overexposure,1,00001892_006.png,synthetic_pool,,,,
synthetic_overexposure,1,00001578_000.png,synthetic_pool,,,,
synthetic_overexposure,1,00002675_004.png,synthetic_pool,,,,
synthetic_overexposure,1,00003072_021.png,synthetic_pool,,,,
synthetic_overexposure,1,00002859_000.png,synthetic_pool,,,,
synthetic_overexposure,1,00003923_006.png,synthetic_pool,,,,
synthetic_overexposure,1,00002793_006.png,synthetic_pool,,,,
synthetic_overexposure,1,00003890_001.png,synthetic_pool,,,,
synthetic_overexposure,1,00002877_002.png,synthetic_pool,,,,
synthetic_overexposure,1,00002058_020.png,synthetic_pool,,,,
synthetic_overexposure,1,00003053_006.png,synthetic_pool,,,,
synthetic_overexposure,1,00002350_012.png,synthetic_pool,,,,
synthetic_overexposure,1,00003393_033.png,synthetic_pool,,,,
synthetic_overexposure,1,00003548_013.png,synthetic_pool,,,,
synthetic_overexposure,1,00002955_004.png,synthetic_pool,,,,
synthetic_overexposure,1,00003923_009.png,synthetic_pool,,,,
synthetic_overexposure,1,00002952_005.png,synthetic_pool,,,,
synthetic_overexposure,1,00003072_017.png,synthetic_pool,,,,
synthetic_overexposure,1,00002229_003.png,synthetic_pool,,,,
synthetic_overexposure,1,00003709_013.png,synthetic_pool,,,,
synthetic_overexposure,1,00003895_002.png,synthetic_pool,,,,
synthetic_overexposure,1,00002129_005.png,synthetic_pool,,,,
synthetic_overexposure,1,00001673_011.png,synthetic_pool,,,,
synthetic_overexposure,1,00001684_011.png,synthetic_pool,,,,
synthetic_overexposure,1,00003322_003.png,synthetic_pool,,,,
synthetic_overexposure,1,00003879_000.png,synthetic_pool,,,,
synthetic_overexposure,1,00002700_000.png,synthetic_pool,,,,
synthetic_overexposure,1,00002878_010.png,synthetic_pool,,,,
synthetic_overexposure,1,00001699_002.png,synthetic_pool,,,,
synthetic_overexposure,1,00001373_037.png,synthetic_pool,,,,
synthetic_overexposure,1,00003119_001.png,synthetic_pool,,,,
synthetic_overexposure,1,00002058_027.png,synthetic_pool,,,,
synthetic_overexposure,1,00003598_002.png,synthetic_pool,,,,
synthetic_overexposure,1,00002466_003.png,synthetic_pool,,,,
synthetic_overexposure,1,00002763_011.png,synthetic_pool,,,,
synthetic_overexposure,1,00003028_056.png,synthetic_pool,,,,
synthetic_overexposure,1,00002108_000.png,synthetic_pool,,,,
synthetic_overexposure,1,00002623_004.png,synthetic_pool,,,,
synthetic_overexposure,1,00001974_014.png,synthetic_pool,,,,
synthetic_overexposure,1,00002649_012.png,synthetic_pool,,,,
synthetic_overexposure,1,00002757_002.png,synthetic_pool,,,,
synthetic_overexposure,1,00003324_001.png,synthetic_pool,,,,
synthetic_overexposure,1,00003595_002.png,synthetic_pool,,,,
synthetic_overexposure,1,00001756_015.png,synthetic_pool,,,,
synthetic_overexposure,1,00003029_004.png,synthetic_pool,,,,
synthetic_overexposure,1,00003186_000.png,synthetic_pool,,,,
synthetic_overexposure,1,00002633_007.png,synthetic_pool,,,,
synthetic_overexposure,1,00003847_001.png,synthetic_pool,,,,
synthetic_overexposure,1,00003393_038.png,synthetic_pool,,,,
synthetic_overexposure,1,00002106_000.png,synthetic_pool,,,,
synthetic_overexposure,1,00001437_049.png,synthetic_pool,,,,
synthetic_overexposure,1,00003610_014.png,synthetic_pool,,,,
synthetic_overexposure,1,00001617_000.png,synthetic_pool,,,,
synthetic_overexposure,1,00001755_000.png,synthetic_pool,,,,
synthetic_overexposure,1,00002425_001.png,synthetic_pool,,,,
synthetic_overexposure,1,00002756_001.png,synthetic_pool,,,,
synthetic_overexposure,1,00003002_018.png,synthetic_pool,,,,
synthetic_overexposure,1,00001355_007.png,synthetic_pool,,,,
synthetic_overexposure,1,00002761_000.png,synthetic_pool,,,,
synthetic_overexposure,1,00001996_000.png,synthetic_pool,,,,
synthetic_overexposure,1,00003549_000.png,synthetic_pool,,,,
synthetic_overexposure,1,00003064_003.png,synthetic_pool,,,,
synthetic_overexposure,1,00002933_000.png,synthetic_pool,,,,
synthetic_overexposure,1,00001788_006.png,synthetic_pool,,,,
synthetic_overexposure,1,00002225_006.png,synthetic_pool,,,,
synthetic_overexposure,1,00003029_001.png,synthetic_pool,,,,
synthetic_overexposure,1,00002522_000.png,synthetic_pool,,,,
synthetic_overexposure,1,00003351_002.png,synthetic_pool,,,,
synthetic_overexposure,1,00001409_004.png,synthetic_pool,,,,
synthetic_overexposure,1,00003416_000.png,synthetic_pool,,,,
synthetic_overexposure,1,00001836_022.png,synthetic_pool,,,,
synthetic_overexposure,1,00001637_002.png,synthetic_pool,,,,
synthetic_overexposure,1,00002366_001.png,synthetic_pool,,,,
synthetic_overexposure,1,00001956_001.png,synthetic_pool,,,,
synthetic_overexposure,1,00001921_006.png,synthetic_pool,,,,
synthetic_overexposure,1,00002359_003.png,synthetic_pool,,,,
synthetic_overexposure,1,00002988_002.png,synthetic_pool,,,,
synthetic_overexposure,1,00002077_001.png,synthetic_pool,,,,
synthetic_overexposure,1,00002534_000.png,synthetic_pool,,,,
synthetic_overexposure,1,00003866_002.png,synthetic_pool,,,,
synthetic_overexposure,1,00001689_007.png,synthetic_pool,,,,
synthetic_overexposure,1,00003574_000.png,synthetic_pool,,,,
synthetic_overexposure,1,00001460_003.png,synthetic_pool,,,,
synthetic_overexposure,1,00002656_000.png,synthetic_pool,,,,
synthetic_overexposure,1,00002644_002.png,synthetic_pool,,,,
synthetic_overexposure,1,00003186_006.png,synthetic_pool,,,,
synthetic_overexposure,1,00003835_000.png,synthetic_pool,,,,
synthetic_overexposure,1,00001583_004.png,synthetic_pool,,,,
synthetic_overexposure,1,00003689_005.png,synthetic_pool,,,,
synthetic_overexposure,1,00003572_000.png,synthetic_pool,,,,
synthetic_overexposure,1,00001373_045.png,synthetic_pool,,,,
synthetic_overexposure,1,00001903_000.png,synthetic_pool,,,,
synthetic_overexposure,1,00003028_073.png,synthetic_pool,,,,
synthetic_overexposure,1,00001984_003.png,synthetic_pool,,,,
synthetic_overexposure,1,00001558_034.png,synthetic_pool,,,,
synthetic_overexposure,1,00002601_000.png,synthetic_pool,,,,
synthetic_overexposure,1,00003528_051.png,synthetic_pool,,,,
synthetic_overexposure,1,00003107_000.png,synthetic_pool,,,,
synthetic_overexposure,1,00003894_005.png,synthetic_pool,,,,
synthetic_overexposure,1,00003028_044.png,synthetic_pool,,,,
synthetic_overexposure,1,00003513_000.png,synthetic_pool,,,,
synthetic_overexposure,1,00001684_000.png,synthetic_pool,,,,
synthetic_overexposure,1,00003011_004.png,synthetic_pool,,,,
synthetic_overexposure,1,00002339_009.png,synthetic_pool,,,,
synthetic_overexposure,1,00002539_001.png,synthetic_pool,,,,
synthetic_overexposure,1,00001718_012.png,synthetic_pool,,,,
synthetic_overexposure,1,00002633_008.png,synthetic_pool,,,,
synthetic_overexposure,1,00003300_004.png,synthetic_pool,,,,
synthetic_overexposure,1,00001567_001.png,synthetic_pool,,,,
synthetic_overexposure,1,00001758_001.png,synthetic_pool,,,,
synthetic_overexposure,1,00001986_004.png,synthetic_pool,,,,
synthetic_overexposure,1,00001373_006.png,synthetic_pool,,,,
synthetic_overexposure,1,00002176_004.png,synthetic_pool,,,,
synthetic_overexposure,1,00002806_000.png,synthetic_pool,,,,
synthetic_overexposure,1,00001756_007.png,synthetic_pool,,,,
synthetic_overexposure,1,00003126_000.png,synthetic_pool,,,,
synthetic_overexposure,1,00002425_000.png,synthetic_pool,,,,
synthetic_overexposure,1,00001836_060.png,synthetic_pool,,,,
synthetic_overexposure,1,00003198_004.png,synthetic_pool,,,,
synthetic_overexposure,1,00003028_022.png,synthetic_pool,,,,
synthetic_overexposure,1,00003103_000.png,synthetic_pool,,,,
synthetic_overexposure,1,00003249_000.png,synthetic_pool,,,,
synthetic_overexposure,1,00001855_013.png,synthetic_pool,,,,
synthetic_overexposure,1,00003239_001.png,synthetic_pool,,,,
synthetic_overexposure,1,00001697_014.png,synthetic_pool,,,,
synthetic_overexposure,1,00003051_000.png,synthetic_pool,,,,
synthetic_overexposure,1,00002986_001.png,synthetic_pool,,,,
synthetic_overexposure,1,00002343_003.png,synthetic_pool,,,,
synthetic_overexposure,1,00003849_000.png,synthetic_pool,,,,
synthetic_overexposure,1,00002437_014.png,synthetic_pool,,,,
synthetic_overexposure,1,00001956_006.png,synthetic_pool,,,,
synthetic_overexposure,1,00002765_004.png,synthetic_pool,,,,
synthetic_overexposure,1,00003100_005.png,synthetic_pool,,,,
synthetic_overexposure,1,00002532_000.png,synthetic_pool,,,,
synthetic_overexposure,1,00002360_005.png,synthetic_pool,,,,
synthetic_overexposure,1,00002334_002.png,synthetic_pool,,,,
synthetic_overexposure,1,00001492_001.png,synthetic_pool,,,,
synthetic_overexposure,1,00003610_015.png,synthetic_pool,,,,
synthetic_overexposure,1,00002868_002.png,synthetic_pool,,,,
synthetic_overexposure,1,00003179_001.png,synthetic_pool,,,,
synthetic_overexposure,1,00003785_005.png,synthetic_pool,,,,
synthetic_overexposure,1,00002750_001.png,synthetic_pool,,,,
synthetic_overexposure,1,00003534_008.png,synthetic_pool,,,,
synthetic_overexposure,1,00002868_012.png,synthetic_pool,,,,
synthetic_overexposure,1,00001412_000 - Copy.png,synthetic_pool,,,,
synthetic_overexposure,1,00001908_000.png,synthetic_pool,,,,
synthetic_overexposure,1,00003439_005.png,synthetic_pool,,,,
synthetic_overexposure,1,00003672_000.png,synthetic_pool,,,,
synthetic_overexposure,1,00001951_008.png,synthetic_pool,,,,
synthetic_overexposure,1,00001946_027.png,synthetic_pool,,,,
synthetic_overexposure,1,00003490_003.png,synthetic_pool,,,,
synthetic_overexposure,1,00001437_043 - Copy.png,synthetic_pool,,,,
synthetic_overexposure,1,00001708_002.png,synthetic_pool,,,,
synthetic_overexposure,1,00003025_000.png,synthetic_pool,,,,
synthetic_overexposure,1,00002058_019.png,synthetic_pool,,,,
synthetic_overexposure,1,00003254_006.png,synthetic_pool,,,,
synthetic_overexposure,1,00001734_002.png,synthetic_pool,,,,
synthetic_overexposure,1,00001930_006.png,synthetic_pool,,,,
synthetic_overexposure,1,00001470_005.png,synthetic_pool,,,,
synthetic_overexposure,1,00003834_000.png,synthetic_pool,,,,
synthetic_overexposure,1,00001526_002.png,synthetic_pool,,,,
synthetic_overexposure,1,00001582_014.png,synthetic_pool,,,,
synthetic_overexposure,1,00002639_006.png,synthetic_pool,,,,
synthetic_overexposure,1,00002499_000.png,synthetic_pool,,,,
synthetic_overexposure,1,00003891_001.png,synthetic_pool,,,,
synthetic_overexposure,1,00003768_002.png,synthetic_pool,,,,
synthetic_overexposure,1,00003133_001.png,synthetic_pool,,,,
synthetic_overexposure,1,00002371_016.png,synthetic_pool,,,,
synthetic_overexposure,1,00001600_000.png,synthetic_pool,,,,
synthetic_overexposure,1,00001992_013.png,synthetic_pool,,,,
synthetic_overexposure,1,00001437_030 - Copy.png,synthetic_pool,,,,
synthetic_overexposure,1,00003482_000.png,synthetic_pool,,,,
synthetic_overexposure,1,00002316_000.png,synthetic_pool,,,,
synthetic_overexposure,1,00002410_005.png,synthetic_pool,,,,
synthetic_overexposure,1,00003231_000.png,synthetic_pool,,,,
synthetic_overexposure,1,00003104_002.png,synthetic_pool,,,,
synthetic_overexposure,1,00003510_009.png,synthetic_pool,,,,
synthetic_overexposure,1,00001946_014.png,synthetic_pool,,,,
synthetic_overexposure,1,00002505_020.png,synthetic_pool,,,,
synthetic_overexposure,1,00003018_000.png,synthetic_pool,,,,
synthetic_overexposure,1,00002726_000.png,synthetic_pool,,,,
synthetic_overexposure,1,00001473_006.png,synthetic_pool,,,,
synthetic_overexposure,1,00003882_001.png,synthetic_pool,,,,
synthetic_overexposure,1,00002032_013.png,synthetic_pool,,,,
synthetic_overexposure,1,00003052_001.png,synthetic_pool,,,,
synthetic_overexposure,1,00002395_036.png,synthetic_pool,,,,
synthetic_overexposure,1,00002722_000.png,synthetic_pool,,,,
synthetic_overexposure,1,00001836_107.png,synthetic_pool,,,,
synthetic_overexposure,1,00003516_003.png,synthetic_pool,,,,
synthetic_overexposure,1,00003117_000.png,synthetic_pool,,,,
synthetic_overexposure,1,00003459_004.png,synthetic_pool,,,,
synthetic_overexposure,1,00003601_005.png,synthetic_pool,,,,
synthetic_overexposure,1,00001529_004.png,synthetic_pool,,,,
synthetic_overexposure,1,00001787_005.png,synthetic_pool,,,,
synthetic_overexposure,1,00001517_007.png,synthetic_pool,,,,
synthetic_overexposure,1,00003570_003.png,synthetic_pool,,,,
synthetic_overexposure,1,00001724_012.png,synthetic_pool,,,,
synthetic_overexposure,1,00002704_014.png,synthetic_pool,,,,
synthetic_overexposure,1,00001989_014.png,synthetic_pool,,,,
synthetic_overexposure,1,00003159_012.png,synthetic_pool,,,,
synthetic_overexposure,1,00002356_008.png,synthetic_pool,,,,
synthetic_overexposure,1,00003717_003.png,synthetic_pool,,,,
synthetic_overexposure,1,00003499_004.png,synthetic_pool,,,,
synthetic_overexposure,1,00002967_000.png,synthetic_pool,,,,
synthetic_overexposure,1,00001615_006.png,synthetic_pool,,,,
synthetic_overexposure,1,00002112_001.png,synthetic_pool,,,,
synthetic_overexposure,1,00003109_007.png,synthetic_pool,,,,
synthetic_overexposure,1,00001747_001.png,synthetic_pool,,,,
synthetic_overexposure,1,00001836_020.png,synthetic_pool,,,,
synthetic_overexposure,1,00003804_011.png,synthetic_pool,,,,
synthetic_overexposure,1,00003593_003.png,synthetic_pool,,,,
synthetic_overexposure,1,00002835_001.png,synthetic_pool,,,,
synthetic_overexposure,1,00002439_010.png,synthetic_pool,,,,
synthetic_overexposure,1,00003005_011.png,synthetic_pool,,,,
synthetic_overexposure,1,00002492_007.png,synthetic_pool,,,,
synthetic_overexposure,1,00002777_000.png,synthetic_pool,,,,
synthetic_overexposure,1,00002529_020.png,synthetic_pool,,,,
synthetic_overexposure,1,00003010_000.png,synthetic_pool,,,,
synthetic_overexposure,1,00002300_014.png,synthetic_pool,,,,
synthetic_overexposure,1,00001900_037.png,synthetic_pool,,,,
synthetic_overexposure,1,00002492_004.png,synthetic_pool,,,,
synthetic_overexposure,1,00001911_004.png,synthetic_pool,,,,
synthetic_overexposure,1,00003528_038.png,synthetic_pool,,,,
synthetic_overexposure,1,00003426_033.png,synthetic_pool,,,,
synthetic_overexposure,1,00003438_001.png,synthetic_pool,,,,
synthetic_overexposure,1,00002245_003.png,synthetic_pool,,,,
synthetic_overexposure,1,00003725_000.png,synthetic_pool,,,,
synthetic_overexposure,1,00002224_004.png,synthetic_pool,,,,
synthetic_overexposure,1,00001772_004.png,synthetic_pool,,,,
synthetic_overexposure,1,00002210_000.png,synthetic_pool,,,,
synthetic_overexposure,1,00002763_020.png,synthetic_pool,,,,
synthetic_overexposure,1,00003806_000.png,synthetic_pool,,,,
synthetic_overexposure,1,00002817_001.png,synthetic_pool,,,,
synthetic_overexposure,1,00001364_000.png,synthetic_pool,,,,
synthetic_overexposure,1,00001912_000.png,synthetic_pool,,,,
synthetic_overexposure,1,00001695_001.png,synthetic_pool,,,,
synthetic_overexposure,1,00002639_009.png,synthetic_pool,,,,
synthetic_overexposure,1,00001398_002.png,synthetic_pool,,,,
synthetic_overexposure,1,00002437_021.png,synthetic_pool,,,,
synthetic_overexposure,1,00003159_008.png,synthetic_pool,,,,
synthetic_overexposure,1,00003895_001.png,synthetic_pool,,,,
synthetic_overexposure,1,00001355_012.png,synthetic_pool,,,,
synthetic_overexposure,1,00003586_000.png,synthetic_pool,,,,
synthetic_overexposure,1,00002100_002.png,synthetic_pool,,,,
synthetic_overexposure,1,00002143_002.png,synthetic_pool,,,,
synthetic_overexposure,1,00003467_000.png,synthetic_pool,,,,
synthetic_overexposure,1,00003482_002.png,synthetic_pool,,,,
synthetic_overexposure,1,00002756_010.png,synthetic_pool,,,,
synthetic_overexposure,1,00003276_004.png,synthetic_pool,,,,
synthetic_overexposure,1,00001493_001.png,synthetic_pool,,,,
synthetic_overexposure,1,00001504_000.png,synthetic_pool,,,,
synthetic_overexposure,1,00003179_007.png,synthetic_pool,,,,
synthetic_overexposure,1,00002218_003.png,synthetic_pool,,,,
synthetic_overexposure,1,00003269_000.png,synthetic_pool,,,,
synthetic_overexposure,1,00001699_000.png,synthetic_pool,,,,
synthetic_overexposure,1,00001885_001.png,synthetic_pool,,,,
synthetic_overexposure,1,00001582_001.png,synthetic_pool,,,,
synthetic_overexposure,1,00002046_004.png,synthetic_pool,,,,
synthetic_overexposure,1,00002796_010.png,synthetic_pool,,,,
synthetic_overexposure,1,00002802_007.png,synthetic_pool,,,,
synthetic_overexposure,1,00002491_010.png,synthetic_pool,,,,
synthetic_overexposure,1,00001959_000.png,synthetic_pool,,,,
synthetic_overexposure,1,00003064_050.png,synthetic_pool,,,,
synthetic_overexposure,1,00002229_002.png,synthetic_pool,,,,
synthetic_overexposure,1,00003534_038.png,synthetic_pool,,,,
synthetic_overexposure,1,00002112_003.png,synthetic_pool,,,,
synthetic_overexposure,1,00002143_008.png,synthetic_pool,,,,
synthetic_overexposure,1,00002386_004.png,synthetic_pool,,,,
synthetic_overexposure,1,00002510_004.png,synthetic_pool,,,,
synthetic_overexposure,1,00003179_000.png,synthetic_pool,,,,
synthetic_overexposure,1,00003722_009.png,synthetic_pool,,,,
synthetic_overexposure,1,00002415_002.png,synthetic_pool,,,,
synthetic_overexposure,1,00002437_012.png,synthetic_pool,,,,
synthetic_overexposure,1,00002437_031.png,synthetic_pool,,,,
synthetic_overexposure,1,00003711_001.png,synthetic_pool,,,,
synthetic_overexposure,1,00001833_010.png,synthetic_pool,,,,
synthetic_overexposure,1,00002032_012.png,synthetic_pool,,,,
synthetic_overexposure,1,00002261_002.png,synthetic_pool,,,,
synthetic_overexposure,1,00003334_004.png,synthetic_pool,,,,
synthetic_overexposure,1,00001821_001.png,synthetic_pool,,,,
synthetic_overexposure,1,00003272_001.png,synthetic_pool,,,,
synthetic_overexposure,1,00001447_000.png,synthetic_pool,,,,
synthetic_overexposure,1,00002212_005.png,synthetic_pool,,,,
synthetic_overexposure,1,00002333_001.png,synthetic_pool,,,,
synthetic_overexposure,1,00002551_003.png,synthetic_pool,,,,
synthetic_overexposure,1,00001437_013 - Copy.png,synthetic_pool,,,,
synthetic_overexposure,1,00002412_001.png,synthetic_pool,,,,
synthetic_overexposure,1,00001434_000 - Copy.png,synthetic_pool,,,,
synthetic_overexposure,1,00001954_000.png,synthetic_pool,,,,
synthetic_overexposure,1,00001733_001.png,synthetic_pool,,,,
synthetic_overexposure,1,00001629_004.png,synthetic_pool,,,,
synthetic_overexposure,1,00002032_007.png,synthetic_pool,,,,
synthetic_overexposure,1,00001634_002.png,synthetic_pool,,,,
synthetic_overexposure,1,00002916_000.png,synthetic_pool,,,,
synthetic_overexposure,1,00002152_009.png,synthetic_pool,,,,
synthetic_overexposure,1,00002892_000.png,synthetic_pool,,,,
synthetic_overexposure,1,00003912_005.png,synthetic_pool,,,,
synthetic_overexposure,1,00003658_003.png,synthetic_pool,,,,
synthetic_overexposure,1,00002785_002.png,synthetic_pool,,,,
synthetic_overexposure,1,00002194_003.png,synthetic_pool,,,,
synthetic_overexposure,1,00003789_003.png,synthetic_pool,,,,
synthetic_overexposure,1,00001583_006.png,synthetic_pool,,,,
synthetic_overexposure,1,00003190_001.png,synthetic_pool,,,,
synthetic_overexposure,1,00003395_007.png,synthetic_pool,,,,
synthetic_overexposure,1,00001437_046 - Copy.png,synthetic_pool,,,,
synthetic_overexposure,1,00003233_008.png,synthetic_pool,,,,
synthetic_overexposure,1,00003209_003.png,synthetic_pool,,,,
synthetic_overexposure,1,00002300_016.png,synthetic_pool,,,,
synthetic_overexposure,1,00002618_000.png,synthetic_pool,,,,
synthetic_overexposure,1,00003528_057.png,synthetic_pool,,,,
synthetic_overexposure,1,00001362_007.png,synthetic_pool,,,,
synthetic_overexposure,1,00002248_001.png,synthetic_pool,,,,
synthetic_overexposure,1,00003523_033.png,synthetic_pool,,,,
synthetic_overexposure,1,00003109_010.png,synthetic_pool,,,,
synthetic_overexposure,1,00003896_005.png,synthetic_pool,,,,
synthetic_overexposure,1,00002356_003.png,synthetic_pool,,,,
synthetic_overexposure,1,00002993_003.png,synthetic_pool,,,,
synthetic_overexposure,1,00002300_022.png,synthetic_pool,,,,
synthetic_overexposure,1,00002640_003.png,synthetic_pool,,,,
synthetic_overexposure,1,00001922_000.png,synthetic_pool,,,,
synthetic_overexposure,1,00001547_002.png,synthetic_pool,,,,
synthetic_overexposure,1,00001946_025.png,synthetic_pool,,,,
synthetic_overexposure,1,00003527_004.png,synthetic_pool,,,,
synthetic_overexposure,1,00003702_004.png,synthetic_pool,,,,
synthetic_overexposure,1,00003867_009.png,synthetic_pool,,,,
synthetic_overexposure,1,00002143_009.png,synthetic_pool,,,,
synthetic_overexposure,1,00003670_001.png,synthetic_pool,,,,
synthetic_overexposure,1,00002368_000.png,synthetic_pool,,,,
synthetic_overexposure,1,00002299_009.png,synthetic_pool,,,,
synthetic_overexposure,1,00002920_000.png,synthetic_pool,,,,
synthetic_overexposure,1,00002697_000.png,synthetic_pool,,,,
synthetic_overexposure,1,00001836_039.png,synthetic_pool,,,,
synthetic_overexposure,1,00001471_000.png,synthetic_pool,,,,
synthetic_overexposure,1,00001833_003.png,synthetic_pool,,,,
synthetic_overexposure,1,00002482_003.png,synthetic_pool,,,,
synthetic_overexposure,1,00002409_001.png,synthetic_pool,,,,
synthetic_overexposure,1,00002058_003.png,synthetic_pool,,,,
synthetic_overexposure,1,00002763_001.png,synthetic_pool,,,,
synthetic_overexposure,1,00002209_000.png,synthetic_pool,,,,
synthetic_overexposure,1,00003233_000.png,synthetic_pool,,,,
synthetic_overexposure,1,00002395_011.png,synthetic_pool,,,,
synthetic_overexposure,1,00003752_002.png,synthetic_pool,,,,
synthetic_overexposure,1,00001648_005.png,synthetic_pool,,,,
synthetic_overexposure,1,00001373_055.png,synthetic_pool,,,,
synthetic_overexposure,1,00002728_010.png,synthetic_pool,,,,
synthetic_overexposure,1,00003426_032.png,synthetic_pool,,,,
synthetic_overexposure,1,00001485_003.png,synthetic_pool,,,,
synthetic_overexposure,1,00002066_014.png,synthetic_pool,,,,
synthetic_overexposure,1,00002864_005.png,synthetic_pool,,,,
synthetic_overexposure,1,00003419_001.png,synthetic_pool,,,,
synthetic_overexposure,1,00001946_023.png,synthetic_pool,,,,
synthetic_overexposure,1,00003778_001.png,synthetic_pool,,,,
synthetic_overexposure,1,00001624_002.png,synthetic_pool,,,,
synthetic_overexposure,1,00001415_000 - Copy.png,synthetic_pool,,,,
synthetic_overexposure,1,00001867_000.png,synthetic_pool,,,,
synthetic_overexposure,1,00002502_006.png,synthetic_pool,,,,
synthetic_overexposure,1,00003499_002.png,synthetic_pool,,,,
synthetic_overexposure,1,00001547_003.png,synthetic_pool,,,,
synthetic_overexposure,1,00001372_000.png,synthetic_pool,,,,
synthetic_overexposure,1,00001701_005.png,synthetic_pool,,,,
synthetic_overexposure,1,00003535_026.png,synthetic_pool,,,,
synthetic_overexposure,1,00001730_004.png,synthetic_pool,,,,
synthetic_overexposure,1,00002204_001.png,synthetic_pool,,,,
synthetic_overexposure,1,00001806_000.png,synthetic_pool,,,,
synthetic_overexposure,1,00001437_008 - Copy.png,synthetic_pool,,,,
synthetic_overexposure,1,00001534_000.png,synthetic_pool,,,,
synthetic_overexposure,1,00003148_003.png,synthetic_pool,,,,
synthetic_overexposure,1,00003166_000.png,synthetic_pool,,,,
synthetic_overexposure,1,00003647_004.png,synthetic_pool,,,,
synthetic_overexposure,1,00001851_002.png,synthetic_pool,,,,
synthetic_overexposure,1,00003647_005.png,synthetic_pool,,,,
synthetic_overexposure,1,00001656_001.png,synthetic_pool,,,,
synthetic_overexposure,1,00001783_000.png,synthetic_pool,,,,
synthetic_overexposure,1,00002843_010.png,synthetic_pool,,,,
synthetic_overexposure,1,00003771_003.png,synthetic_pool,,,,
synthetic_overexposure,1,00003658_005.png,synthetic_pool,,,,
synthetic_overexposure,1,00001629_012.png,synthetic_pool,,,,
synthetic_overexposure,1,00003012_002.png,synthetic_pool,,,,
synthetic_overexposure,1,00002756_000.png,synthetic_pool,,,,
synthetic_overexposure,1,00002356_000.png,synthetic_pool,,,,
synthetic_overexposure,1,00003593_005.png,synthetic_pool,,,,
synthetic_overexposure,1,00002482_001.png,synthetic_pool,,,,
synthetic_overexposure,1,00003649_000.png,synthetic_pool,,,,
synthetic_overexposure,1,00001900_005.png,synthetic_pool,,,,
synthetic_overexposure,1,00001398_004.png,synthetic_pool,,,,
synthetic_overexposure,1,00001957_004.png,synthetic_pool,,,,
synthetic_overexposure,1,00003916_003.png,synthetic_pool,,,,
synthetic_overexposure,1,00002316_008.png,synthetic_pool,,,,
synthetic_overexposure,1,00002275_016.png,synthetic_pool,,,,
synthetic_overexposure,1,00003377_012.png,synthetic_pool,,,,
synthetic_overexposure,1,00003096_001.png,synthetic_pool,,,,
synthetic_overexposure,1,00003834_001.png,synthetic_pool,,,,
synthetic_overexposure,1,00001650_008.png,synthetic_pool,,,,
synthetic_overexposure,1,00001957_001.png,synthetic_pool,,,,
synthetic_overexposure,1,00003521_000.png,synthetic_pool,,,,
synthetic_overexposure,1,00001697_008.png,synthetic_pool,,,,
synthetic_overexposure,1,00001481_001.png,synthetic_pool,,,,
synthetic_overexposure,1,00003528_006.png,synthetic_pool,,,,
synthetic_overexposure,1,00003344_000.png,synthetic_pool,,,,
synthetic_overexposure,1,00002839_006.png,synthetic_pool,,,,
synthetic_overexposure,1,00002433_000.png,synthetic_pool,,,,
synthetic_overexposure,1,00003478_003.png,synthetic_pool,,,,
synthetic_overexposure,1,00002207_001.png,synthetic_pool,,,,
synthetic_overexposure,1,00001538_000.png,synthetic_pool,,,,
synthetic_overexposure,1,00003812_002.png,synthetic_pool,,,,
synthetic_overexposure,1,00002842_005.png,synthetic_pool,,,,
synthetic_overexposure,1,00001375_000.png,synthetic_pool,,,,
synthetic_overexposure,1,00003064_053.png,synthetic_pool,,,,
synthetic_overexposure,1,00003028_070.png,synthetic_pool,,,,
synthetic_overexposure,1,00001958_007.png,synthetic_pool,,,,
synthetic_overexposure,1,00002856_003.png,synthetic_pool,,,,
synthetic_overexposure,1,00001429_010.png,synthetic_pool,,,,
synthetic_overexposure,1,00002576_012.png,synthetic_pool,,,,
synthetic_overexposure,1,00003005_022.png,synthetic_pool,,,,
synthetic_overexposure,1,00002856_007.png,synthetic_pool,,,,
synthetic_overexposure,1,00002846_009.png,synthetic_pool,,,,
synthetic_overexposure,1,00002377_000.png,synthetic_pool,,,,
synthetic_overexposure,1,00001724_008.png,synthetic_pool,,,,
synthetic_overexposure,1,00001742_000.png,synthetic_pool,,,,
synthetic_overexposure,1,00003203_001.png,synthetic_pool,,,,
synthetic_overexposure,1,00002058_018.png,synthetic_pool,,,,
synthetic_overexposure,1,00001561_002.png,synthetic_pool,,,,
synthetic_overexposure,1,00003519_004.png,synthetic_pool,,,,
synthetic_overexposure,1,00002248_005.png,synthetic_pool,,,,
synthetic_overexposure,1,00002663_001.png,synthetic_pool,,,,
synthetic_overexposure,1,00002156_004.png,synthetic_pool,,,,
synthetic_overexposure,1,00003393_063.png,synthetic_pool,,,,
synthetic_overexposure,1,00003263_000.png,synthetic_pool,,,,
synthetic_overexposure,1,00001837_003.png,synthetic_pool,,,,
synthetic_overexposure,1,00003534_016.png,synthetic_pool,,,,
synthetic_overexposure,1,00003841_010.png,synthetic_pool,,,,
synthetic_overexposure,1,00001818_000.png,synthetic_pool,,,,
synthetic_overexposure,1,00002466_005.png,synthetic_pool,,,,
synthetic_overexposure,1,00001373_031.png,synthetic_pool,,,,
synthetic_overexposure,1,00002606_000.png,synthetic_pool,,,,
synthetic_overexposure,1,00001836_010.png,synthetic_pool,,,,
synthetic_overexposure,1,00002512_000.png,synthetic_pool,,,,
synthetic_overexposure,1,00002439_009.png,synthetic_pool,,,,
synthetic_overexposure,1,00003726_002.png,synthetic_pool,,,,
synthetic_overexposure,1,00003709_009.png,synthetic_pool,,,,
synthetic_overexposure,1,00003789_009.png,synthetic_pool,,,,
synthetic_overexposure,1,00003749_000.png,synthetic_pool,,,,
synthetic_overexposure,1,00001441_000.png,synthetic_pool,,,,
synthetic_overexposure,1,00003351_000.png,synthetic_pool,,,,
synthetic_overexposure,1,00001500_001.png,synthetic_pool,,,,
synthetic_overexposure,1,00002660_002.png,synthetic_pool,,,,
synthetic_overexposure,1,00002824_001.png,synthetic_pool,,,,
synthetic_overexposure,1,00001736_014.png,synthetic_pool,,,,
synthetic_overexposure,1,00001402_000.png,synthetic_pool,,,,
synthetic_overexposure,1,00001723_002.png,synthetic_pool,,,,
synthetic_overexposure,1,00002407_002.png,synthetic_pool,,,,
synthetic_overexposure,1,00003721_000.png,synthetic_pool,,,,
synthetic_overexposure,1,00001654_000.png,synthetic_pool,,,,
synthetic_overexposure,1,00002033_003.png,synthetic_pool,,,,
synthetic_overexposure,1,00002649_008.png,synthetic_pool,,,,
synthetic_overexposure,1,00002720_021.png,synthetic_pool,,,,
synthetic_overexposure,1,00001715_000.png,synthetic_pool,,,,
synthetic_overexposure,1,00003739_003.png,synthetic_pool,,,,
synthetic_overexposure,1,00001362_011.png,synthetic_pool,,,,
synthetic_overexposure,1,00003528_036.png,synthetic_pool,,,,
synthetic_overexposure,1,00001836_029.png,synthetic_pool,,,,
synthetic_overexposure,1,00001862_005.png,synthetic_pool,,,,
synthetic_overexposure,1,00003393_042.png,synthetic_pool,,,,
synthetic_overexposure,1,00003028_000.png,synthetic_pool,,,,
synthetic_overexposure,1,00003076_000.png,synthetic_pool,,,,
synthetic_overexposure,1,00003382_001.png,synthetic_pool,,,,
synthetic_overexposure,1,00003480_001.png,synthetic_pool,,,,
synthetic_overexposure,1,00001723_004.png,synthetic_pool,,,,
synthetic_overexposure,1,00002919_004.png,synthetic_pool,,,,
synthetic_overexposure,1,00002911_001.png,synthetic_pool,,,,
synthetic_overexposure,1,00003254_010.png,synthetic_pool,,,,
synthetic_overexposure,1,00003322_001.png,synthetic_pool,,,,
synthetic_overexposure,1,00002321_000.png,synthetic_pool,,,,
synthetic_overexposure,1,00001995_000.png,synthetic_pool,,,,
synthetic_overexposure,1,00001698_000.png,synthetic_pool,,,,
synthetic_overexposure,1,00002371_028.png,synthetic_pool,,,,
synthetic_overexposure,1,00001429_007.png,synthetic_pool,,,,
synthetic_overexposure,1,00002782_000.png,synthetic_pool,,,,
synthetic_overexposure,1,00003005_012.png,synthetic_pool,,,,
synthetic_overexposure,1,00002398_001.png,synthetic_pool,,,,
synthetic_overexposure,1,00002702_012.png,synthetic_pool,,,,
synthetic_overexposure,1,00003805_007.png,synthetic_pool,,,,
synthetic_overexposure,1,00003876_001.png,synthetic_pool,,,,
synthetic_overexposure,1,00002219_003.png,synthetic_pool,,,,
synthetic_overexposure,1,00003713_000.png,synthetic_pool,,,,
synthetic_overexposure,1,00003425_000.png,synthetic_pool,,,,
synthetic_overexposure,1,00001836_103.png,synthetic_pool,,,,
synthetic_overexposure,1,00002058_021.png,synthetic_pool,,,,
synthetic_overexposure,1,00002122_000.png,synthetic_pool,,,,
synthetic_overexposure,1,00003727_001.png,synthetic_pool,,,,
synthetic_overexposure,1,00003159_007.png,synthetic_pool,,,,
synthetic_overexposure,1,00002435_004.png,synthetic_pool,,,,
synthetic_overexposure,1,00001613_003.png,synthetic_pool,,,,
synthetic_overexposure,1,00003275_005.png,synthetic_pool,,,,
synthetic_overexposure,1,00003052_008.png,synthetic_pool,,,,
synthetic_overexposure,1,00002425_002.png,synthetic_pool,,,,
synthetic_overexposure,1,00001458_002.png,synthetic_pool,,,,
synthetic_overexposure,1,00002330_005.png,synthetic_pool,,,,
synthetic_overexposure,1,00002299_002.png,synthetic_pool,,,,
synthetic_overexposure,1,00002403_005.png,synthetic_pool,,,,
synthetic_overexposure,1,00003528_052.png,synthetic_pool,,,,
synthetic_overexposure,1,00003126_005.png,synthetic_pool,,,,
synthetic_overexposure,1,00002466_001.png,synthetic_pool,,,,
synthetic_overexposure,1,00001847_005.png,synthetic_pool,,,,
synthetic_overexposure,1,00002866_002.png,synthetic_pool,,,,
synthetic_overexposure,1,00002043_001.png,synthetic_pool,,,,
synthetic_overexposure,1,00001437_022 - Copy.png,synthetic_pool,,,,
synthetic_overexposure,1,00003896_004.png,synthetic_pool,,,,
synthetic_overexposure,1,00002863_004.png,synthetic_pool,,,,
synthetic_overexposure,1,00003481_001.png,synthetic_pool,,,,
synthetic_overexposure,1,00003425_002.png,synthetic_pool,,,,
synthetic_overexposure,1,00001772_005.png,synthetic_pool,,,,
synthetic_overexposure,1,00001507_000.png,synthetic_pool,,,,
synthetic_overexposure,1,00002129_001.png,synthetic_pool,,,,
synthetic_overexposure,1,00003029_024.png,synthetic_pool,,,,
synthetic_overexposure,1,00002849_000.png,synthetic_pool,,,,
synthetic_overexposure,1,00003028_021.png,synthetic_pool,,,,
synthetic_overexposure,1,00001376_008.png,synthetic_pool,,,,
synthetic_overexposure,1,00002288_000.png,synthetic_pool,,,,
synthetic_overexposure,1,00003746_002.png,synthetic_pool,,,,
synthetic_overexposure,1,00002462_000.png,synthetic_pool,,,,
synthetic_overexposure,1,00001553_000.png,synthetic_pool,,,,
synthetic_overexposure,1,00003129_004.png,synthetic_pool,,,,
synthetic_overexposure,1,00003281_000.png,synthetic_pool,,,,
synthetic_overexposure,1,00002891_000.png,synthetic_pool,,,,
synthetic_overexposure,1,00003393_007.png,synthetic_pool,,,,
synthetic_overexposure,1,00002350_009.png,synthetic_pool,,,,
synthetic_overexposure,1,00003407_000.png,synthetic_pool,,,,
synthetic_overexposure,1,00001506_000.png,synthetic_pool,,,,
synthetic_overexposure,1,00001619_004.png,synthetic_pool,,,,
synthetic_overexposure,1,00002300_013.png,synthetic_pool,,,,
synthetic_overexposure,1,00002860_022.png,synthetic_pool,,,,
synthetic_overexposure,1,00003546_002.png,synthetic_pool,,,,
synthetic_overexposure,1,00001745_000.png,synthetic_pool,,,,
synthetic_overexposure,1,00003393_016.png,synthetic_pool,,,,
synthetic_overexposure,1,00003523_034.png,synthetic_pool,,,,
synthetic_overexposure,1,00002177_003.png,synthetic_pool,,,,
synthetic_overexposure,1,00003130_005.png,synthetic_pool,,,,
synthetic_overexposure,1,00002131_001.png,synthetic_pool,,,,
synthetic_overexposure,1,00001921_000.png,synthetic_pool,,,,
synthetic_overexposure,1,00001673_004.png,synthetic_pool,,,,
synthetic_overexposure,1,00001836_067.png,synthetic_pool,,,,
synthetic_overexposure,1,00002861_000.png,synthetic_pool,,,,
synthetic_overexposure,1,00003348_002.png,synthetic_pool,,,,
synthetic_overexposure,1,00002152_008.png,synthetic_pool,,,,
synthetic_overexposure,1,00003361_003.png,synthetic_pool,,,,
synthetic_overexposure,1,00001437_029.png,synthetic_pool,,,,
synthetic_overexposure,1,00003478_000.png,synthetic_pool,,,,
synthetic_overexposure,1,00001946_009.png,synthetic_pool,,,,
synthetic_overexposure,1,00001552_001.png,synthetic_pool,,,,
synthetic_overexposure,1,00001941_007.png,synthetic_pool,,,,
synthetic_overexposure,1,00003023_000.png,synthetic_pool,,,,
synthetic_overexposure,1,00003683_001.png,synthetic_pool,,,,
synthetic_overexposure,1,00003596_003.png,synthetic_pool,,,,
synthetic_overexposure,1,00002704_015.png,synthetic_pool,,,,
synthetic_overexposure,1,00003122_007.png,synthetic_pool,,,,
synthetic_overexposure,1,00001367_010.png,synthetic_pool,,,,
synthetic_overexposure,1,00003405_004.png,synthetic_pool,,,,
synthetic_overexposure,1,00003126_008.png,synthetic_pool,,,,
synthetic_overexposure,1,00001836_109.png,synthetic_pool,,,,
synthetic_overexposure,1,00003174_011.png,synthetic_pool,,,,
synthetic_overexposure,1,00003839_001.png,synthetic_pool,,,,
synthetic_overexposure,1,00002529_000.png,synthetic_pool,,,,
synthetic_overexposure,1,00002208_007.png,synthetic_pool,,,,
synthetic_overexposure,1,00001848_002.png,synthetic_pool,,,,
synthetic_overexposure,1,00002300_004.png,synthetic_pool,,,,
synthetic_overexposure,1,00003028_025.png,synthetic_pool,,,,
synthetic_overexposure,1,00001700_006.png,synthetic_pool,,,,
synthetic_overexposure,1,00003303_000.png,synthetic_pool,,,,
synthetic_overexposure,1,00002927_003.png,synthetic_pool,,,,
synthetic_overexposure,1,00002633_002.png,synthetic_pool,,,,
synthetic_overexposure,1,00003421_006.png,synthetic_pool,,,,
synthetic_overexposure,1,00001396_000.png,synthetic_pool,,,,
synthetic_overexposure,1,00001900_026.png,synthetic_pool,,,,
synthetic_overexposure,1,00001946_018.png,synthetic_pool,,,,
synthetic_overexposure,1,00003227_003.png,synthetic_pool,,,,
synthetic_overexposure,1,00002491_003.png,synthetic_pool,,,,
synthetic_overexposure,1,00001437_023 - Copy.png,synthetic_pool,,,,
synthetic_overexposure,1,00003062_009.png,synthetic_pool,,,,
synthetic_overexposure,1,00003338_000.png,synthetic_pool,,,,
synthetic_overexposure,1,00002262_004.png,synthetic_pool,,,,
synthetic_overexposure,1,00001479_000.png,synthetic_pool,,,,
synthetic_overexposure,1,00002611_003.png,synthetic_pool,,,,
synthetic_overexposure,1,00002633_034.png,synthetic_pool,,,,
synthetic_overexposure,1,00003514_003.png,synthetic_pool,,,,
synthetic_overexposure,1,00001784_000.png,synthetic_pool,,,,
synthetic_overexposure,1,00002451_008.png,synthetic_pool,,,,
synthetic_overexposure,1,00002256_010.png,synthetic_pool,,,,
synthetic_overexposure,1,00003400_005.png,synthetic_pool,,,,
synthetic_overexposure,1,00002316_010.png,synthetic_pool,,,,
synthetic_overexposure,1,00002846_011.png,synthetic_pool,,,,
synthetic_overexposure,1,00002455_000.png,synthetic_pool,,,,
synthetic_overexposure,1,00003896_003.png,synthetic_pool,,,,
synthetic_overexposure,1,00002843_013.png,synthetic_pool,,,,
synthetic_overexposure,1,00001595_001.png,synthetic_pool,,,,
synthetic_overexposure,1,00001666_000.png,synthetic_pool,,,,
synthetic_overexposure,1,00002413_005.png,synthetic_pool,,,,
synthetic_overexposure,1,00001775_005.png,synthetic_pool,,,,
synthetic_overexposure,1,00002803_008.png,synthetic_pool,,,,
synthetic_overexposure,1,00002677_000.png,synthetic_pool,,,,
synthetic_overexposure,1,00003395_001.png,synthetic_pool,,,,
synthetic_overexposure,1,00001650_003.png,synthetic_pool,,,,
synthetic_overexposure,1,00003473_000.png,synthetic_pool,,,,
synthetic_overexposure,1,00002237_002.png,synthetic_pool,,,,
synthetic_overexposure,1,00002505_011.png,synthetic_pool,,,,
synthetic_overexposure,1,00001549_003.png,synthetic_pool,,,,
synthetic_overexposure,1,00003380_000.png,synthetic_pool,,,,
synthetic_overexposure,1,00001841_001.png,synthetic_pool,,,,
synthetic_overexposure,1,00003428_002.png,synthetic_pool,,,,
synthetic_overexposure,1,00002227_003.png,synthetic_pool,,,,
synthetic_overexposure,1,00003109_009.png,synthetic_pool,,,,
synthetic_overexposure,1,00003793_001.png,synthetic_pool,,,,
synthetic_overexposure,1,00003114_002.png,synthetic_pool,,,,
synthetic_overexposure,1,00002918_000.png,synthetic_pool,,,,
synthetic_overexposure,1,00001765_000.png,synthetic_pool,,,,
synthetic_overexposure,1,00001855_021.png,synthetic_pool,,,,
synthetic_overexposure,1,00002423_002.png,synthetic_pool,,,,
synthetic_overexposure,1,00001600_001.png,synthetic_pool,,,,
synthetic_overexposure,1,00002868_006.png,synthetic_pool,,,,
synthetic_overexposure,1,00002924_000.png,synthetic_pool,,,,
synthetic_overexposure,1,00003002_011.png,synthetic_pool,,,,
synthetic_overexposure,1,00002580_003.png,synthetic_pool,,,,
synthetic_overexposure,1,00002843_005.png,synthetic_pool,,,,
synthetic_overexposure,1,00002682_001.png,synthetic_pool,,,,
synthetic_overexposure,1,00002843_007.png,synthetic_pool,,,,
synthetic_overexposure,1,00001376_000.png,synthetic_pool,,,,
synthetic_overexposure,1,00001836_072.png,synthetic_pool,,,,
synthetic_overexposure,1,00001373_020.png,synthetic_pool,,,,
synthetic_overexposure,1,00003582_000.png,synthetic_pool,,,,
synthetic_overexposure,1,00001942_000.png,synthetic_pool,,,,
synthetic_overexposure,1,00003601_007.png,synthetic_pool,,,,
synthetic_overexposure,1,00001723_003.png,synthetic_pool,,,,
synthetic_overexposure,1,00003875_008.png,synthetic_pool,,,,
synthetic_overexposure,1,00002510_000.png,synthetic_pool,,,,
synthetic_overexposure,1,00003195_000.png,synthetic_pool,,,,
synthetic_overexposure,1,00002058_031.png,synthetic_pool,,,,
synthetic_overexposure,1,00003028_026.png,synthetic_pool,,,,
synthetic_overexposure,1,00001803_008.png,synthetic_pool,,,,
synthetic_overexposure,1,00003569_001.png,synthetic_pool,,,,
synthetic_overexposure,1,00003209_005.png,synthetic_pool,,,,
synthetic_overexposure,1,00003337_001.png,synthetic_pool,,,,
synthetic_overexposure,1,00002395_025.png,synthetic_pool,,,,
synthetic_overexposure,1,00003439_006.png,synthetic_pool,,,,
synthetic_overexposure,1,00002345_006.png,synthetic_pool,,,,
synthetic_overexposure,1,00001410_000 - Copy.png,synthetic_pool,,,,
synthetic_overexposure,1,00002322_000.png,synthetic_pool,,,,
synthetic_overexposure,1,00002344_001.png,synthetic_pool,,,,
synthetic_overexposure,1,00001458_000.png,synthetic_pool,,,,
synthetic_overexposure,1,00001637_007.png,synthetic_pool,,,,
synthetic_overexposure,1,00003709_012.png,synthetic_pool,,,,
synthetic_overexposure,1,00002529_008.png,synthetic_pool,,,,
synthetic_overexposure,1,00001601_009.png,synthetic_pool,,,,
synthetic_overexposure,1,00003478_002.png,synthetic_pool,,,,
synthetic_overexposure,1,00002119_001.png,synthetic_pool,,,,
synthetic_overexposure,1,00001946_022.png,synthetic_pool,,,,
synthetic_overexposure,1,00003300_003.png,synthetic_pool,,,,
synthetic_overexposure,1,00001663_001.png,synthetic_pool,,,,
synthetic_overexposure,1,00002583_014.png,synthetic_pool,,,,
synthetic_overexposure,1,00002673_014.png,synthetic_pool,,,,
synthetic_overexposure,1,00001974_003.png,synthetic_pool,,,,
synthetic_overexposure,1,00003395_005.png,synthetic_pool,,,,
synthetic_overexposure,1,00003423_015.png,synthetic_pool,,,,
synthetic_overexposure,1,00001378_002.png,synthetic_pool,,,,
synthetic_overexposure,1,00003064_017.png,synthetic_pool,,,,
synthetic_overexposure,1,00002892_003.png,synthetic_pool,,,,
synthetic_overexposure,1,00003190_021.png,synthetic_pool,,,,
synthetic_overexposure,1,00001744_000.png,synthetic_pool,,,,
synthetic_overexposure,1,00003523_012.png,synthetic_pool,,,,
synthetic_overexposure,1,00002292_002.png,synthetic_pool,,,,
synthetic_overexposure,1,00002976_000.png,synthetic_pool,,,,
synthetic_overexposure,1,00002975_000.png,synthetic_pool,,,,
synthetic_overexposure,1,00003116_000.png,synthetic_pool,,,,
synthetic_overexposure,1,00003707_000.png,synthetic_pool,,,,
synthetic_overexposure,1,00003803_004.png,synthetic_pool,,,,
synthetic_overexposure,1,00003534_027.png,synthetic_pool,,,,
synthetic_overexposure,1,00001787_003.png,synthetic_pool,,,,
synthetic_overexposure,1,00002210_001.png,synthetic_pool,,,,
synthetic_overexposure,1,00002417_002.png,synthetic_pool,,,,
synthetic_overexposure,1,00001951_002.png,synthetic_pool,,,,
synthetic_overexposure,1,00002529_018.png,synthetic_pool,,,,
synthetic_overexposure,1,00003626_000.png,synthetic_pool,,,,
synthetic_overexposure,1,00003333_000.png,synthetic_pool,,,,
synthetic_overexposure,1,00003152_002.png,synthetic_pool,,,,
synthetic_overexposure,1,00002439_001.png,synthetic_pool,,,,
synthetic_overexposure,1,00003190_002.png,synthetic_pool,,,,
synthetic_overexposure,1,00001836_104.png,synthetic_pool,,,,
synthetic_overexposure,1,00001736_002.png,synthetic_pool,,,,
synthetic_overexposure,1,00002633_009.png,synthetic_pool,,,,
synthetic_overexposure,1,00001931_001.png,synthetic_pool,,,,
synthetic_overexposure,1,00003370_000.png,synthetic_pool,,,,
synthetic_overexposure,1,00002491_005.png,synthetic_pool,,,,
synthetic_overexposure,1,00001912_001.png,synthetic_pool,,,,
synthetic_overexposure,1,00002911_000.png,synthetic_pool,,,,
synthetic_overexposure,1,00002411_010.png,synthetic_pool,,,,
synthetic_overexposure,1,00001836_026.png,synthetic_pool,,,,
synthetic_overexposure,1,00003803_003.png,synthetic_pool,,,,
synthetic_overexposure,1,00003319_001.png,synthetic_pool,,,,
synthetic_overexposure,1,00003566_005.png,synthetic_pool,,,,
synthetic_overexposure,1,00001872_008.png,synthetic_pool,,,,
synthetic_overexposure,1,00001900_010.png,synthetic_pool,,,,
synthetic_overexposure,1,00001862_002.png,synthetic_pool,,,,
synthetic_overexposure,1,00003126_014.png,synthetic_pool,,,,
synthetic_overexposure,1,00001958_010.png,synthetic_pool,,,,
synthetic_overexposure,1,00003028_014.png,synthetic_pool,,,,
synthetic_overexposure,1,00003483_000.png,synthetic_pool,,,,
synthetic_overexposure,1,00001929_000.png,synthetic_pool,,,,
synthetic_overexposure,1,00003006_005.png,synthetic_pool,,,,
synthetic_overexposure,1,00002312_002.png,synthetic_pool,,,,
synthetic_overexposure,1,00001587_000.png,synthetic_pool,,,,
synthetic_overexposure,1,00003369_002.png,synthetic_pool,,,,
synthetic_overexposure,1,00003413_000.png,synthetic_pool,,,,
synthetic_overexposure,1,00003546_009.png,synthetic_pool,,,,
synthetic_overexposure,1,00002904_001.png,synthetic_pool,,,,
synthetic_overexposure,1,00002524_032.png,synthetic_pool,,,,
synthetic_overexposure,1,00002870_000.png,synthetic_pool,,,,
synthetic_overexposure,1,00001583_018.png,synthetic_pool,,,,
synthetic_overexposure,1,00003005_009.png,synthetic_pool,,,,
synthetic_overexposure,1,00003326_002.png,synthetic_pool,,,,
synthetic_overexposure,1,00001872_001.png,synthetic_pool,,,,
synthetic_overexposure,1,00003739_001.png,synthetic_pool,,,,
synthetic_overexposure,1,00002718_000.png,synthetic_pool,,,,
synthetic_overexposure,1,00003028_072.png,synthetic_pool,,,,
synthetic_overexposure,1,00003683_006.png,synthetic_pool,,,,
synthetic_overexposure,1,00001974_009.png,synthetic_pool,,,,
synthetic_overexposure,1,00002763_009.png,synthetic_pool,,,,
synthetic_overexposure,1,00003770_015.png,synthetic_pool,,,,
synthetic_overexposure,1,00003570_002.png,synthetic_pool,,,,
synthetic_overexposure,1,00002892_005.png,synthetic_pool,,,,
synthetic_overexposure,1,00003064_044.png,synthetic_pool,,,,
synthetic_overexposure,1,00001395_012.png,synthetic_pool,,,,
synthetic_overexposure,1,00003890_003.png,synthetic_pool,,,,
synthetic_overexposure,1,00002032_005.png,synthetic_pool,,,,
synthetic_overexposure,1,00003894_001.png,synthetic_pool,,,,
synthetic_overexposure,1,00003061_003.png,synthetic_pool,,,,
synthetic_overexposure,1,00003837_000.png,synthetic_pool,,,,
synthetic_overexposure,1,00002505_017.png,synthetic_pool,,,,
synthetic_overexposure,1,00003556_003.png,synthetic_pool,,,,
synthetic_overexposure,1,00003269_005.png,synthetic_pool,,,,
synthetic_overexposure,1,00002003_011.png,synthetic_pool,,,,
synthetic_overexposure,1,00001909_000.png,synthetic_pool,,,,
synthetic_overexposure,1,00003158_002.png,synthetic_pool,,,,
synthetic_overexposure,1,00003201_000.png,synthetic_pool,,,,
synthetic_overexposure,1,00002286_000.png,synthetic_pool,,,,
synthetic_overexposure,1,00003488_001.png,synthetic_pool,,,,
synthetic_overexposure,1,00001563_000.png,synthetic_pool,,,,
synthetic_overexposure,1,00003611_005.png,synthetic_pool,,,,
synthetic_overexposure,1,00003523_007.png,synthetic_pool,,,,
synthetic_overexposure,1,00002406_000.png,synthetic_pool,,,,
synthetic_overexposure,1,00002350_008.png,synthetic_pool,,,,
synthetic_overexposure,1,00002610_000.png,synthetic_pool,,,,
synthetic_overexposure,1,00002572_002.png,synthetic_pool,,,,
synthetic_overexposure,1,00002016_002.png,synthetic_pool,,,,
synthetic_overexposure,1,00001786_000.png,synthetic_pool,,,,
synthetic_overexposure,1,00001385_003.png,synthetic_pool,,,,
synthetic_overexposure,1,00003672_002.png,synthetic_pool,,,,
synthetic_overexposure,1,00001802_001.png,synthetic_pool,,,,
synthetic_overexposure,1,00003459_002.png,synthetic_pool,,,,
synthetic_overexposure,1,00002010_000.png,synthetic_pool,,,,
synthetic_overexposure,1,00001755_004.png,synthetic_pool,,,,
synthetic_overexposure,1,00001555_007.png,synthetic_pool,,,,
synthetic_overexposure,1,00002344_005.png,synthetic_pool,,,,
synthetic_overexposure,1,00002208_011.png,synthetic_pool,,,,
synthetic_overexposure,1,00002834_005.png,synthetic_pool,,,,
synthetic_overexposure,1,00001736_023.png,synthetic_pool,,,,
synthetic_overexposure,1,00001805_005.png,synthetic_pool,,,,
synthetic_overexposure,1,00002364_001.png,synthetic_pool,,,,
synthetic_overexposure,1,00003517_001.png,synthetic_pool,,,,
synthetic_overexposure,1,00003300_008.png,synthetic_pool,,,,
synthetic_overexposure,1,00002437_041.png,synthetic_pool,,,,
synthetic_overexposure,1,00002016_004.png,synthetic_pool,,,,
synthetic_overexposure,1,00001684_020.png,synthetic_pool,,,,
synthetic_overexposure,1,00002411_015.png,synthetic_pool,,,,
synthetic_overexposure,1,00002706_006.png,synthetic_pool,,,,
synthetic_overexposure,1,00002371_006.png,synthetic_pool,,,,
synthetic_overexposure,1,00002825_009.png,synthetic_pool,,,,
synthetic_overexposure,1,00003682_000.png,synthetic_pool,,,,
synthetic_overexposure,1,00003430_002.png,synthetic_pool,,,,
synthetic_overexposure,1,00003353_008.png,synthetic_pool,,,,
synthetic_overexposure,1,00003728_000.png,synthetic_pool,,,,
synthetic_overexposure,1,00003709_006.png,synthetic_pool,,,,
synthetic_overexposure,1,00002547_001.png,synthetic_pool,,,,
synthetic_overexposure,1,00003803_010.png,synthetic_pool,,,,
synthetic_overexposure,1,00001979_003.png,synthetic_pool,,,,
synthetic_overexposure,1,00001616_006.png,synthetic_pool,,,,
synthetic_overexposure,1,00001713_000.png,synthetic_pool,,,,
synthetic_overexposure,1,00003288_002.png,synthetic_pool,,,,
synthetic_overexposure,1,00001353_000.png,synthetic_pool,,,,
synthetic_overexposure,1,00002300_052.png,synthetic_pool,,,,
synthetic_overexposure,1,00002673_021.png,synthetic_pool,,,,
synthetic_overexposure,1,00003534_019.png,synthetic_pool,,,,
synthetic_overexposure,1,00003658_007.png,synthetic_pool,,,,
synthetic_overexposure,1,00003459_012.png,synthetic_pool,,,,
synthetic_overexposure,1,00003028_023.png,synthetic_pool,,,,
synthetic_overexposure,1,00003560_000.png,synthetic_pool,,,,
synthetic_overexposure,1,00002017_001.png,synthetic_pool,,,,
synthetic_overexposure,1,00002632_000.png,synthetic_pool,,,,
synthetic_overexposure,1,00002081_003.png,synthetic_pool,,,,
synthetic_overexposure,1,00002644_017.png,synthetic_pool,,,,
synthetic_overexposure,1,00003578_000.png,synthetic_pool,,,,
synthetic_overexposure,1,00002425_007.png,synthetic_pool,,,,
synthetic_overexposure,1,00002723_003.png,synthetic_pool,,,,
synthetic_overexposure,1,00003360_000.png,synthetic_pool,,,,
synthetic_overexposure,1,00002042_000.png,synthetic_pool,,,,
synthetic_overexposure,1,00001549_015.png,synthetic_pool,,,,
synthetic_overexposure,1,00002135_001.png,synthetic_pool,,,,
synthetic_overexposure,1,00003129_010.png,synthetic_pool,,,,
synthetic_overexposure,1,00001736_015.png,synthetic_pool,,,,
synthetic_overexposure,1,00002238_007.png,synthetic_pool,,,,
synthetic_overexposure,1,00002718_002.png,synthetic_pool,,,,
synthetic_overexposure,1,00002783_001.png,synthetic_pool,,,,
synthetic_overexposure,1,00003433_000.png,synthetic_pool,,,,
synthetic_overexposure,1,00002843_003.png,synthetic_pool,,,,
synthetic_overexposure,1,00003662_004.png,synthetic_pool,,,,
synthetic_overexposure,1,00002858_004.png,synthetic_pool,,,,
synthetic_overexposure,1,00003363_001.png,synthetic_pool,,,,
synthetic_overexposure,1,00002856_004.png,synthetic_pool,,,,
synthetic_overexposure,1,00001912_003.png,synthetic_pool,,,,
synthetic_overexposure,1,00002794_000.png,synthetic_pool,,,,
synthetic_overexposure,1,00002753_000.png,synthetic_pool,,,,
synthetic_overexposure,1,00002765_006.png,synthetic_pool,,,,
synthetic_overexposure,1,00001503_000.png,synthetic_pool,,,,
synthetic_overexposure,1,00003837_007.png,synthetic_pool,,,,
synthetic_overexposure,1,00002156_002.png,synthetic_pool,,,,
synthetic_overexposure,1,00001992_007.png,synthetic_pool,,,,
synthetic_overexposure,1,00002530_000.png,synthetic_pool,,,,
synthetic_overexposure,1,00001718_003.png,synthetic_pool,,,,
synthetic_overexposure,1,00001385_012.png,synthetic_pool,,,,
synthetic_overexposure,1,00001946_015.png,synthetic_pool,,,,
synthetic_overexposure,1,00002350_021.png,synthetic_pool,,,,
synthetic_overexposure,1,00001517_000.png,synthetic_pool,,,,
synthetic_overexposure,1,00002529_014.png,synthetic_pool,,,,
synthetic_overexposure,1,00002395_028.png,synthetic_pool,,,,
synthetic_overexposure,1,00002919_006.png,synthetic_pool,,,,
synthetic_overexposure,1,00001736_003.png,synthetic_pool,,,,
synthetic_overexposure,1,00001496_002.png,synthetic_pool,,,,
synthetic_overexposure,1,00002275_020.png,synthetic_pool,,,,
synthetic_overexposure,1,00002371_009.png,synthetic_pool,,,,
synthetic_overexposure,1,00002419_000.png,synthetic_pool,,,,
synthetic_overexposure,1,00003733_004.png,synthetic_pool,,,,
synthetic_overexposure,1,00002817_013.png,synthetic_pool,,,,
synthetic_overexposure,1,00002350_005.png,synthetic_pool,,,,
synthetic_overexposure,1,00003029_010.png,synthetic_pool,,,,
synthetic_overexposure,1,00001488_000.png,synthetic_pool,,,,
synthetic_overexposure,1,00002529_003.png,synthetic_pool,,,,
synthetic_overexposure,1,00001409_011 - Copy.png,synthetic_pool,,,,
synthetic_overexposure,1,00001634_005.png,synthetic_pool,,,,
synthetic_overexposure,1,00001811_000.png,synthetic_pool,,,,
synthetic_overexposure,1,00001836_116.png,synthetic_pool,,,,
synthetic_overexposure,1,00001755_005.png,synthetic_pool,,,,
synthetic_overexposure,1,00002436_000.png,synthetic_pool,,,,
synthetic_overexposure,1,00002054_003.png,synthetic_pool,,,,
synthetic_overexposure,1,00002895_000.png,synthetic_pool,,,,
synthetic_overexposure,1,00001547_008.png,synthetic_pool,,,,
synthetic_overexposure,1,00003368_000.png,synthetic_pool,,,,
synthetic_overexposure,1,00003466_000.png,synthetic_pool,,,,
synthetic_overexposure,1,00003016_000.png,synthetic_pool,,,,
synthetic_overexposure,1,00003542_000.png,synthetic_pool,,,,
synthetic_overexposure,1,00002254_002.png,synthetic_pool,,,,
synthetic_overexposure,1,00002227_005.png,synthetic_pool,,,,
synthetic_overexposure,1,00001650_002.png,synthetic_pool,,,,
synthetic_overexposure,1,00003730_002.png,synthetic_pool,,,,
synthetic_overexposure,1,00002802_009.png,synthetic_pool,,,,
synthetic_overexposure,1,00001526_007.png,synthetic_pool,,,,
synthetic_overexposure,1,00002344_002.png,synthetic_pool,,,,
synthetic_overexposure,1,00002003_010.png,synthetic_pool,,,,
synthetic_overexposure,1,00003168_000.png,synthetic_pool,,,,
synthetic_overexposure,1,00002529_029.png,synthetic_pool,,,,
synthetic_overexposure,1,00002337_002.png,synthetic_pool,,,,
synthetic_overexposure,1,00003072_011.png,synthetic_pool,,,,
synthetic_overexposure,1,00003294_000.png,synthetic_pool,,,,
synthetic_overexposure,1,00002132_000.png,synthetic_pool,,,,
synthetic_overexposure,1,00002350_000.png,synthetic_pool,,,,
synthetic_overexposure,1,00003744_000.png,synthetic_pool,,,,
synthetic_overexposure,1,00003300_005.png,synthetic_pool,,,,
synthetic_overexposure,1,00003292_005.png,synthetic_pool,,,,
synthetic_overexposure,1,00001906_004.png,synthetic_pool,,,,
synthetic_overexposure,1,00002509_001.png,synthetic_pool,,,,
synthetic_overexposure,1,00001638_002.png,synthetic_pool,,,,
synthetic_overexposure,1,00002704_023.png,synthetic_pool,,,,
synthetic_overexposure,1,00001738_000.png,synthetic_pool,,,,
synthetic_overexposure,1,00003080_000.png,synthetic_pool,,,,
synthetic_overexposure,1,00001421_001 - Copy.png,synthetic_pool,,,,
synthetic_overexposure,1,00003221_011.png,synthetic_pool,,,,
synthetic_overexposure,1,00001833_009.png,synthetic_pool,,,,
synthetic_overexposure,1,00003022_008.png,synthetic_pool,,,,
synthetic_overexposure,1,00002274_004.png,synthetic_pool,,,,
synthetic_overexposure,1,00002712_000.png,synthetic_pool,,,,
synthetic_overexposure,1,00003393_021.png,synthetic_pool,,,,
synthetic_overexposure,1,00002000_004.png,synthetic_pool,,,,
synthetic_overexposure,1,00003262_000.png,synthetic_pool,,,,
synthetic_overexposure,1,00003709_000.png,synthetic_pool,,,,
synthetic_overexposure,1,00001968_002.png,synthetic_pool,,,,
synthetic_overexposure,1,00001437_024.png,synthetic_pool,,,,
synthetic_overexposure,1,00003459_032.png,synthetic_pool,,,,
synthetic_overexposure,1,00002386_009.png,synthetic_pool,,,,
synthetic_overexposure,1,00003510_005.png,synthetic_pool,,,,
synthetic_overexposure,1,00003381_002.png,synthetic_pool,,,,
synthetic_overexposure,1,00002720_012.png,synthetic_pool,,,,
synthetic_overexposure,1,00002092_000.png,synthetic_pool,,,,
synthetic_overexposure,1,00003140_010.png,synthetic_pool,,,,
synthetic_overexposure,1,00001415_003 - Copy.png,synthetic_pool,,,,
synthetic_overexposure,1,00003295_003.png,synthetic_pool,,,,
synthetic_overexposure,1,00001820_003.png,synthetic_pool,,,,
synthetic_overexposure,1,00001437_029 - Copy.png,synthetic_pool,,,,
synthetic_overexposure,1,00001951_001.png,synthetic_pool,,,,
synthetic_overexposure,1,00001363_000.png,synthetic_pool,,,,
synthetic_overexposure,1,00001836_001.png,synthetic_pool,,,,
synthetic_overexposure,1,00002197_001.png,synthetic_pool,,,,
synthetic_overexposure,1,00002537_003.png,synthetic_pool,,,,
synthetic_overexposure,1,00003191_002.png,synthetic_pool,,,,
synthetic_overexposure,1,00003028_038.png,synthetic_pool,,,,
synthetic_overexposure,1,00003574_013.png,synthetic_pool,,,,
synthetic_overexposure,1,00003367_003.png,synthetic_pool,,,,
synthetic_overexposure,1,00001946_029.png,synthetic_pool,,,,
synthetic_overexposure,1,00002330_003.png,synthetic_pool,,,,
synthetic_overexposure,1,00003122_014.png,synthetic_pool,,,,
synthetic_overexposure,1,00002344_008.png,synthetic_pool,,,,
synthetic_overexposure,1,00001832_001.png,synthetic_pool,,,,
synthetic_overexposure,1,00003230_001.png,synthetic_pool,,,,
synthetic_overexposure,1,00001819_007.png,synthetic_pool,,,,
synthetic_overexposure,1,00002661_000.png,synthetic_pool,,,,
synthetic_overexposure,1,00002611_008.png,synthetic_pool,,,,
synthetic_overexposure,1,00002877_001.png,synthetic_pool,,,,
synthetic_overexposure,1,00002816_003.png,synthetic_pool,,,,
synthetic_overexposure,1,00002381_006.png,synthetic_pool,,,,
synthetic_overexposure,1,00002198_000.png,synthetic_pool,,,,
synthetic_overexposure,1,00003091_000.png,synthetic_pool,,,,
synthetic_overexposure,1,00003393_035.png,synthetic_pool,,,,
synthetic_overexposure,1,00003534_023.png,synthetic_pool,,,,
synthetic_overexposure,1,00001437_014 - Copy.png,synthetic_pool,,,,
synthetic_overexposure,1,00003807_000.png,synthetic_pool,,,,
synthetic_overexposure,1,00002633_012.png,synthetic_pool,,,,
synthetic_overexposure,1,00002050_000.png,synthetic_pool,,,,
synthetic_overexposure,1,00003256_000.png,synthetic_pool,,,,
synthetic_overexposure,1,00002312_007.png,synthetic_pool,,,,
synthetic_overexposure,1,00001504_010.png,synthetic_pool,,,,
synthetic_overexposure,1,00001492_002.png,synthetic_pool,,,,
synthetic_overexposure,1,00002766_001.png,synthetic_pool,,,,
synthetic_overexposure,1,00003722_016.png,synthetic_pool,,,,
synthetic_overexposure,1,00003349_000.png,synthetic_pool,,,,
synthetic_overexposure,1,00001432_000.png,synthetic_pool,,,,
synthetic_overexposure,1,00001389_004.png,synthetic_pool,,,,
synthetic_overexposure,1,00003782_000.png,synthetic_pool,,,,
synthetic_overexposure,1,00002957_001.png,synthetic_pool,,,,
synthetic_overexposure,1,00002470_000.png,synthetic_pool,,,,
synthetic_overexposure,1,00003336_000.png,synthetic_pool,,,,
synthetic_overexposure,1,00001471_001.png,synthetic_pool,,,,
synthetic_overexposure,1,00002309_000.png,synthetic_pool,,,,
synthetic_overexposure,1,00001483_013.png,synthetic_pool,,,,
synthetic_overexposure,1,00003528_041.png,synthetic_pool,,,,
synthetic_overexposure,1,00001437_000 - Copy.png,synthetic_pool,,,,
synthetic_overexposure,1,00003418_000.png,synthetic_pool,,,,
synthetic_overexposure,1,00003893_000.png,synthetic_pool,,,,
synthetic_overexposure,1,00001577_003.png,synthetic_pool,,,,
synthetic_overexposure,1,00003126_009.png,synthetic_pool,,,,
synthetic_overexposure,1,00003751_004.png,synthetic_pool,,,,
synthetic_overexposure,1,00001836_009.png,synthetic_pool,,,,
synthetic_overexposure,1,00002484_000.png,synthetic_pool,,,,
synthetic_overexposure,1,00002378_002.png,synthetic_pool,,,,
synthetic_overexposure,1,00001948_001.png,synthetic_pool,,,,
synthetic_overexposure,1,00002411_003.png,synthetic_pool,,,,
synthetic_overexposure,1,00001836_008.png,synthetic_pool,,,,
synthetic_overexposure,1,00003425_004.png,synthetic_pool,,,,
synthetic_overexposure,1,00002337_004.png,synthetic_pool,,,,
synthetic_overexposure,1,00001445_002.png,synthetic_pool,,,,
synthetic_overexposure,1,00002410_002.png,synthetic_pool,,,,
synthetic_overexposure,1,00002474_002.png,synthetic_pool,,,,
synthetic_overexposure,1,00001528_002.png,synthetic_pool,,,,
synthetic_overexposure,1,00002860_019.png,synthetic_pool,,,,
synthetic_overexposure,1,00001688_000.png,synthetic_pool,,,,
synthetic_overexposure,1,00002490_000.png,synthetic_pool,,,,
synthetic_overexposure,1,00002583_000.png,synthetic_pool,,,,
synthetic_overexposure,1,00002892_008.png,synthetic_pool,,,,
synthetic_overexposure,1,00002940_000.png,synthetic_pool,,,,
synthetic_overexposure,1,00002839_005.png,synthetic_pool,,,,
synthetic_overexposure,1,00003394_005.png,synthetic_pool,,,,
synthetic_overexposure,1,00002704_012.png,synthetic_pool,,,,
synthetic_overexposure,1,00001512_002.png,synthetic_pool,,,,
synthetic_overexposure,1,00003028_010.png,synthetic_pool,,,,
synthetic_overexposure,1,00001671_001.png,synthetic_pool,,,,
synthetic_overexposure,1,00002856_009.png,synthetic_pool,,,,
synthetic_overexposure,1,00001944_000.png,synthetic_pool,,,,
synthetic_overexposure,1,00003004_000.png,synthetic_pool,,,,
synthetic_overexposure,1,00003563_001.png,synthetic_pool,,,,
synthetic_overexposure,1,00003907_000.png,synthetic_pool,,,,
synthetic_overexposure,1,00001437_012.png,synthetic_pool,,,,
synthetic_overexposure,1,00003262_001.png,synthetic_pool,,,,
synthetic_overexposure,1,00002491_000.png,synthetic_pool,,,,
synthetic_overexposure,1,00003494_002.png,synthetic_pool,,,,
synthetic_overexposure,1,00003268_002.png,synthetic_pool,,,,
synthetic_overexposure,1,00002316_002.png,synthetic_pool,,,,
synthetic_overexposure,1,00001673_002.png,synthetic_pool,,,,
synthetic_overexposure,1,00001371_004.png,synthetic_pool,,,,
synthetic_overexposure,1,00002032_014.png,synthetic_pool,,,,
synthetic_overexposure,1,00001860_001.png,synthetic_pool,,,,
synthetic_overexposure,1,00002673_018.png,synthetic_pool,,,,
synthetic_overexposure,1,00002504_000.png,synthetic_pool,,,,
synthetic_overexposure,1,00003546_012.png,synthetic_pool,,,,
synthetic_overexposure,1,00003706_000.png,synthetic_pool,,,,
synthetic_overexposure,1,00003157_000.png,synthetic_pool,,,,
synthetic_overexposure,1,00002815_003.png,synthetic_pool,,,,
synthetic_overexposure,1,00003602_001.png,synthetic_pool,,,,
synthetic_overexposure,1,00003546_000.png,synthetic_pool,,,,
synthetic_overexposure,1,00002345_001.png,synthetic_pool,,,,
synthetic_overexposure,1,00001814_000.png,synthetic_pool,,,,
synthetic_overexposure,1,00002395_026.png,synthetic_pool,,,,
synthetic_overexposure,1,00003468_010.png,synthetic_pool,,,,
synthetic_overexposure,1,00002104_001.png,synthetic_pool,,,,
synthetic_overexposure,1,00001577_002.png,synthetic_pool,,,,
synthetic_overexposure,1,00002730_000.png,synthetic_pool,,,,
synthetic_overexposure,1,00003856_002.png,synthetic_pool,,,,
synthetic_overexposure,1,00002300_002.png,synthetic_pool,,,,
synthetic_overexposure,1,00002326_000.png,synthetic_pool,,,,
synthetic_overexposure,1,00003516_000.png,synthetic_pool,,,,
synthetic_overexposure,1,00001437_044 - Copy.png,synthetic_pool,,,,
synthetic_overexposure,1,00002353_002.png,synthetic_pool,,,,
synthetic_overexposure,1,00003535_021.png,synthetic_pool,,,,
synthetic_overexposure,1,00002722_003.png,synthetic_pool,,,,
synthetic_overexposure,1,00001851_000.png,synthetic_pool,,,,
synthetic_overexposure,1,00003720_002.png,synthetic_pool,,,,
synthetic_overexposure,1,00002866_005.png,synthetic_pool,,,,
synthetic_overexposure,1,00002058_001.png,synthetic_pool,,,,
synthetic_overexposure,1,00003548_008.png,synthetic_pool,,,,
synthetic_overexposure,1,00003373_000.png,synthetic_pool,,,,
synthetic_overexposure,1,00001683_000.png,synthetic_pool,,,,
synthetic_overexposure,1,00003647_010.png,synthetic_pool,,,,
synthetic_overexposure,1,00003863_008.png,synthetic_pool,,,,
synthetic_overexposure,1,00001937_000.png,synthetic_pool,,,,
synthetic_overexposure,1,00002784_002.png,synthetic_pool,,,,
synthetic_overexposure,1,00002300_041.png,synthetic_pool,,,,
synthetic_overexposure,1,00001534_008.png,synthetic_pool,,,,
synthetic_overexposure,1,00001558_022.png,synthetic_pool,,,,
synthetic_overexposure,1,00003840_003.png,synthetic_pool,,,,
synthetic_overexposure,1,00003654_000.png,synthetic_pool,,,,
synthetic_overexposure,1,00003546_017.png,synthetic_pool,,,,
synthetic_overexposure,1,00003503_001.png,synthetic_pool,,,,
synthetic_overexposure,1,00001855_038.png,synthetic_pool,,,,
synthetic_overexposure,1,00002817_010.png,synthetic_pool,,,,
synthetic_overexposure,1,00001517_002.png,synthetic_pool,,,,
synthetic_overexposure,1,00003868_001.png,synthetic_pool,,,,
synthetic_overexposure,1,00003028_037.png,synthetic_pool,,,,
synthetic_overexposure,1,00002117_006.png,synthetic_pool,,,,
synthetic_overexposure,1,00003874_000.png,synthetic_pool,,,,
synthetic_overexposure,1,00003459_009.png,synthetic_pool,,,,
synthetic_overexposure,1,00003002_021.png,synthetic_pool,,,,
synthetic_overexposure,1,00003269_003.png,synthetic_pool,,,,
synthetic_overexposure,1,00002484_004.png,synthetic_pool,,,,
synthetic_overexposure,1,00002394_000.png,synthetic_pool,,,,
synthetic_overexposure,1,00003209_001.png,synthetic_pool,,,,
synthetic_overexposure,1,00001730_000.png,synthetic_pool,,,,
synthetic_overexposure,1,00003637_004.png,synthetic_pool,,,,
synthetic_overexposure,1,00001437_028.png,synthetic_pool,,,,
synthetic_overexposure,1,00003875_011.png,synthetic_pool,,,,
synthetic_overexposure,1,00002793_000.png,synthetic_pool,,,,
synthetic_overexposure,1,00002763_013.png,synthetic_pool,,,,
synthetic_overexposure,1,00001787_000.png,synthetic_pool,,,,
synthetic_overexposure,1,00002883_001.png,synthetic_pool,,,,
synthetic_overexposure,1,00002747_000.png,synthetic_pool,,,,
synthetic_overexposure,1,00003162_001.png,synthetic_pool,,,,
synthetic_overexposure,1,00002066_013.png,synthetic_pool,,,,
synthetic_overexposure,1,00001526_000.png,synthetic_pool,,,,
synthetic_overexposure,1,00001395_014.png,synthetic_pool,,,,
synthetic_overexposure,1,00002728_000.png,synthetic_pool,,,,
synthetic_overexposure,1,00001777_000.png,synthetic_pool,,,,
synthetic_overexposure,1,00002074_000.png,synthetic_pool,,,,
synthetic_overexposure,1,00002248_004.png,synthetic_pool,,,,
synthetic_overexposure,1,00003599_002.png,synthetic_pool,,,,
synthetic_overexposure,1,00002572_001.png,synthetic_pool,,,,
synthetic_overexposure,1,00001534_003.png,synthetic_pool,,,,
synthetic_overexposure,1,00001631_000.png,synthetic_pool,,,,
synthetic_overexposure,1,00001948_002.png,synthetic_pool,,,,
synthetic_overexposure,1,00001900_028.png,synthetic_pool,,,,
synthetic_overexposure,1,00003153_001.png,synthetic_pool,,,,
synthetic_overexposure,1,00003360_006.png,synthetic_pool,,,,
synthetic_overexposure,1,00002583_009.png,synthetic_pool,,,,
synthetic_overexposure,1,00003693_004.png,synthetic_pool,,,,
synthetic_overexposure,1,00002271_005.png,synthetic_pool,,,,
synthetic_overexposure,1,00002167_000.png,synthetic_pool,,,,
synthetic_overexposure,1,00001993_001.png,synthetic_pool,,,,
synthetic_overexposure,1,00002037_000.png,synthetic_pool,,,,
synthetic_overexposure,1,00003888_000.png,synthetic_pool,,,,
synthetic_overexposure,1,00002509_000.png,synthetic_pool,,,,
synthetic_overexposure,1,00001802_000.png,synthetic_pool,,,,
synthetic_overexposure,1,00002229_004.png,synthetic_pool,,,,
synthetic_overexposure,1,00003689_002.png,synthetic_pool,,,,
synthetic_overexposure,1,00003002_022.png,synthetic_pool,,,,
synthetic_overexposure,1,00003053_001.png,synthetic_pool,,,,
synthetic_overexposure,1,00002383_004.png,synthetic_pool,,,,
synthetic_overexposure,1,00003914_001.png,synthetic_pool,,,,
synthetic_overexposure,1,00002444_004.png,synthetic_pool,,,,
synthetic_overexposure,1,00002846_013.png,synthetic_pool,,,,
synthetic_overexposure,1,00002256_000.png,synthetic_pool,,,,
synthetic_overexposure,1,00003528_066.png,synthetic_pool,,,,
synthetic_overexposure,1,00002491_009.png,synthetic_pool,,,,
synthetic_overexposure,1,00001629_005.png,synthetic_pool,,,,
synthetic_overexposure,1,00003028_041.png,synthetic_pool,,,,
synthetic_overexposure,1,00002080_002.png,synthetic_pool,,,,
synthetic_overexposure,1,00003610_023.png,synthetic_pool,,,,
synthetic_overexposure,1,00001661_001.png,synthetic_pool,,,,
synthetic_overexposure,1,00002222_000.png,synthetic_pool,,,,
synthetic_overexposure,1,00003719_010.png,synthetic_pool,,,,
synthetic_overexposure,1,00002201_007.png,synthetic_pool,,,,
synthetic_overexposure,1,00003163_000.png,synthetic_pool,,,,
synthetic_overexposure,1,00003535_005.png,synthetic_pool,,,,
synthetic_overexposure,1,00003028_018.png,synthetic_pool,,,,
synthetic_overexposure,1,00003281_001.png,synthetic_pool,,,,
synthetic_overexposure,1,00001378_000.png,synthetic_pool,,,,
synthetic_overexposure,1,00003606_000.png,synthetic_pool,,,,
synthetic_overexposure,1,00002186_000.png,synthetic_pool,,,,
synthetic_overexposure,1,00002666_003.png,synthetic_pool,,,,
synthetic_overexposure,1,00002812_001.png,synthetic_pool,,,,
synthetic_overexposure,1,00002474_003.png,synthetic_pool,,,,
synthetic_overexposure,1,00002239_011.png,synthetic_pool,,,,
synthetic_overexposure,1,00002599_007.png,synthetic_pool,,,,
synthetic_overexposure,1,00001437_046.png,synthetic_pool,,,,
synthetic_overexposure,1,00002427_000.png,synthetic_pool,,,,
synthetic_overexposure,1,00001814_008.png,synthetic_pool,,,,
synthetic_overexposure,1,00003787_003.png,synthetic_pool,,,,
synthetic_overexposure,1,00005729_000.png,synthetic_pool,,,,
synthetic_overexposure,1,00004767_000.png,synthetic_pool,,,,
synthetic_overexposure,1,00004893_052.png,synthetic_pool,,,,
synthetic_overexposure,1,00005491_000.png,synthetic_pool,,,,
synthetic_overexposure,1,00004490_004.png,synthetic_pool,,,,
synthetic_overexposure,1,00006031_001.png,synthetic_pool,,,,
synthetic_overexposure,1,00006435_000.png,synthetic_pool,,,,
synthetic_overexposure,1,00005066_028.png,synthetic_pool,,,,
synthetic_overexposure,1,00006541_001.png,synthetic_pool,,,,
synthetic_overexposure,1,00004342_058.png,synthetic_pool,,,,
synthetic_overexposure,1,00005730_002.png,synthetic_pool,,,,
synthetic_overexposure,1,00006271_068.png,synthetic_pool,,,,
synthetic_overexposure,1,00005986_012.png,synthetic_pool,,,,
synthetic_overexposure,1,00005679_003.png,synthetic_pool,,,,
synthetic_overexposure,1,00005298_001.png,synthetic_pool,,,,
synthetic_overexposure,1,00005026_006.png,synthetic_pool,,,,
synthetic_overexposure,1,00004822_009.png,synthetic_pool,,,,
synthetic_overexposure,1,00004118_002.png,synthetic_pool,,,,
synthetic_overexposure,1,00005646_020.png,synthetic_pool,,,,
synthetic_overexposure,1,00004808_023.png,synthetic_pool,,,,
synthetic_overexposure,1,00005274_006.png,synthetic_pool,,,,
synthetic_overexposure,1,00004522_000.png,synthetic_pool,,,,
synthetic_overexposure,1,00006148_000.png,synthetic_pool,,,,
synthetic_overexposure,1,00005467_001.png,synthetic_pool,,,,
synthetic_overexposure,1,00006436_011.png,synthetic_pool,,,,
synthetic_overexposure,1,00004747_000.png,synthetic_pool,,,,
synthetic_overexposure,1,00005742_008.png,synthetic_pool,,,,
synthetic_overexposure,1,00004909_001.png,synthetic_pool,,,,
synthetic_overexposure,1,00005066_031.png,synthetic_pool,,,,
synthetic_overexposure,1,00005318_000.png,synthetic_pool,,,,
synthetic_overexposure,1,00005066_061.png,synthetic_pool,,,,
synthetic_overexposure,1,00005029_003.png,synthetic_pool,,,,
synthetic_overexposure,1,00004196_004.png,synthetic_pool,,,,
synthetic_overexposure,1,00005133_003.png,synthetic_pool,,,,
synthetic_overexposure,1,00004973_001.png,synthetic_pool,,,,
synthetic_overexposure,1,00003962_001.png,synthetic_pool,,,,
synthetic_overexposure,1,00005403_005.png,synthetic_pool,,,,
synthetic_overexposure,1,00006033_000.png,synthetic_pool,,,,
synthetic_overexposure,1,00005372_021.png,synthetic_pool,,,,
synthetic_overexposure,1,00005327_003.png,synthetic_pool,,,,
synthetic_overexposure,1,00005202_005.png,synthetic_pool,,,,
synthetic_overexposure,1,00005254_007.png,synthetic_pool,,,,
synthetic_overexposure,1,00006252_015.png,synthetic_pool,,,,
synthetic_overexposure,1,00005962_030.png,synthetic_pool,,,,
synthetic_overexposure,1,00005384_002.png,synthetic_pool,,,,
synthetic_overexposure,1,00004425_006.png,synthetic_pool,,,,
synthetic_overexposure,1,00005270_002.png,synthetic_pool,,,,
synthetic_overexposure,1,00005026_002.png,synthetic_pool,,,,
synthetic_overexposure,1,00005907_006.png,synthetic_pool,,,,
synthetic_overexposure,1,00006317_003.png,synthetic_pool,,,,
synthetic_overexposure,1,00005684_002.png,synthetic_pool,,,,
synthetic_overexposure,1,00004006_067.png,synthetic_pool,,,,
synthetic_overexposure,1,00004822_032.png,synthetic_pool,,,,
synthetic_overexposure,1,00004278_003.png,synthetic_pool,,,,
synthetic_overexposure,1,00006123_002.png,synthetic_pool,,,,
synthetic_overexposure,1,00005705_001.png,synthetic_pool,,,,
synthetic_overexposure,1,00005094_005.png,synthetic_pool,,,,
synthetic_overexposure,1,00006533_001.png,synthetic_pool,,,,
synthetic_overexposure,1,00004893_074.png,synthetic_pool,,,,
synthetic_overexposure,1,00004876_003.png,synthetic_pool,,,,
synthetic_overexposure,1,00004461_010.png,synthetic_pool,,,,
synthetic_overexposure,1,00005681_022.png,synthetic_pool,,,,
synthetic_overexposure,1,00005977_014.png,synthetic_pool,,,,
synthetic_overexposure,1,00005977_010.png,synthetic_pool,,,,
synthetic_overexposure,1,00004381_048.png,synthetic_pool,,,,
synthetic_overexposure,1,00004943_003.png,synthetic_pool,,,,
synthetic_overexposure,1,00005693_003.png,synthetic_pool,,,,
synthetic_overexposure,1,00006291_001.png,synthetic_pool,,,,
synthetic_overexposure,1,00004644_000.png,synthetic_pool,,,,
synthetic_overexposure,1,00006128_000.png,synthetic_pool,,,,
synthetic_overexposure,1,00005832_006.png,synthetic_pool,,,,
synthetic_overexposure,1,00006304_057.png,synthetic_pool,,,,
synthetic_overexposure,1,00006434_001.png,synthetic_pool,,,,
synthetic_overexposure,1,00005204_000.png,synthetic_pool,,,,
synthetic_overexposure,1,00004342_045.png,synthetic_pool,,,,
synthetic_overexposure,1,00004858_058.png,synthetic_pool,,,,
synthetic_overexposure,1,00005832_007.png,synthetic_pool,,,,
synthetic_overexposure,1,00004435_018.png,synthetic_pool,,,,
synthetic_overexposure,1,00004317_001.png,synthetic_pool,,,,
synthetic_overexposure,1,00005963_027.png,synthetic_pool,,,,
synthetic_overexposure,1,00006498_001.png,synthetic_pool,,,,
synthetic_overexposure,1,00003950_003.png,synthetic_pool,,,,
synthetic_overexposure,1,00004893_000.png,synthetic_pool,,,,
synthetic_overexposure,1,00004277_000.png,synthetic_pool,,,,
synthetic_overexposure,1,00005502_003.png,synthetic_pool,,,,
synthetic_overexposure,1,00005573_003.png,synthetic_pool,,,,
synthetic_overexposure,1,00006481_021.png,synthetic_pool,,,,
synthetic_overexposure,1,00006559_002.png,synthetic_pool,,,,
synthetic_overexposure,1,00005397_000.png,synthetic_pool,,,,
synthetic_overexposure,1,00004623_007.png,synthetic_pool,,,,
synthetic_overexposure,1,00004808_075.png,synthetic_pool,,,,
synthetic_overexposure,1,00005759_004.png,synthetic_pool,,,,
synthetic_overexposure,1,00005365_026.png,synthetic_pool,,,,
synthetic_overexposure,1,00004381_035.png,synthetic_pool,,,,
synthetic_overexposure,1,00006339_003.png,synthetic_pool,,,,
synthetic_overexposure,1,00003990_013.png,synthetic_pool,,,,
synthetic_overexposure,1,00004196_000.png,synthetic_pool,,,,
synthetic_overexposure,1,00004991_003.png,synthetic_pool,,,,
synthetic_overexposure,1,00004529_000.png,synthetic_pool,,,,
synthetic_overexposure,1,00006147_001.png,synthetic_pool,,,,
synthetic_overexposure,1,00005026_003.png,synthetic_pool,,,,
synthetic_overexposure,1,00003937_000.png,synthetic_pool,,,,
synthetic_overexposure,1,00006411_014.png,synthetic_pool,,,,
synthetic_overexposure,1,00005223_002.png,synthetic_pool,,,,
synthetic_overexposure,1,00003974_003.png,synthetic_pool,,,,
synthetic_overexposure,1,00004574_000.png,synthetic_pool,,,,
synthetic_overexposure,1,00006389_000.png,synthetic_pool,,,,
synthetic_overexposure,1,00004254_000.png,synthetic_pool,,,,
synthetic_overexposure,1,00006199_008.png,synthetic_pool,,,,
synthetic_overexposure,1,00004381_042.png,synthetic_pool,,,,
synthetic_overexposure,1,00004342_014.png,synthetic_pool,,,,
synthetic_overexposure,1,00004915_003.png,synthetic_pool,,,,
synthetic_overexposure,1,00005418_006.png,synthetic_pool,,,,
synthetic_overexposure,1,00005727_000.png,synthetic_pool,,,,
synthetic_overexposure,1,00006318_005.png,synthetic_pool,,,,
synthetic_overexposure,1,00004163_002.png,synthetic_pool,,,,
synthetic_overexposure,1,00006411_027.png,synthetic_pool,,,,
synthetic_overexposure,1,00004858_078.png,synthetic_pool,,,,
synthetic_overexposure,1,00005298_007.png,synthetic_pool,,,,
synthetic_overexposure,1,00004221_002.png,synthetic_pool,,,,
synthetic_overexposure,1,00006271_045.png,synthetic_pool,,,,
synthetic_overexposure,1,00006431_005.png,synthetic_pool,,,,
synthetic_overexposure,1,00005999_000.png,synthetic_pool,,,,
synthetic_overexposure,1,00006158_002.png,synthetic_pool,,,,
synthetic_overexposure,1,00005942_000.png,synthetic_pool,,,,
synthetic_overexposure,1,00004672_001.png,synthetic_pool,,,,
synthetic_overexposure,1,00004160_000.png,synthetic_pool,,,,
synthetic_overexposure,1,00006532_001.png,synthetic_pool,,,,
synthetic_overexposure,1,00004822_004.png,synthetic_pool,,,,
synthetic_overexposure,1,00006499_004.png,synthetic_pool,,,,
synthetic_overexposure,1,00004196_005.png,synthetic_pool,,,,
synthetic_overexposure,1,00006271_011.png,synthetic_pool,,,,
synthetic_overexposure,1,00006552_000.png,synthetic_pool,,,,
synthetic_overexposure,1,00005094_007.png,synthetic_pool,,,,
synthetic_overexposure,1,00004096_001.png,synthetic_pool,,,,
synthetic_overexposure,1,00005666_015.png,synthetic_pool,,,,
synthetic_overexposure,1,00006159_002.png,synthetic_pool,,,,
synthetic_overexposure,1,00005298_005.png,synthetic_pool,,,,
synthetic_overexposure,1,00004327_002.png,synthetic_pool,,,,
synthetic_overexposure,1,00006232_002.png,synthetic_pool,,,,
synthetic_overexposure,1,00004800_001.png,synthetic_pool,,,,
synthetic_overexposure,1,00005318_003.png,synthetic_pool,,,,
synthetic_overexposure,1,00004892_000.png,synthetic_pool,,,,
synthetic_overexposure,1,00005512_002.png,synthetic_pool,,,,
synthetic_overexposure,1,00004461_016.png,synthetic_pool,,,,
synthetic_overexposure,1,00005666_001.png,synthetic_pool,,,,
synthetic_overexposure,1,00005633_000.png,synthetic_pool,,,,
synthetic_overexposure,1,00004085_002.png,synthetic_pool,,,,
synthetic_overexposure,1,00005962_012.png,synthetic_pool,,,,
synthetic_overexposure,1,00004145_000.png,synthetic_pool,,,,
synthetic_overexposure,1,00005794_003.png,synthetic_pool,,,,
synthetic_overexposure,1,00005920_006.png,synthetic_pool,,,,
synthetic_overexposure,1,00005066_017.png,synthetic_pool,,,,
synthetic_overexposure,1,00004686_000.png,synthetic_pool,,,,
synthetic_overexposure,1,00005221_001.png,synthetic_pool,,,,
synthetic_overexposure,1,00005097_000.png,synthetic_pool,,,,
synthetic_overexposure,1,00005567_008.png,synthetic_pool,,,,
synthetic_overexposure,1,00004339_006.png,synthetic_pool,,,,
synthetic_overexposure,1,00005756_010.png,synthetic_pool,,,,
synthetic_overexposure,1,00004685_000.png,synthetic_pool,,,,
synthetic_overexposure,1,00004925_011.png,synthetic_pool,,,,
synthetic_overexposure,1,00004327_001.png,synthetic_pool,,,,
synthetic_overexposure,1,00005969_000.png,synthetic_pool,,,,
synthetic_overexposure,1,00006252_013.png,synthetic_pool,,,,
synthetic_overexposure,1,00004448_001.png,synthetic_pool,,,,
synthetic_overexposure,1,00005806_007.png,synthetic_pool,,,,
synthetic_overexposure,1,00005504_002.png,synthetic_pool,,,,
synthetic_overexposure,1,00004911_003.png,synthetic_pool,,,,
synthetic_overexposure,1,00004787_001.png,synthetic_pool,,,,
synthetic_overexposure,1,00004578_000.png,synthetic_pool,,,,
synthetic_overexposure,1,00003959_002.png,synthetic_pool,,,,
synthetic_overexposure,1,00006272_000.png,synthetic_pool,,,,
synthetic_overexposure,1,00004586_000.png,synthetic_pool,,,,
synthetic_overexposure,1,00005539_007.png,synthetic_pool,,,,
synthetic_overexposure,1,00006366_000.png,synthetic_pool,,,,
synthetic_overexposure,1,00006359_001.png,synthetic_pool,,,,
synthetic_overexposure,1,00006296_029.png,synthetic_pool,,,,
synthetic_overexposure,1,00004011_000.png,synthetic_pool,,,,
synthetic_overexposure,1,00004435_005.png,synthetic_pool,,,,
synthetic_overexposure,1,00004797_001.png,synthetic_pool,,,,
synthetic_overexposure,1,00005070_006.png,synthetic_pool,,,,
synthetic_overexposure,1,00006257_000.png,synthetic_pool,,,,
synthetic_overexposure,1,00005754_001.png,synthetic_pool,,,,
synthetic_overexposure,1,00006391_000.png,synthetic_pool,,,,
synthetic_overexposure,1,00004976_002.png,synthetic_pool,,,,
synthetic_overexposure,1,00005756_002.png,synthetic_pool,,,,
synthetic_overexposure,1,00004893_039.png,synthetic_pool,,,,
synthetic_overexposure,1,00005986_018.png,synthetic_pool,,,,
synthetic_overexposure,1,00005600_011.png,synthetic_pool,,,,
synthetic_overexposure,1,00004006_052.png,synthetic_pool,,,,
synthetic_overexposure,1,00005254_004.png,synthetic_pool,,,,
synthetic_overexposure,1,00004497_004.png,synthetic_pool,,,,
synthetic_overexposure,1,00004857_022.png,synthetic_pool,,,,
synthetic_overexposure,1,00006237_021.png,synthetic_pool,,,,
synthetic_overexposure,1,00005160_000.png,synthetic_pool,,,,
synthetic_overexposure,1,00005794_008.png,synthetic_pool,,,,
synthetic_overexposure,1,00005143_000.png,synthetic_pool,,,,
synthetic_overexposure,1,00004300_000.png,synthetic_pool,,,,
synthetic_overexposure,1,00004186_007.png,synthetic_pool,,,,
synthetic_overexposure,1,00005493_000.png,synthetic_pool,,,,
synthetic_overexposure,1,00005681_042.png,synthetic_pool,,,,
synthetic_overexposure,1,00005372_026.png,synthetic_pool,,,,
synthetic_overexposure,1,00004508_003.png,synthetic_pool,,,,
synthetic_overexposure,1,00005855_000.png,synthetic_pool,,,,
synthetic_overexposure,1,00004754_000.png,synthetic_pool,,,,
synthetic_overexposure,1,00004090_002.png,synthetic_pool,,,,
synthetic_overexposure,1,00004418_004.png,synthetic_pool,,,,
synthetic_overexposure,1,00005954_000.png,synthetic_pool,,,,
synthetic_overexposure,1,00006585_001.png,synthetic_pool,,,,
synthetic_overexposure,1,00005772_003.png,synthetic_pool,,,,
synthetic_overexposure,1,00006172_001.png,synthetic_pool,,,,
synthetic_overexposure,1,00004832_011.png,synthetic_pool,,,,
synthetic_overexposure,1,00005767_000.png,synthetic_pool,,,,
synthetic_overexposure,1,00005563_004.png,synthetic_pool,,,,
synthetic_overexposure,1,00006097_001.png,synthetic_pool,,,,
synthetic_overexposure,1,00005497_001.png,synthetic_pool,,,,
synthetic_overexposure,1,00004566_000.png,synthetic_pool,,,,
synthetic_overexposure,1,00006352_000.png,synthetic_pool,,,,
synthetic_overexposure,1,00005532_028.png,synthetic_pool,,,,
synthetic_overexposure,1,00004342_053.png,synthetic_pool,,,,
synthetic_overexposure,1,00005847_004.png,synthetic_pool,,,,
synthetic_overexposure,1,00005460_011.png,synthetic_pool,,,,
synthetic_overexposure,1,00005000_004.png,synthetic_pool,,,,
synthetic_overexposure,1,00004475_000.png,synthetic_pool,,,,
synthetic_overexposure,1,00006351_002.png,synthetic_pool,,,,
synthetic_overexposure,1,00005976_000.png,synthetic_pool,,,,
synthetic_overexposure,1,00006081_003.png,synthetic_pool,,,,
synthetic_overexposure,1,00003955_000.png,synthetic_pool,,,,
synthetic_overexposure,1,00005202_001.png,synthetic_pool,,,,
synthetic_overexposure,1,00004471_000.png,synthetic_pool,,,,
synthetic_overexposure,1,00005828_001.png,synthetic_pool,,,,
synthetic_overexposure,1,00005647_000.png,synthetic_pool,,,,
synthetic_overexposure,1,00004959_010.png,synthetic_pool,,,,
synthetic_overexposure,1,00004994_000.png,synthetic_pool,,,,
synthetic_overexposure,1,00006281_000.png,synthetic_pool,,,,
synthetic_overexposure,1,00006392_000.png,synthetic_pool,,,,
synthetic_overexposure,1,00004822_007.png,synthetic_pool,,,,
synthetic_overexposure,1,00005386_003.png,synthetic_pool,,,,
synthetic_overexposure,1,00005135_001.png,synthetic_pool,,,,
synthetic_overexposure,1,00004876_006.png,synthetic_pool,,,,
synthetic_overexposure,1,00006284_004.png,synthetic_pool,,,,
synthetic_overexposure,1,00005138_004.png,synthetic_pool,,,,
synthetic_overexposure,1,00005562_003.png,synthetic_pool,,,,
synthetic_overexposure,1,00004857_020.png,synthetic_pool,,,,
synthetic_overexposure,1,00006428_000.png,synthetic_pool,,,,
synthetic_overexposure,1,00005814_003.png,synthetic_pool,,,,
synthetic_overexposure,1,00004654_001.png,synthetic_pool,,,,
synthetic_overexposure,1,00004542_004.png,synthetic_pool,,,,
synthetic_overexposure,1,00006411_000.png,synthetic_pool,,,,
synthetic_overexposure,1,00004893_002.png,synthetic_pool,,,,
synthetic_overexposure,1,00004188_008.png,synthetic_pool,,,,
synthetic_overexposure,1,00004876_001.png,synthetic_pool,,,,
synthetic_overexposure,1,00004338_003.png,synthetic_pool,,,,
synthetic_overexposure,1,00004402_000.png,synthetic_pool,,,,
synthetic_overexposure,1,00005113_003.png,synthetic_pool,,,,
synthetic_overexposure,1,00006443_000.png,synthetic_pool,,,,
synthetic_overexposure,1,00005639_001.png,synthetic_pool,,,,
synthetic_overexposure,1,00005270_004.png,synthetic_pool,,,,
synthetic_overexposure,1,00005420_000.png,synthetic_pool,,,,
synthetic_overexposure,1,00006282_009.png,synthetic_pool,,,,
synthetic_overexposure,1,00005274_003.png,synthetic_pool,,,,
synthetic_overexposure,1,00005708_000.png,synthetic_pool,,,,
synthetic_overexposure,1,00005340_000.png,synthetic_pool,,,,
synthetic_overexposure,1,00004442_002.png,synthetic_pool,,,,
synthetic_overexposure,1,00006546_000.png,synthetic_pool,,,,
synthetic_overexposure,1,00004183_000.png,synthetic_pool,,,,
synthetic_overexposure,1,00005891_001.png,synthetic_pool,,,,
synthetic_overexposure,1,00005401_007.png,synthetic_pool,,,,
synthetic_overexposure,1,00004591_006.png,synthetic_pool,,,,
synthetic_overexposure,1,00005376_008.png,synthetic_pool,,,,
synthetic_overexposure,1,00006167_000.png,synthetic_pool,,,,
synthetic_overexposure,1,00004893_071.png,synthetic_pool,,,,
synthetic_overexposure,1,00005636_000.png,synthetic_pool,,,,
synthetic_overexposure,1,00004285_000.png,synthetic_pool,,,,
synthetic_overexposure,1,00004761_004.png,synthetic_pool,,,,
synthetic_overexposure,1,00006504_001.png,synthetic_pool,,,,
synthetic_overexposure,1,00005892_012.png,synthetic_pool,,,,
synthetic_overexposure,1,00006040_006.png,synthetic_pool,,,,
synthetic_overexposure,1,00004497_005.png,synthetic_pool,,,,
synthetic_overexposure,1,00005089_032.png,synthetic_pool,,,,
synthetic_overexposure,1,00005750_013.png,synthetic_pool,,,,
synthetic_overexposure,1,00005203_002.png,synthetic_pool,,,,
synthetic_overexposure,1,00006391_003.png,synthetic_pool,,,,
synthetic_overexposure,1,00004436_004.png,synthetic_pool,,,,
synthetic_overexposure,1,00004751_000.png,synthetic_pool,,,,
synthetic_overexposure,1,00004013_003.png,synthetic_pool,,,,
synthetic_overexposure,1,00006306_000.png,synthetic_pool,,,,
synthetic_overexposure,1,00005188_003.png,synthetic_pool,,,,
synthetic_overexposure,1,00005660_002.png,synthetic_pool,,,,
synthetic_overexposure,1,00005567_025.png,synthetic_pool,,,,
synthetic_overexposure,1,00004595_002.png,synthetic_pool,,,,
synthetic_overexposure,1,00005681_003.png,synthetic_pool,,,,
synthetic_overexposure,1,00004740_000.png,synthetic_pool,,,,
synthetic_overexposure,1,00005467_005.png,synthetic_pool,,,,
synthetic_overexposure,1,00004999_000.png,synthetic_pool,,,,
synthetic_overexposure,1,00005682_010.png,synthetic_pool,,,,
synthetic_overexposure,1,00006338_011.png,synthetic_pool,,,,
synthetic_overexposure,1,00005909_003.png,synthetic_pool,,,,
synthetic_overexposure,1,00003939_000.png,synthetic_pool,,,,
synthetic_overexposure,1,00005679_002.png,synthetic_pool,,,,
synthetic_overexposure,1,00005456_009.png,synthetic_pool,,,,
synthetic_overexposure,1,00004221_001.png,synthetic_pool,,,,
synthetic_overexposure,1,00005911_002.png,synthetic_pool,,,,
synthetic_overexposure,1,00004309_005.png,synthetic_pool,,,,
synthetic_overexposure,1,00006192_004.png,synthetic_pool,,,,
synthetic_overexposure,1,00005927_008.png,synthetic_pool,,,,
synthetic_overexposure,1,00005316_002.png,synthetic_pool,,,,
synthetic_overexposure,1,00006381_010.png,synthetic_pool,,,,
synthetic_overexposure,1,00006178_000.png,synthetic_pool,,,,
synthetic_overexposure,1,00005934_001.png,synthetic_pool,,,,
synthetic_overexposure,1,00004157_000.png,synthetic_pool,,,,
synthetic_overexposure,1,00004389_000.png,synthetic_pool,,,,
synthetic_overexposure,1,00004594_004.png,synthetic_pool,,,,
synthetic_overexposure,1,00004150_000.png,synthetic_pool,,,,
synthetic_overexposure,1,00005982_002.png,synthetic_pool,,,,
synthetic_overexposure,1,00005721_003.png,synthetic_pool,,,,
synthetic_overexposure,1,00005640_000.png,synthetic_pool,,,,
synthetic_overexposure,1,00004338_011.png,synthetic_pool,,,,
synthetic_overexposure,1,00004379_000.png,synthetic_pool,,,,
synthetic_overexposure,1,00006449_002.png,synthetic_pool,,,,
synthetic_overexposure,1,00006386_000.png,synthetic_pool,,,,
synthetic_overexposure,1,00005515_003.png,synthetic_pool,,,,
synthetic_overexposure,1,00004961_009.png,synthetic_pool,,,,
synthetic_overexposure,1,00004342_009.png,synthetic_pool,,,,
synthetic_overexposure,1,00005890_002.png,synthetic_pool,,,,
synthetic_overexposure,1,00004808_070.png,synthetic_pool,,,,
synthetic_overexposure,1,00006230_003.png,synthetic_pool,,,,
synthetic_overexposure,1,00004508_015.png,synthetic_pool,,,,
synthetic_overexposure,1,00006386_006.png,synthetic_pool,,,,
synthetic_overexposure,1,00005218_010.png,synthetic_pool,,,,
synthetic_overexposure,1,00005116_000.png,synthetic_pool,,,,
synthetic_overexposure,1,00004458_000.png,synthetic_pool,,,,
synthetic_overexposure,1,00004547_013.png,synthetic_pool,,,,
synthetic_overexposure,1,00004436_002.png,synthetic_pool,,,,
synthetic_overexposure,1,00004994_004.png,synthetic_pool,,,,
synthetic_overexposure,1,00006271_037.png,synthetic_pool,,,,
synthetic_overexposure,1,00005223_001.png,synthetic_pool,,,,
synthetic_overexposure,1,00005646_009.png,synthetic_pool,,,,
synthetic_overexposure,1,00004735_010.png,synthetic_pool,,,,
synthetic_overexposure,1,00006416_004.png,synthetic_pool,,,,
synthetic_overexposure,1,00004598_008.png,synthetic_pool,,,,
synthetic_overexposure,1,00005850_003.png,synthetic_pool,,,,
synthetic_overexposure,1,00004888_002.png,synthetic_pool,,,,
synthetic_overexposure,1,00004268_000.png,synthetic_pool,,,,
synthetic_overexposure,1,00005939_008.png,synthetic_pool,,,,
synthetic_overexposure,1,00006301_000.png,synthetic_pool,,,,
synthetic_overexposure,1,00005532_032.png,synthetic_pool,,,,
synthetic_overexposure,1,00006271_004.png,synthetic_pool,,,,
synthetic_overexposure,1,00004893_036.png,synthetic_pool,,,,
synthetic_overexposure,1,00005722_039.png,synthetic_pool,,,,
synthetic_overexposure,1,00004994_002.png,synthetic_pool,,,,
synthetic_overexposure,1,00005188_001.png,synthetic_pool,,,,
synthetic_overexposure,1,00004755_008.png,synthetic_pool,,,,
synthetic_overexposure,1,00005372_008.png,synthetic_pool,,,,
synthetic_overexposure,1,00005966_004.png,synthetic_pool,,,,
synthetic_overexposure,1,00005094_019.png,synthetic_pool,,,,
synthetic_overexposure,1,00006228_000.png,synthetic_pool,,,,
synthetic_overexposure,1,00006160_003.png,synthetic_pool,,,,
synthetic_overexposure,1,00004855_000.png,synthetic_pool,,,,
synthetic_overexposure,1,00004801_000.png,synthetic_pool,,,,
synthetic_overexposure,1,00004846_002.png,synthetic_pool,,,,
synthetic_overexposure,1,00005557_000.png,synthetic_pool,,,,
synthetic_overexposure,1,00004006_026.png,synthetic_pool,,,,
synthetic_overexposure,1,00004623_008.png,synthetic_pool,,,,
synthetic_overexposure,1,00003931_000.png,synthetic_pool,,,,
synthetic_overexposure,1,00003985_000.png,synthetic_pool,,,,
synthetic_overexposure,1,00005056_000.png,synthetic_pool,,,,
synthetic_overexposure,1,00004512_002.png,synthetic_pool,,,,
synthetic_overexposure,1,00004381_003.png,synthetic_pool,,,,
synthetic_overexposure,1,00006393_002.png,synthetic_pool,,,,
synthetic_overexposure,1,00004342_047.png,synthetic_pool,,,,
synthetic_overexposure,1,00004832_029.png,synthetic_pool,,,,
synthetic_overexposure,1,00004911_019.png,synthetic_pool,,,,
synthetic_overexposure,1,00005734_000.png,synthetic_pool,,,,
synthetic_overexposure,1,00004803_002.png,synthetic_pool,,,,
synthetic_overexposure,1,00005537_012.png,synthetic_pool,,,,
synthetic_overexposure,1,00005963_012.png,synthetic_pool,,,,
synthetic_overexposure,1,00005778_023.png,synthetic_pool,,,,
synthetic_overexposure,1,00005450_000.png,synthetic_pool,,,,
synthetic_overexposure,1,00003928_000.png,synthetic_pool,,,,
synthetic_overexposure,1,00004833_047.png,synthetic_pool,,,,
synthetic_overexposure,1,00005094_015.png,synthetic_pool,,,,
synthetic_overexposure,1,00004855_002.png,synthetic_pool,,,,
synthetic_overexposure,1,00005168_000.png,synthetic_pool,,,,
synthetic_overexposure,1,00004613_003.png,synthetic_pool,,,,
synthetic_overexposure,1,00005638_002.png,synthetic_pool,,,,
synthetic_overexposure,1,00003996_012.png,synthetic_pool,,,,
synthetic_overexposure,1,00005538_004.png,synthetic_pool,,,,
synthetic_overexposure,1,00006341_001.png,synthetic_pool,,,,
synthetic_overexposure,1,00006281_003.png,synthetic_pool,,,,
synthetic_overexposure,1,00005962_014.png,synthetic_pool,,,,
synthetic_overexposure,1,00005773_013.png,synthetic_pool,,,,
synthetic_overexposure,1,00005089_041.png,synthetic_pool,,,,
synthetic_overexposure,1,00004064_000.png,synthetic_pool,,,,
synthetic_overexposure,1,00005375_001.png,synthetic_pool,,,,
synthetic_overexposure,1,00005987_001.png,synthetic_pool,,,,
synthetic_overexposure,1,00004458_001.png,synthetic_pool,,,,
synthetic_overexposure,1,00005706_002.png,synthetic_pool,,,,
synthetic_overexposure,1,00005712_015.png,synthetic_pool,,,,
synthetic_overexposure,1,00005895_001.png,synthetic_pool,,,,
synthetic_overexposure,1,00003987_000.png,synthetic_pool,,,,
synthetic_overexposure,1,00006109_000.png,synthetic_pool,,,,
synthetic_overexposure,1,00005285_000.png,synthetic_pool,,,,
synthetic_overexposure,1,00004808_003.png,synthetic_pool,,,,
synthetic_overexposure,1,00004571_016.png,synthetic_pool,,,,
synthetic_overexposure,1,00005418_016.png,synthetic_pool,,,,
synthetic_overexposure,1,00006535_001.png,synthetic_pool,,,,
synthetic_overexposure,1,00003961_000.png,synthetic_pool,,,,
synthetic_overexposure,1,00005681_053.png,synthetic_pool,,,,
synthetic_overexposure,1,00006255_003.png,synthetic_pool,,,,
synthetic_overexposure,1,00006040_003.png,synthetic_pool,,,,
synthetic_overexposure,1,00006271_081.png,synthetic_pool,,,,
synthetic_overexposure,1,00005935_000.png,synthetic_pool,,,,
synthetic_overexposure,1,00005821_001.png,synthetic_pool,,,,
synthetic_overexposure,1,00005722_050.png,synthetic_pool,,,,
synthetic_overexposure,1,00005794_010.png,synthetic_pool,,,,
synthetic_overexposure,1,00004627_000.png,synthetic_pool,,,,
synthetic_overexposure,1,00004435_008.png,synthetic_pool,,,,
synthetic_overexposure,1,00004427_001.png,synthetic_pool,,,,
synthetic_overexposure,1,00004992_004.png,synthetic_pool,,,,
synthetic_overexposure,1,00005066_066.png,synthetic_pool,,,,
synthetic_overexposure,1,00004582_004.png,synthetic_pool,,,,
synthetic_overexposure,1,00005653_006.png,synthetic_pool,,,,
synthetic_overexposure,1,00005768_006.png,synthetic_pool,,,,
synthetic_overexposure,1,00006304_030.png,synthetic_pool,,,,
synthetic_overexposure,1,00004847_000.png,synthetic_pool,,,,
synthetic_overexposure,1,00006039_000.png,synthetic_pool,,,,
synthetic_overexposure,1,00005927_012.png,synthetic_pool,,,,
synthetic_overexposure,1,00004461_000.png,synthetic_pool,,,,
synthetic_overexposure,1,00004584_003.png,synthetic_pool,,,,
synthetic_overexposure,1,00004857_027.png,synthetic_pool,,,,
synthetic_overexposure,1,00006575_004.png,synthetic_pool,,,,
synthetic_overexposure,1,00005089_022.png,synthetic_pool,,,,
synthetic_overexposure,1,00006208_001.png,synthetic_pool,,,,
synthetic_overexposure,1,00004422_000.png,synthetic_pool,,,,
synthetic_overexposure,1,00003940_001.png,synthetic_pool,,,,
synthetic_overexposure,1,00004196_011.png,synthetic_pool,,,,
synthetic_overexposure,1,00006097_002.png,synthetic_pool,,,,
synthetic_overexposure,1,00005631_002.png,synthetic_pool,,,,
synthetic_overexposure,1,00004268_012.png,synthetic_pool,,,,
synthetic_overexposure,1,00004843_001.png,synthetic_pool,,,,
synthetic_overexposure,1,00004533_002.png,synthetic_pool,,,,
synthetic_overexposure,1,00005347_001.png,synthetic_pool,,,,
synthetic_overexposure,1,00004134_000.png,synthetic_pool,,,,
synthetic_overexposure,1,00005366_000.png,synthetic_pool,,,,
synthetic_overexposure,1,00006258_001.png,synthetic_pool,,,,
synthetic_overexposure,1,00004342_026.png,synthetic_pool,,,,
synthetic_overexposure,1,00004808_055.png,synthetic_pool,,,,
synthetic_overexposure,1,00004299_005.png,synthetic_pool,,,,
synthetic_overexposure,1,00005504_005.png,synthetic_pool,,,,
synthetic_overexposure,1,00004034_007.png,synthetic_pool,,,,
synthetic_overexposure,1,00005089_004.png,synthetic_pool,,,,
synthetic_overexposure,1,00004188_010.png,synthetic_pool,,,,
synthetic_overexposure,1,00005103_000.png,synthetic_pool,,,,
synthetic_overexposure,1,00003944_000.png,synthetic_pool,,,,
synthetic_overexposure,1,00005026_011.png,synthetic_pool,,,,
synthetic_overexposure,1,00005612_011.png,synthetic_pool,,,,
synthetic_overexposure,1,00003996_006.png,synthetic_pool,,,,
synthetic_overexposure,1,00006481_024.png,synthetic_pool,,,,
synthetic_overexposure,1,00005624_000.png,synthetic_pool,,,,
synthetic_overexposure,1,00005288_008.png,synthetic_pool,,,,
synthetic_overexposure,1,00005203_001.png,synthetic_pool,,,,
synthetic_overexposure,1,00006413_001.png,synthetic_pool,,,,
synthetic_overexposure,1,00005892_002.png,synthetic_pool,,,,
synthetic_overexposure,1,00004746_015.png,synthetic_pool,,,,
synthetic_overexposure,1,00006517_003.png,synthetic_pool,,,,
synthetic_overexposure,1,00005737_003.png,synthetic_pool,,,,
synthetic_overexposure,1,00004986_000.png,synthetic_pool,,,,
synthetic_overexposure,1,00005545_000.png,synthetic_pool,,,,
synthetic_overexposure,1,00004048_007.png,synthetic_pool,,,,
synthetic_overexposure,1,00005921_000.png,synthetic_pool,,,,
synthetic_overexposure,1,00005555_002.png,synthetic_pool,,,,
synthetic_overexposure,1,00003938_000.png,synthetic_pool,,,,
synthetic_overexposure,1,00004065_001.png,synthetic_pool,,,,
synthetic_overexposure,1,00005982_010.png,synthetic_pool,,,,
synthetic_overexposure,1,00005653_008.png,synthetic_pool,,,,
synthetic_overexposure,1,00005360_002.png,synthetic_pool,,,,
synthetic_overexposure,1,00006230_013.png,synthetic_pool,,,,
synthetic_overexposure,1,00004839_002.png,synthetic_pool,,,,
synthetic_overexposure,1,00004342_022.png,synthetic_pool,,,,
synthetic_overexposure,1,00006479_005.png,synthetic_pool,,,,
synthetic_overexposure,1,00006096_012.png,synthetic_pool,,,,
synthetic_overexposure,1,00003981_008.png,synthetic_pool,,,,
synthetic_overexposure,1,00006506_001.png,synthetic_pool,,,,
synthetic_overexposure,1,00005069_014.png,synthetic_pool,,,,
synthetic_overexposure,1,00006096_010.png,synthetic_pool,,,,
synthetic_overexposure,1,00006301_001.png,synthetic_pool,,,,
synthetic_overexposure,1,00005066_023.png,synthetic_pool,,,,
synthetic_overexposure,1,00006102_012.png,synthetic_pool,,,,
synthetic_overexposure,1,00004048_012.png,synthetic_pool,,,,
synthetic_overexposure,1,00005298_002.png,synthetic_pool,,,,
synthetic_overexposure,1,00005367_000.png,synthetic_pool,,,,
synthetic_overexposure,1,00005944_001.png,synthetic_pool,,,,
synthetic_overexposure,1,00005551_002.png,synthetic_pool,,,,
synthetic_overexposure,1,00006527_005.png,synthetic_pool,,,,
synthetic_overexposure,1,00005681_005.png,synthetic_pool,,,,
synthetic_overexposure,1,00005681_021.png,synthetic_pool,,,,
synthetic_overexposure,1,00005367_002.png,synthetic_pool,,,,
synthetic_overexposure,1,00006365_000.png,synthetic_pool,,,,
synthetic_overexposure,1,00004205_014.png,synthetic_pool,,,,
synthetic_overexposure,1,00004917_011.png,synthetic_pool,,,,
synthetic_overexposure,1,00004651_003.png,synthetic_pool,,,,
synthetic_overexposure,1,00005919_000.png,synthetic_pool,,,,
synthetic_overexposure,1,00004957_005.png,synthetic_pool,,,,
synthetic_overexposure,1,00004312_000.png,synthetic_pool,,,,
synthetic_overexposure,1,00005693_006.png,synthetic_pool,,,,
synthetic_overexposure,1,00005699_013.png,synthetic_pool,,,,
synthetic_overexposure,1,00005944_002.png,synthetic_pool,,,,
synthetic_overexposure,1,00005066_035.png,synthetic_pool,,,,
synthetic_overexposure,1,00004833_025.png,synthetic_pool,,,,
synthetic_overexposure,1,00004648_001.png,synthetic_pool,,,,
synthetic_overexposure,1,00006381_027.png,synthetic_pool,,,,
synthetic_overexposure,1,00005066_033.png,synthetic_pool,,,,
synthetic_overexposure,1,00005773_007.png,synthetic_pool,,,,
synthetic_overexposure,1,00005712_001.png,synthetic_pool,,,,
synthetic_overexposure,1,00005140_006.png,synthetic_pool,,,,
synthetic_overexposure,1,00005878_005.png,synthetic_pool,,,,
synthetic_overexposure,1,00006296_021.png,synthetic_pool,,,,
synthetic_overexposure,1,00006304_052.png,synthetic_pool,,,,
synthetic_overexposure,1,00005902_000.png,synthetic_pool,,,,
synthetic_overexposure,1,00006304_040.png,synthetic_pool,,,,
synthetic_overexposure,1,00005079_011.png,synthetic_pool,,,,
synthetic_overexposure,1,00004984_000.png,synthetic_pool,,,,
synthetic_overexposure,1,00005629_000.png,synthetic_pool,,,,
synthetic_overexposure,1,00005030_001.png,synthetic_pool,,,,
synthetic_overexposure,1,00005776_005.png,synthetic_pool,,,,
synthetic_overexposure,1,00006329_008.png,synthetic_pool,,,,
synthetic_overexposure,1,00004053_001.png,synthetic_pool,,,,
synthetic_overexposure,1,00003989_002.png,synthetic_pool,,,,
synthetic_overexposure,1,00005677_000.png,synthetic_pool,,,,
synthetic_overexposure,1,00005220_010.png,synthetic_pool,,,,
synthetic_overexposure,1,00004803_001.png,synthetic_pool,,,,
synthetic_overexposure,1,00005218_022.png,synthetic_pool,,,,
synthetic_overexposure,1,00005762_006.png,synthetic_pool,,,,
synthetic_overexposure,1,00004340_005.png,synthetic_pool,,,,
synthetic_overexposure,1,00005542_000.png,synthetic_pool,,,,
synthetic_overexposure,1,00004822_017.png,synthetic_pool,,,,
synthetic_overexposure,1,00006271_050.png,synthetic_pool,,,,
synthetic_overexposure,1,00006533_000.png,synthetic_pool,,,,
synthetic_overexposure,1,00005962_015.png,synthetic_pool,,,,
synthetic_overexposure,1,00005395_009.png,synthetic_pool,,,,
synthetic_overexposure,1,00004822_038.png,synthetic_pool,,,,
synthetic_overexposure,1,00005442_000.png,synthetic_pool,,,,
synthetic_overexposure,1,00005089_005.png,synthetic_pool,,,,
synthetic_overexposure,1,00004630_000.png,synthetic_pool,,,,
synthetic_overexposure,1,00005847_003.png,synthetic_pool,,,,
synthetic_overexposure,1,00006559_000.png,synthetic_pool,,,,
synthetic_overexposure,1,00003943_000.png,synthetic_pool,,,,
synthetic_overexposure,1,00006318_011.png,synthetic_pool,,,,
synthetic_overexposure,1,00005914_000.png,synthetic_pool,,,,
synthetic_overexposure,1,00005991_002.png,synthetic_pool,,,,
synthetic_overexposure,1,00006308_003.png,synthetic_pool,,,,
synthetic_overexposure,1,00005536_005.png,synthetic_pool,,,,
synthetic_overexposure,1,00005682_011.png,synthetic_pool,,,,
synthetic_overexposure,1,00006069_001.png,synthetic_pool,,,,
synthetic_overexposure,1,00004833_043.png,synthetic_pool,,,,
synthetic_overexposure,1,00005064_002.png,synthetic_pool,,,,
synthetic_overexposure,1,00004925_002.png,synthetic_pool,,,,
synthetic_overexposure,1,00005455_000.png,synthetic_pool,,,,
synthetic_overexposure,1,00005768_000.png,synthetic_pool,,,,
synthetic_overexposure,1,00004833_044.png,synthetic_pool,,,,
synthetic_overexposure,1,00006137_002.png,synthetic_pool,,,,
synthetic_overexposure,1,00005722_015.png,synthetic_pool,,,,
synthetic_overexposure,1,00004867_000.png,synthetic_pool,,,,
synthetic_overexposure,1,00005759_030.png,synthetic_pool,,,,
synthetic_overexposure,1,00006535_002.png,synthetic_pool,,,,
synthetic_overexposure,1,00006134_000.png,synthetic_pool,,,,
synthetic_overexposure,1,00005770_000.png,synthetic_pool,,,,
synthetic_overexposure,1,00006298_003.png,synthetic_pool,,,,
synthetic_overexposure,1,00004526_014.png,synthetic_pool,,,,
synthetic_overexposure,1,00004436_000.png,synthetic_pool,,,,
synthetic_overexposure,1,00005457_002.png,synthetic_pool,,,,
synthetic_overexposure,1,00004007_015.png,synthetic_pool,,,,
synthetic_overexposure,1,00005646_014.png,synthetic_pool,,,,
synthetic_overexposure,1,00005963_013.png,synthetic_pool,,,,
synthetic_overexposure,1,00004999_007.png,synthetic_pool,,,,
synthetic_overexposure,1,00006283_000.png,synthetic_pool,,,,
synthetic_overexposure,1,00006330_007.png,synthetic_pool,,,,
synthetic_overexposure,1,00004434_000.png,synthetic_pool,,,,
synthetic_overexposure,1,00004928_002.png,synthetic_pool,,,,
synthetic_overexposure,1,00004812_001.png,synthetic_pool,,,,
synthetic_overexposure,1,00005912_003.png,synthetic_pool,,,,
synthetic_overexposure,1,00005832_022.png,synthetic_pool,,,,
synthetic_overexposure,1,00004735_006.png,synthetic_pool,,,,
synthetic_overexposure,1,00004745_002.png,synthetic_pool,,,,
synthetic_overexposure,1,00006296_028.png,synthetic_pool,,,,
synthetic_overexposure,1,00005722_035.png,synthetic_pool,,,,
synthetic_overexposure,1,00005067_006.png,synthetic_pool,,,,
synthetic_overexposure,1,00004283_001.png,synthetic_pool,,,,
synthetic_overexposure,1,00005395_004.png,synthetic_pool,,,,
synthetic_overexposure,1,00006149_002.png,synthetic_pool,,,,
synthetic_overexposure,1,00004065_004.png,synthetic_pool,,,,
synthetic_overexposure,1,00004911_014.png,synthetic_pool,,,,
synthetic_overexposure,1,00005045_000.png,synthetic_pool,,,,
synthetic_overexposure,1,00006080_001.png,synthetic_pool,,,,
synthetic_overexposure,1,00005875_000.png,synthetic_pool,,,,
synthetic_overexposure,1,00004416_000.png,synthetic_pool,,,,
synthetic_overexposure,1,00005750_019.png,synthetic_pool,,,,
synthetic_overexposure,1,00004625_001.png,synthetic_pool,,,,
synthetic_overexposure,1,00004121_000.png,synthetic_pool,,,,
synthetic_overexposure,1,00005579_000.png,synthetic_pool,,,,
synthetic_overexposure,1,00006237_009.png,synthetic_pool,,,,
synthetic_overexposure,1,00006160_012.png,synthetic_pool,,,,
synthetic_overexposure,1,00005265_000.png,synthetic_pool,,,,
synthetic_overexposure,1,00005066_026.png,synthetic_pool,,,,
synthetic_overexposure,1,00004833_007.png,synthetic_pool,,,,
synthetic_overexposure,1,00006344_002.png,synthetic_pool,,,,
synthetic_overexposure,1,00004933_000.png,synthetic_pool,,,,
synthetic_overexposure,1,00006117_000.png,synthetic_pool,,,,
synthetic_overexposure,1,00006215_008.png,synthetic_pool,,,,
synthetic_overexposure,1,00004003_000.png,synthetic_pool,,,,
synthetic_overexposure,1,00004911_029.png,synthetic_pool,,,,
synthetic_overexposure,1,00005271_004.png,synthetic_pool,,,,
synthetic_overexposure,1,00005593_003.png,synthetic_pool,,,,
synthetic_overexposure,1,00003987_001.png,synthetic_pool,,,,
synthetic_overexposure,1,00005403_031.png,synthetic_pool,,,,
synthetic_overexposure,1,00004857_007.png,synthetic_pool,,,,
synthetic_overexposure,1,00004933_001.png,synthetic_pool,,,,
synthetic_overexposure,1,00004623_004.png,synthetic_pool,,,,
synthetic_overexposure,1,00004342_025.png,synthetic_pool,,,,
synthetic_overexposure,1,00004435_001.png,synthetic_pool,,,,
synthetic_overexposure,1,00004531_000.png,synthetic_pool,,,,
synthetic_overexposure,1,00005372_002.png,synthetic_pool,,,,
synthetic_overexposure,1,00004861_000.png,synthetic_pool,,,,
synthetic_overexposure,1,00006068_002.png,synthetic_pool,,,,
synthetic_overexposure,1,00005404_000.png,synthetic_pool,,,,
synthetic_overexposure,1,00006381_025.png,synthetic_pool,,,,
synthetic_overexposure,1,00006304_050.png,synthetic_pool,,,,
synthetic_overexposure,1,00005176_016.png,synthetic_pool,,,,
synthetic_overexposure,1,00005066_065.png,synthetic_pool,,,,
synthetic_overexposure,1,00004508_017.png,synthetic_pool,,,,
synthetic_overexposure,1,00006411_003.png,synthetic_pool,,,,
synthetic_overexposure,1,00005717_002.png,synthetic_pool,,,,
synthetic_overexposure,1,00005410_000.png,synthetic_pool,,,,
synthetic_overexposure,1,00005219_000.png,synthetic_pool,,,,
synthetic_overexposure,1,00004549_000.png,synthetic_pool,,,,
synthetic_overexposure,1,00004577_009.png,synthetic_pool,,,,
synthetic_overexposure,1,00004075_002.png,synthetic_pool,,,,
synthetic_overexposure,1,00006551_001.png,synthetic_pool,,,,
synthetic_overexposure,1,00004578_001.png,synthetic_pool,,,,
synthetic_overexposure,1,00004824_017.png,synthetic_pool,,,,
synthetic_overexposure,1,00004706_000.png,synthetic_pool,,,,
synthetic_overexposure,1,00005721_000.png,synthetic_pool,,,,
synthetic_overexposure,1,00006102_008.png,synthetic_pool,,,,
synthetic_overexposure,1,00005058_003.png,synthetic_pool,,,,
synthetic_overexposure,1,00005895_016.png,synthetic_pool,,,,
synthetic_overexposure,1,00005091_000.png,synthetic_pool,,,,
synthetic_overexposure,1,00005866_000.png,synthetic_pool,,,,
synthetic_overexposure,1,00005615_000.png,synthetic_pool,,,,
synthetic_overexposure,1,00004006_018.png,synthetic_pool,,,,
synthetic_overexposure,1,00004832_012.png,synthetic_pool,,,,
synthetic_overexposure,1,00005376_001.png,synthetic_pool,,,,
synthetic_overexposure,1,00005746_003.png,synthetic_pool,,,,
synthetic_overexposure,1,00004928_005.png,synthetic_pool,,,,
synthetic_overexposure,1,00006304_061.png,synthetic_pool,,,,
synthetic_overexposure,1,00005332_001.png,synthetic_pool,,,,
synthetic_overexposure,1,00005540_000.png,synthetic_pool,,,,
synthetic_overexposure,1,00006519_009.png,synthetic_pool,,,,
synthetic_overexposure,1,00004898_005.png,synthetic_pool,,,,
synthetic_overexposure,1,00005539_002.png,synthetic_pool,,,,
synthetic_overexposure,1,00004342_042.png,synthetic_pool,,,,
synthetic_overexposure,1,00004712_000.png,synthetic_pool,,,,
synthetic_overexposure,1,00005261_004.png,synthetic_pool,,,,
synthetic_overexposure,1,00005600_012.png,synthetic_pool,,,,
synthetic_overexposure,1,00006237_013.png,synthetic_pool,,,,
synthetic_overexposure,1,00005089_028.png,synthetic_pool,,,,
synthetic_overexposure,1,00004822_000.png,synthetic_pool,,,,
synthetic_overexposure,1,00005710_000.png,synthetic_pool,,,,
synthetic_overexposure,1,00005977_006.png,synthetic_pool,,,,
synthetic_overexposure,1,00006096_011.png,synthetic_pool,,,,
synthetic_overexposure,1,00004858_008.png,synthetic_pool,,,,
synthetic_overexposure,1,00004735_011.png,synthetic_pool,,,,
synthetic_overexposure,1,00004684_000.png,synthetic_pool,,,,
synthetic_overexposure,1,00003981_004.png,synthetic_pool,,,,
synthetic_overexposure,1,00005493_016.png,synthetic_pool,,,,
synthetic_overexposure,1,00006304_011.png,synthetic_pool,,,,
synthetic_overexposure,1,00003948_001.png,synthetic_pool,,,,
synthetic_overexposure,1,00006381_009.png,synthetic_pool,,,,
synthetic_overexposure,1,00005064_003.png,synthetic_pool,,,,
synthetic_overexposure,1,00005962_004.png,synthetic_pool,,,,
synthetic_overexposure,1,00004808_077.png,synthetic_pool,,,,
synthetic_overexposure,1,00005832_031.png,synthetic_pool,,,,
synthetic_overexposure,1,00005815_004.png,synthetic_pool,,,,
synthetic_overexposure,1,00006237_019.png,synthetic_pool,,,,
synthetic_overexposure,1,00006296_026.png,synthetic_pool,,,,
synthetic_overexposure,1,00005954_008.png,synthetic_pool,,,,
synthetic_overexposure,1,00005566_012.png,synthetic_pool,,,,
synthetic_overexposure,1,00006053_000.png,synthetic_pool,,,,
synthetic_overexposure,1,00006571_003.png,synthetic_pool,,,,
synthetic_overexposure,1,00005090_001.png,synthetic_pool,,,,
synthetic_overexposure,1,00004306_000.png,synthetic_pool,,,,
synthetic_overexposure,1,00004511_000.png,synthetic_pool,,,,
synthetic_overexposure,1,00004570_000.png,synthetic_pool,,,,
synthetic_overexposure,1,00005722_014.png,synthetic_pool,,,,
synthetic_overexposure,1,00005532_045.png,synthetic_pool,,,,
synthetic_overexposure,1,00004832_034.png,synthetic_pool,,,,
synthetic_overexposure,1,00005609_022.png,synthetic_pool,,,,
synthetic_overexposure,1,00004007_022.png,synthetic_pool,,,,
synthetic_overexposure,1,00005079_003.png,synthetic_pool,,,,
synthetic_overexposure,1,00004683_002.png,synthetic_pool,,,,
synthetic_overexposure,1,00005780_000.png,synthetic_pool,,,,
synthetic_overexposure,1,00004944_000.png,synthetic_pool,,,,
synthetic_overexposure,1,00005537_011.png,synthetic_pool,,,,
synthetic_overexposure,1,00005089_027.png,synthetic_pool,,,,
synthetic_overexposure,1,00005626_007.png,synthetic_pool,,,,
synthetic_overexposure,1,00005223_000.png,synthetic_pool,,,,
synthetic_overexposure,1,00005138_011.png,synthetic_pool,,,,
synthetic_overexposure,1,00005791_013.png,synthetic_pool,,,,
synthetic_overexposure,1,00004652_008.png,synthetic_pool,,,,
synthetic_overexposure,1,00004342_060.png,synthetic_pool,,,,
synthetic_overexposure,1,00006199_006.png,synthetic_pool,,,,
synthetic_overexposure,1,00005693_004.png,synthetic_pool,,,,
synthetic_overexposure,1,00003988_002.png,synthetic_pool,,,,
synthetic_overexposure,1,00004381_006.png,synthetic_pool,,,,
synthetic_overexposure,1,00005626_006.png,synthetic_pool,,,,
synthetic_overexposure,1,00004007_028.png,synthetic_pool,,,,
synthetic_overexposure,1,00006252_007.png,synthetic_pool,,,,
synthetic_overexposure,1,00004613_006.png,synthetic_pool,,,,
synthetic_overexposure,1,00006195_002.png,synthetic_pool,,,,
synthetic_overexposure,1,00006278_001.png,synthetic_pool,,,,
synthetic_overexposure,1,00005066_009.png,synthetic_pool,,,,
synthetic_overexposure,1,00005762_002.png,synthetic_pool,,,,
synthetic_overexposure,1,00005026_010.png,synthetic_pool,,,,
synthetic_overexposure,1,00004303_000.png,synthetic_pool,,,,
synthetic_overexposure,1,00004994_003.png,synthetic_pool,,,,
synthetic_overexposure,1,00005863_000.png,synthetic_pool,,,,
synthetic_overexposure,1,00004808_086.png,synthetic_pool,,,,
synthetic_overexposure,1,00005365_024.png,synthetic_pool,,,,
synthetic_overexposure,1,00004231_000.png,synthetic_pool,,,,
synthetic_overexposure,1,00005079_006.png,synthetic_pool,,,,
synthetic_overexposure,1,00005089_047.png,synthetic_pool,,,,
synthetic_overexposure,1,00006318_003.png,synthetic_pool,,,,
synthetic_overexposure,1,00004268_002.png,synthetic_pool,,,,
synthetic_overexposure,1,00005542_002.png,synthetic_pool,,,,
synthetic_overexposure,1,00006234_000.png,synthetic_pool,,,,
synthetic_overexposure,1,00005114_005.png,synthetic_pool,,,,
synthetic_overexposure,1,00005004_002.png,synthetic_pool,,,,
synthetic_overexposure,1,00005456_011.png,synthetic_pool,,,,
synthetic_overexposure,1,00004733_000.png,synthetic_pool,,,,
synthetic_overexposure,1,00004519_012.png,synthetic_pool,,,,
synthetic_overexposure,1,00004533_000.png,synthetic_pool,,,,
synthetic_overexposure,1,00004344_006.png,synthetic_pool,,,,
synthetic_overexposure,1,00003923_017.png,synthetic_pool,,,,
synthetic_overexposure,1,00004803_003.png,synthetic_pool,,,,
synthetic_overexposure,1,00006252_016.png,synthetic_pool,,,,
synthetic_overexposure,1,00006366_001.png,synthetic_pool,,,,
synthetic_overexposure,1,00004808_059.png,synthetic_pool,,,,
synthetic_overexposure,1,00004857_046.png,synthetic_pool,,,,
synthetic_overexposure,1,00005792_000.png,synthetic_pool,,,,
synthetic_overexposure,1,00004915_004.png,synthetic_pool,,,,
synthetic_overexposure,1,00004492_001.png,synthetic_pool,,,,
synthetic_overexposure,1,00005483_001.png,synthetic_pool,,,,
synthetic_overexposure,1,00005966_003.png,synthetic_pool,,,,
synthetic_overexposure,1,00006543_001.png,synthetic_pool,,,,
synthetic_overexposure,1,00005182_001.png,synthetic_pool,,,,
synthetic_overexposure,1,00006378_001.png,synthetic_pool,,,,
synthetic_overexposure,1,00005499_001.png,synthetic_pool,,,,
synthetic_overexposure,1,00005832_000.png,synthetic_pool,,,,
synthetic_overexposure,1,00004402_004.png,synthetic_pool,,,,
synthetic_overexposure,1,00005365_015.png,synthetic_pool,,,,
synthetic_overexposure,1,00006039_006.png,synthetic_pool,,,,
synthetic_overexposure,1,00005736_000.png,synthetic_pool,,,,
synthetic_overexposure,1,00005457_007.png,synthetic_pool,,,,
synthetic_overexposure,1,00003978_000.png,synthetic_pool,,,,
synthetic_overexposure,1,00004048_005.png,synthetic_pool,,,,
synthetic_overexposure,1,00005567_012.png,synthetic_pool,,,,
synthetic_overexposure,1,00003975_000.png,synthetic_pool,,,,
synthetic_overexposure,1,00006296_001.png,synthetic_pool,,,,
synthetic_overexposure,1,00005430_000.png,synthetic_pool,,,,
synthetic_overexposure,1,00005722_025.png,synthetic_pool,,,,
synthetic_overexposure,1,00005584_000.png,synthetic_pool,,,,
synthetic_overexposure,1,00004468_002.png,synthetic_pool,,,,
synthetic_overexposure,1,00004738_004.png,synthetic_pool,,,,
synthetic_overexposure,1,00004858_076.png,synthetic_pool,,,,
synthetic_overexposure,1,00005641_003.png,synthetic_pool,,,,
synthetic_overexposure,1,00004189_000.png,synthetic_pool,,,,
synthetic_overexposure,1,00005067_002.png,synthetic_pool,,,,
synthetic_overexposure,1,00006304_015.png,synthetic_pool,,,,
synthetic_overexposure,1,00005699_000.png,synthetic_pool,,,,
synthetic_overexposure,1,00005778_034.png,synthetic_pool,,,,
synthetic_overexposure,1,00004608_002.png,synthetic_pool,,,,
synthetic_overexposure,1,00005453_001.png,synthetic_pool,,,,
synthetic_overexposure,1,00006481_002.png,synthetic_pool,,,,
synthetic_overexposure,1,00004344_008.png,synthetic_pool,,,,
synthetic_overexposure,1,00005448_002.png,synthetic_pool,,,,
synthetic_overexposure,1,00006173_003.png,synthetic_pool,,,,
synthetic_overexposure,1,00006142_008.png,synthetic_pool,,,,
synthetic_overexposure,1,00006321_000.png,synthetic_pool,,,,
synthetic_overexposure,1,00006115_002.png,synthetic_pool,,,,
synthetic_overexposure,1,00004793_000.png,synthetic_pool,,,,
synthetic_overexposure,1,00005564_009.png,synthetic_pool,,,,
synthetic_overexposure,1,00005590_000.png,synthetic_pool,,,,
synthetic_overexposure,1,00006446_004.png,synthetic_pool,,,,
synthetic_overexposure,1,00005548_000.png,synthetic_pool,,,,
synthetic_overexposure,1,00004974_000.png,synthetic_pool,,,,
synthetic_overexposure,1,00004268_001.png,synthetic_pool,,,,
synthetic_overexposure,1,00005020_000.png,synthetic_pool,,,,
synthetic_overexposure,1,00004328_003.png,synthetic_pool,,,,
synthetic_overexposure,1,00004646_005.png,synthetic_pool,,,,
synthetic_overexposure,1,00004610_002.png,synthetic_pool,,,,
synthetic_overexposure,1,00004404_001.png,synthetic_pool,,,,
synthetic_overexposure,1,00004081_001.png,synthetic_pool,,,,
synthetic_overexposure,1,00006008_017.png,synthetic_pool,,,,
synthetic_overexposure,1,00005991_012.png,synthetic_pool,,,,
synthetic_overexposure,1,00005504_000.png,synthetic_pool,,,,
synthetic_overexposure,1,00005504_011.png,synthetic_pool,,,,
synthetic_overexposure,1,00005069_009.png,synthetic_pool,,,,
synthetic_overexposure,1,00006186_000.png,synthetic_pool,,,,
synthetic_overexposure,1,00004875_002.png,synthetic_pool,,,,
synthetic_overexposure,1,00005909_002.png,synthetic_pool,,,,
synthetic_overexposure,1,00006217_001.png,synthetic_pool,,,,
synthetic_overexposure,1,00005762_008.png,synthetic_pool,,,,
synthetic_overexposure,1,00006080_000.png,synthetic_pool,,,,
synthetic_overexposure,1,00004224_001.png,synthetic_pool,,,,
synthetic_overexposure,1,00004798_000.png,synthetic_pool,,,,
synthetic_overexposure,1,00004066_005.png,synthetic_pool,,,,
synthetic_overexposure,1,00005457_004.png,synthetic_pool,,,,
synthetic_overexposure,1,00006269_000.png,synthetic_pool,,,,
synthetic_overexposure,1,00005845_004.png,synthetic_pool,,,,
synthetic_overexposure,1,00005721_002.png,synthetic_pool,,,,
synthetic_overexposure,1,00005070_001.png,synthetic_pool,,,,
synthetic_overexposure,1,00004381_031.png,synthetic_pool,,,,
synthetic_overexposure,1,00005278_000.png,synthetic_pool,,,,
synthetic_overexposure,1,00004404_002.png,synthetic_pool,,,,
synthetic_overexposure,1,00004001_003.png,synthetic_pool,,,,
synthetic_overexposure,1,00005991_001.png,synthetic_pool,,,,
synthetic_overexposure,1,00004381_027.png,synthetic_pool,,,,
synthetic_overexposure,1,00004893_063.png,synthetic_pool,,,,
synthetic_overexposure,1,00006271_060.png,synthetic_pool,,,,
synthetic_overexposure,1,00006522_001.png,synthetic_pool,,,,
synthetic_overexposure,1,00004126_001.png,synthetic_pool,,,,
synthetic_overexposure,1,00004006_021.png,synthetic_pool,,,,
synthetic_overexposure,1,00004625_002.png,synthetic_pool,,,,
synthetic_overexposure,1,00006102_016.png,synthetic_pool,,,,
synthetic_overexposure,1,00004288_000.png,synthetic_pool,,,,
synthetic_overexposure,1,00005262_002.png,synthetic_pool,,,,
synthetic_overexposure,1,00004808_045.png,synthetic_pool,,,,
synthetic_overexposure,1,00004000_000.png,synthetic_pool,,,,
synthetic_overexposure,1,00006162_000.png,synthetic_pool,,,,
synthetic_overexposure,1,00004857_024.png,synthetic_pool,,,,
synthetic_overexposure,1,00005515_002.png,synthetic_pool,,,,
synthetic_overexposure,1,00005609_001.png,synthetic_pool,,,,
synthetic_overexposure,1,00004994_001.png,synthetic_pool,,,,
synthetic_overexposure,1,00006022_001.png,synthetic_pool,,,,
synthetic_overexposure,1,00005353_002.png,synthetic_pool,,,,
synthetic_overexposure,1,00005499_002.png,synthetic_pool,,,,
synthetic_overexposure,1,00006272_003.png,synthetic_pool,,,,
synthetic_overexposure,1,00006298_006.png,synthetic_pool,,,,
synthetic_overexposure,1,00004316_007.png,synthetic_pool,,,,
synthetic_overexposure,1,00006096_009.png,synthetic_pool,,,,
synthetic_overexposure,1,00005962_003.png,synthetic_pool,,,,
synthetic_overexposure,1,00004139_000.png,synthetic_pool,,,,
synthetic_overexposure,1,00004066_004.png,synthetic_pool,,,,
synthetic_overexposure,1,00005114_004.png,synthetic_pool,,,,
synthetic_overexposure,1,00004731_001.png,synthetic_pool,,,,
synthetic_overexposure,1,00006490_000.png,synthetic_pool,,,,
synthetic_overexposure,1,00006271_094.png,synthetic_pool,,,,
synthetic_overexposure,1,00005254_005.png,synthetic_pool,,,,
synthetic_overexposure,1,00003990_010.png,synthetic_pool,,,,
synthetic_overexposure,1,00006271_026.png,synthetic_pool,,,,
synthetic_overexposure,1,00005066_059.png,synthetic_pool,,,,
synthetic_overexposure,1,00004870_000.png,synthetic_pool,,,,
synthetic_overexposure,1,00006481_028.png,synthetic_pool,,,,
synthetic_overexposure,1,00006388_000.png,synthetic_pool,,,,
synthetic_overexposure,1,00005722_022.png,synthetic_pool,,,,
synthetic_overexposure,1,00005451_000.png,synthetic_pool,,,,
synthetic_overexposure,1,00005000_008.png,synthetic_pool,,,,
synthetic_overexposure,1,00004996_000.png,synthetic_pool,,,,
synthetic_overexposure,1,00004737_000.png,synthetic_pool,,,,
synthetic_overexposure,1,00004381_014.png,synthetic_pool,,,,
synthetic_overexposure,1,00005750_026.png,synthetic_pool,,,,
synthetic_overexposure,1,00005305_000.png,synthetic_pool,,,,
synthetic_overexposure,1,00004933_003.png,synthetic_pool,,,,
synthetic_overexposure,1,00005381_000.png,synthetic_pool,,,,
synthetic_overexposure,1,00006450_008.png,synthetic_pool,,,,
synthetic_overexposure,1,00004761_000.png,synthetic_pool,,,,
synthetic_overexposure,1,00004642_000.png,synthetic_pool,,,,
synthetic_overexposure,1,00004230_000.png,synthetic_pool,,,,
synthetic_overexposure,1,00006149_001.png,synthetic_pool,,,,
synthetic_overexposure,1,00006195_001.png,synthetic_pool,,,,
synthetic_overexposure,1,00006271_042.png,synthetic_pool,,,,
synthetic_overexposure,1,00006100_000.png,synthetic_pool,,,,
synthetic_overexposure,1,00006231_000.png,synthetic_pool,,,,
synthetic_overexposure,1,00005372_010.png,synthetic_pool,,,,
synthetic_overexposure,1,00006490_009.png,synthetic_pool,,,,
synthetic_overexposure,1,00004195_005.png,synthetic_pool,,,,
synthetic_overexposure,1,00006376_000.png,synthetic_pool,,,,
synthetic_overexposure,1,00005069_007.png,synthetic_pool,,,,
synthetic_overexposure,1,00006476_000.png,synthetic_pool,,,,
synthetic_overexposure,1,00006454_000.png,synthetic_pool,,,,
synthetic_overexposure,1,00004917_009.png,synthetic_pool,,,,
synthetic_overexposure,1,00005051_002.png,synthetic_pool,,,,
synthetic_overexposure,1,00006325_000.png,synthetic_pool,,,,
synthetic_overexposure,1,00004911_008.png,synthetic_pool,,,,
synthetic_overexposure,1,00004344_030.png,synthetic_pool,,,,
synthetic_overexposure,1,00004858_044.png,synthetic_pool,,,,
synthetic_overexposure,1,00006039_017.png,synthetic_pool,,,,
synthetic_overexposure,1,00005216_002.png,synthetic_pool,,,,
synthetic_overexposure,1,00005556_001.png,synthetic_pool,,,,
synthetic_overexposure,1,00004442_006.png,synthetic_pool,,,,
synthetic_overexposure,1,00004735_013.png,synthetic_pool,,,,
synthetic_overexposure,1,00006098_001.png,synthetic_pool,,,,
synthetic_overexposure,1,00004464_001.png,synthetic_pool,,,,
synthetic_overexposure,1,00005541_001.png,synthetic_pool,,,,
synthetic_overexposure,1,00004473_000.png,synthetic_pool,,,,
synthetic_overexposure,1,00006549_003.png,synthetic_pool,,,,
synthetic_overexposure,1,00005982_007.png,synthetic_pool,,,,
synthetic_overexposure,1,00004342_000.png,synthetic_pool,,,,
synthetic_overexposure,1,00003989_017.png,synthetic_pool,,,,
synthetic_overexposure,1,00005926_000.png,synthetic_pool,,,,
synthetic_overexposure,1,00004969_001.png,synthetic_pool,,,,
synthetic_overexposure,1,00004470_003.png,synthetic_pool,,,,
synthetic_overexposure,1,00004034_016.png,synthetic_pool,,,,
synthetic_overexposure,1,00006044_000.png,synthetic_pool,,,,
synthetic_overexposure,1,00005069_011.png,synthetic_pool,,,,
synthetic_overexposure,1,00006527_002.png,synthetic_pool,,,,
synthetic_overexposure,1,00004418_008.png,synthetic_pool,,,,
synthetic_overexposure,1,00006378_005.png,synthetic_pool,,,,
synthetic_overexposure,1,00004843_004.png,synthetic_pool,,,,
synthetic_overexposure,1,00005722_023.png,synthetic_pool,,,,
synthetic_overexposure,1,00005368_000.png,synthetic_pool,,,,
synthetic_overexposure,1,00005616_000.png,synthetic_pool,,,,
synthetic_overexposure,1,00005166_002.png,synthetic_pool,,,,
synthetic_overexposure,1,00006280_000.png,synthetic_pool,,,,
synthetic_overexposure,1,00005577_003.png,synthetic_pool,,,,
synthetic_overexposure,1,00005722_045.png,synthetic_pool,,,,
synthetic_overexposure,1,00006463_001.png,synthetic_pool,,,,
synthetic_overexposure,1,00005986_014.png,synthetic_pool,,,,
synthetic_overexposure,1,00006265_000.png,synthetic_pool,,,,
synthetic_overexposure,1,00005722_055.png,synthetic_pool,,,,
synthetic_overexposure,1,00004188_011.png,synthetic_pool,,,,
synthetic_overexposure,1,00004893_001.png,synthetic_pool,,,,
synthetic_overexposure,1,00004737_003.png,synthetic_pool,,,,
synthetic_overexposure,1,00005532_009.png,synthetic_pool,,,,
synthetic_overexposure,1,00006182_003.png,synthetic_pool,,,,
synthetic_overexposure,1,00005920_000.png,synthetic_pool,,,,
synthetic_overexposure,1,00005151_000.png,synthetic_pool,,,,
synthetic_overexposure,1,00005176_008.png,synthetic_pool,,,,
synthetic_overexposure,1,00005116_001.png,synthetic_pool,,,,
synthetic_overexposure,1,00006296_025.png,synthetic_pool,,,,
synthetic_overexposure,1,00004869_000.png,synthetic_pool,,,,
synthetic_overexposure,1,00005179_008.png,synthetic_pool,,,,
synthetic_overexposure,1,00006199_001.png,synthetic_pool,,,,
synthetic_overexposure,1,00004344_022.png,synthetic_pool,,,,
synthetic_overexposure,1,00004121_007.png,synthetic_pool,,,,
synthetic_overexposure,1,00005216_006.png,synthetic_pool,,,,
synthetic_overexposure,1,00004858_066.png,synthetic_pool,,,,
synthetic_overexposure,1,00005376_007.png,synthetic_pool,,,,
synthetic_overexposure,1,00004435_014.png,synthetic_pool,,,,
synthetic_overexposure,1,00004351_000.png,synthetic_pool,,,,
synthetic_overexposure,1,00006033_002.png,synthetic_pool,,,,
synthetic_overexposure,1,00004317_002.png,synthetic_pool,,,,
synthetic_overexposure,1,00004185_001.png,synthetic_pool,,,,
synthetic_overexposure,1,00003989_001.png,synthetic_pool,,,,
synthetic_overexposure,1,00005348_006.png,synthetic_pool,,,,
synthetic_overexposure,1,00004820_000.png,synthetic_pool,,,,
synthetic_overexposure,1,00006271_021.png,synthetic_pool,,,,
synthetic_overexposure,1,00004578_003.png,synthetic_pool,,,,
synthetic_overexposure,1,00004809_005.png,synthetic_pool,,,,
synthetic_overexposure,1,00005986_024.png,synthetic_pool,,,,
synthetic_overexposure,1,00004837_008.png,synthetic_pool,,,,
synthetic_overexposure,1,00006282_001.png,synthetic_pool,,,,
synthetic_overexposure,1,00005381_001.png,synthetic_pool,,,,
synthetic_overexposure,1,00006332_007.png,synthetic_pool,,,,
synthetic_overexposure,1,00005200_000.png,synthetic_pool,,,,
synthetic_overexposure,1,00004188_012.png,synthetic_pool,,,,
synthetic_overexposure,1,00005607_000.png,synthetic_pool,,,,
synthetic_overexposure,1,00006481_031.png,synthetic_pool,,,,
synthetic_overexposure,1,00006192_016.png,synthetic_pool,,,,
synthetic_overexposure,1,00005026_001.png,synthetic_pool,,,,
synthetic_overexposure,1,00005495_000.png,synthetic_pool,,,,
synthetic_overexposure,1,00004283_004.png,synthetic_pool,,,,
synthetic_overexposure,1,00004591_004.png,synthetic_pool,,,,
synthetic_overexposure,1,00005927_001.png,synthetic_pool,,,,
synthetic_overexposure,1,00005090_000.png,synthetic_pool,,,,
synthetic_overexposure,1,00004467_002.png,synthetic_pool,,,,
synthetic_overexposure,1,00005537_010.png,synthetic_pool,,,,
synthetic_overexposure,1,00005567_017.png,synthetic_pool,,,,
synthetic_overexposure,1,00004858_006.png,synthetic_pool,,,,
synthetic_overexposure,1,00005756_009.png,synthetic_pool,,,,
synthetic_overexposure,1,00004571_000.png,synthetic_pool,,,,
synthetic_overexposure,1,00005699_005.png,synthetic_pool,,,,
synthetic_overexposure,1,00006160_000.png,synthetic_pool,,,,
synthetic_overexposure,1,00006296_008.png,synthetic_pool,,,,
synthetic_overexposure,1,00004859_000.png,synthetic_pool,,,,
synthetic_overexposure,1,00006160_013.png,synthetic_pool,,,,
synthetic_overexposure,1,00006138_008.png,synthetic_pool,,,,
synthetic_overexposure,1,00006192_005.png,synthetic_pool,,,,
synthetic_overexposure,1,00004843_008.png,synthetic_pool,,,,
synthetic_overexposure,1,00005539_003.png,synthetic_pool,,,,
synthetic_overexposure,1,00006001_000.png,synthetic_pool,,,,
synthetic_overexposure,1,00005532_014.png,synthetic_pool,,,,
synthetic_overexposure,1,00006252_004.png,synthetic_pool,,,,
synthetic_overexposure,1,00004858_000.png,synthetic_pool,,,,
synthetic_overexposure,1,00006315_000.png,synthetic_pool,,,,
synthetic_overexposure,1,00004381_023.png,synthetic_pool,,,,
synthetic_overexposure,1,00004316_000.png,synthetic_pool,,,,
synthetic_overexposure,1,00005280_004.png,synthetic_pool,,,,
synthetic_overexposure,1,00004235_000.png,synthetic_pool,,,,
synthetic_overexposure,1,00005778_028.png,synthetic_pool,,,,
synthetic_overexposure,1,00005593_012.png,synthetic_pool,,,,
synthetic_overexposure,1,00006570_000.png,synthetic_pool,,,,
synthetic_overexposure,1,00006012_000.png,synthetic_pool,,,,
synthetic_overexposure,1,00005587_000.png,synthetic_pool,,,,
synthetic_overexposure,1,00004090_000.png,synthetic_pool,,,,
synthetic_overexposure,1,00006519_001.png,synthetic_pool,,,,
synthetic_overexposure,1,00005094_003.png,synthetic_pool,,,,
synthetic_overexposure,1,00006282_008.png,synthetic_pool,,,,
synthetic_overexposure,1,00006102_015.png,synthetic_pool,,,,
synthetic_overexposure,1,00005668_001.png,synthetic_pool,,,,
synthetic_overexposure,1,00006419_000.png,synthetic_pool,,,,
synthetic_overexposure,1,00005680_003.png,synthetic_pool,,,,
synthetic_overexposure,1,00005216_001.png,synthetic_pool,,,,
synthetic_overexposure,1,00003935_001.png,synthetic_pool,,,,
synthetic_overexposure,1,00005663_009.png,synthetic_pool,,,,
synthetic_overexposure,1,00006233_006.png,synthetic_pool,,,,
synthetic_overexposure,1,00005790_000.png,synthetic_pool,,,,
synthetic_overexposure,1,00005399_005.png,synthetic_pool,,,,
synthetic_overexposure,1,00004543_002.png,synthetic_pool,,,,
synthetic_overexposure,1,00004749_002.png,synthetic_pool,,,,
synthetic_overexposure,1,00004724_001.png,synthetic_pool,,,,
synthetic_overexposure,1,00004133_001.png,synthetic_pool,,,,
synthetic_overexposure,1,00006304_034.png,synthetic_pool,,,,
synthetic_overexposure,1,00004857_030.png,synthetic_pool,,,,
synthetic_overexposure,1,00005681_038.png,synthetic_pool,,,,
synthetic_overexposure,1,00005781_004.png,synthetic_pool,,,,
synthetic_overexposure,1,00006500_009.png,synthetic_pool,,,,
synthetic_overexposure,1,00005788_000.png,synthetic_pool,,,,
synthetic_overexposure,1,00006011_000.png,synthetic_pool,,,,
synthetic_overexposure,1,00005079_016.png,synthetic_pool,,,,
synthetic_overexposure,1,00005946_000.png,synthetic_pool,,,,
synthetic_overexposure,1,00005218_008.png,synthetic_pool,,,,
synthetic_overexposure,1,00006271_058.png,synthetic_pool,,,,
synthetic_overexposure,1,00006096_006.png,synthetic_pool,,,,
synthetic_overexposure,1,00005456_007.png,synthetic_pool,,,,
synthetic_overexposure,1,00004196_009.png,synthetic_pool,,,,
synthetic_overexposure,1,00005801_008.png,synthetic_pool,,,,
synthetic_overexposure,1,00004425_001.png,synthetic_pool,,,,
synthetic_overexposure,1,00004506_002.png,synthetic_pool,,,,
synthetic_overexposure,1,00004435_017.png,synthetic_pool,,,,
synthetic_overexposure,1,00005995_006.png,synthetic_pool,,,,
synthetic_overexposure,1,00006282_010.png,synthetic_pool,,,,
synthetic_overexposure,1,00004673_015.png,synthetic_pool,,,,
synthetic_overexposure,1,00004342_037.png,synthetic_pool,,,,
synthetic_overexposure,1,00004858_034.png,synthetic_pool,,,,
synthetic_overexposure,1,00005878_001.png,synthetic_pool,,,,
synthetic_overexposure,1,00005067_014.png,synthetic_pool,,,,
synthetic_overexposure,1,00006102_023.png,synthetic_pool,,,,
synthetic_overexposure,1,00004833_036.png,synthetic_pool,,,,
synthetic_overexposure,1,00004481_000.png,synthetic_pool,,,,
synthetic_overexposure,1,00005089_048.png,synthetic_pool,,,,
synthetic_overexposure,1,00005418_002.png,synthetic_pool,,,,
synthetic_overexposure,1,00006304_010.png,synthetic_pool,,,,
synthetic_overexposure,1,00005872_001.png,synthetic_pool,,,,
synthetic_overexposure,1,00004762_002.png,synthetic_pool,,,,
synthetic_overexposure,1,00005706_001.png,synthetic_pool,,,,
synthetic_overexposure,1,00004850_001.png,synthetic_pool,,,,
synthetic_overexposure,1,00006000_008.png,synthetic_pool,,,,
synthetic_overexposure,1,00004317_000.png,synthetic_pool,,,,
synthetic_overexposure,1,00005200_011.png,synthetic_pool,,,,
synthetic_overexposure,1,00004893_083.png,synthetic_pool,,,,
synthetic_overexposure,1,00004490_008.png,synthetic_pool,,,,
synthetic_overexposure,1,00005827_000.png,synthetic_pool,,,,
synthetic_overexposure,1,00005841_001.png,synthetic_pool,,,,
synthetic_overexposure,1,00005740_003.png,synthetic_pool,,,,
synthetic_overexposure,1,00004648_003.png,synthetic_pool,,,,
synthetic_overexposure,1,00004893_032.png,synthetic_pool,,,,
synthetic_overexposure,1,00004808_091.png,synthetic_pool,,,,
synthetic_overexposure,1,00005893_000.png,synthetic_pool,,,,
synthetic_overexposure,1,00005277_001.png,synthetic_pool,,,,
synthetic_overexposure,1,00004421_000.png,synthetic_pool,,,,
synthetic_overexposure,1,00005497_004.png,synthetic_pool,,,,
synthetic_overexposure,1,00006058_001.png,synthetic_pool,,,,
synthetic_overexposure,1,00005796_000.png,synthetic_pool,,,,
synthetic_overexposure,1,00005138_015.png,synthetic_pool,,,,
synthetic_overexposure,1,00004808_022.png,synthetic_pool,,,,
synthetic_overexposure,1,00004539_000.png,synthetic_pool,,,,
synthetic_overexposure,1,00005449_003.png,synthetic_pool,,,,
synthetic_overexposure,1,00004345_000.png,synthetic_pool,,,,
synthetic_overexposure,1,00006042_001.png,synthetic_pool,,,,
synthetic_overexposure,1,00004123_007.png,synthetic_pool,,,,
synthetic_overexposure,1,00005980_001.png,synthetic_pool,,,,
synthetic_overexposure,1,00004001_011.png,synthetic_pool,,,,
synthetic_overexposure,1,00005778_000.png,synthetic_pool,,,,
synthetic_overexposure,1,00005912_000.png,synthetic_pool,,,,
synthetic_overexposure,1,00006196_000.png,synthetic_pool,,,,
synthetic_overexposure,1,00006304_035.png,synthetic_pool,,,,
synthetic_overexposure,1,00006480_004.png,synthetic_pool,,,,
synthetic_overexposure,1,00005519_000.png,synthetic_pool,,,,
synthetic_overexposure,1,00006411_020.png,synthetic_pool,,,,
synthetic_overexposure,1,00004283_002.png,synthetic_pool,,,,
synthetic_overexposure,1,00006354_000.png,synthetic_pool,,,,
synthetic_overexposure,1,00006330_014.png,synthetic_pool,,,,
synthetic_overexposure,1,00004549_001.png,synthetic_pool,,,,
synthetic_overexposure,1,00003989_026.png,synthetic_pool,,,,
synthetic_overexposure,1,00006557_000.png,synthetic_pool,,,,
synthetic_overexposure,1,00005194_002.png,synthetic_pool,,,,
synthetic_overexposure,1,00005711_001.png,synthetic_pool,,,,
synthetic_overexposure,1,00005425_000.png,synthetic_pool,,,,
synthetic_overexposure,1,00003957_001.png,synthetic_pool,,,,
synthetic_overexposure,1,00004746_014.png,synthetic_pool,,,,
synthetic_overexposure,1,00005238_002.png,synthetic_pool,,,,
synthetic_overexposure,1,00005537_008.png,synthetic_pool,,,,
synthetic_overexposure,1,00006058_003.png,synthetic_pool,,,,
synthetic_overexposure,1,00006490_003.png,synthetic_pool,,,,
synthetic_overexposure,1,00004931_005.png,synthetic_pool,,,,
synthetic_overexposure,1,00004109_001.png,synthetic_pool,,,,
synthetic_overexposure,1,00004808_015.png,synthetic_pool,,,,
synthetic_overexposure,1,00005435_001.png,synthetic_pool,,,,
synthetic_overexposure,1,00005532_041.png,synthetic_pool,,,,
synthetic_overexposure,1,00005722_054.png,synthetic_pool,,,,
synthetic_overexposure,1,00005200_010.png,synthetic_pool,,,,
synthetic_overexposure,1,00003989_003.png,synthetic_pool,,,,
synthetic_overexposure,1,00004822_041.png,synthetic_pool,,,,
synthetic_overexposure,1,00004639_000.png,synthetic_pool,,,,
synthetic_overexposure,1,00004961_004.png,synthetic_pool,,,,
synthetic_overexposure,1,00005759_001.png,synthetic_pool,,,,
synthetic_overexposure,1,00005593_004.png,synthetic_pool,,,,
synthetic_overexposure,1,00004006_044.png,synthetic_pool,,,,
synthetic_overexposure,1,00004048_001.png,synthetic_pool,,,,
synthetic_overexposure,1,00004737_010.png,synthetic_pool,,,,
synthetic_overexposure,1,00005609_011.png,synthetic_pool,,,,
synthetic_overexposure,1,00004399_001.png,synthetic_pool,,,,
synthetic_overexposure,1,00006162_004.png,synthetic_pool,,,,
synthetic_overexposure,1,00004804_000.png,synthetic_pool,,,,
synthetic_overexposure,1,00006237_006.png,synthetic_pool,,,,
synthetic_overexposure,1,00006184_001.png,synthetic_pool,,,,
synthetic_overexposure,1,00005395_005.png,synthetic_pool,,,,
synthetic_overexposure,1,00004085_010.png,synthetic_pool,,,,
synthetic_overexposure,1,00005639_002.png,synthetic_pool,,,,
synthetic_overexposure,1,00005600_010.png,synthetic_pool,,,,
synthetic_overexposure,1,00006304_004.png,synthetic_pool,,,,
synthetic_overexposure,1,00004174_000.png,synthetic_pool,,,,
synthetic_overexposure,1,00005759_025.png,synthetic_pool,,,,
synthetic_overexposure,1,00004858_039.png,synthetic_pool,,,,
synthetic_overexposure,1,00005934_003.png,synthetic_pool,,,,
synthetic_overexposure,1,00005534_000.png,synthetic_pool,,,,
synthetic_overexposure,1,00003989_008.png,synthetic_pool,,,,
synthetic_overexposure,1,00004931_004.png,synthetic_pool,,,,
synthetic_overexposure,1,00006102_007.png,synthetic_pool,,,,
synthetic_overexposure,1,00006517_007.png,synthetic_pool,,,,
synthetic_overexposure,1,00004959_005.png,synthetic_pool,,,,
synthetic_overexposure,1,00006332_009.png,synthetic_pool,,,,
synthetic_overexposure,1,00004526_006.png,synthetic_pool,,,,
synthetic_overexposure,1,00005845_005.png,synthetic_pool,,,,
synthetic_overexposure,1,00006089_000.png,synthetic_pool,,,,
synthetic_overexposure,1,00006271_072.png,synthetic_pool,,,,
synthetic_overexposure,1,00003974_004.png,synthetic_pool,,,,
synthetic_overexposure,1,00006378_006.png,synthetic_pool,,,,
synthetic_overexposure,1,00005776_001.png,synthetic_pool,,,,
synthetic_overexposure,1,00004328_007.png,synthetic_pool,,,,
synthetic_overexposure,1,00005202_008.png,synthetic_pool,,,,
synthetic_overexposure,1,00006271_006.png,synthetic_pool,,,,
synthetic_overexposure,1,00004913_001.png,synthetic_pool,,,,
synthetic_overexposure,1,00004065_012.png,synthetic_pool,,,,
synthetic_overexposure,1,00003977_000.png,synthetic_pool,,,,
synthetic_overexposure,1,00005666_003.png,synthetic_pool,,,,
synthetic_overexposure,1,00005890_007.png,synthetic_pool,,,,
synthetic_overexposure,1,00005715_000.png,synthetic_pool,,,,
synthetic_overexposure,1,00005756_012.png,synthetic_pool,,,,
synthetic_overexposure,1,00005064_004.png,synthetic_pool,,,,
synthetic_overexposure,1,00004203_001.png,synthetic_pool,,,,
synthetic_overexposure,1,00005277_003.png,synthetic_pool,,,,
synthetic_overexposure,1,00004579_004.png,synthetic_pool,,,,
synthetic_overexposure,1,00005983_000.png,synthetic_pool,,,,
synthetic_overexposure,1,00005566_002.png,synthetic_pool,,,,
synthetic_overexposure,1,00006342_001.png,synthetic_pool,,,,
synthetic_overexposure,1,00005871_000.png,synthetic_pool,,,,
synthetic_overexposure,1,00004153_000.png,synthetic_pool,,,,
synthetic_overexposure,1,00005582_000.png,synthetic_pool,,,,
synthetic_overexposure,1,00004294_000.png,synthetic_pool,,,,
synthetic_overexposure,1,00006039_023.png,synthetic_pool,,,,
synthetic_overexposure,1,00004519_002.png,synthetic_pool,,,,
synthetic_overexposure,1,00004299_006.png,synthetic_pool,,,,
synthetic_overexposure,1,00004679_001.png,synthetic_pool,,,,
synthetic_overexposure,1,00006160_010.png,synthetic_pool,,,,
synthetic_overexposure,1,00004917_015.png,synthetic_pool,,,,
synthetic_overexposure,1,00005094_012.png,synthetic_pool,,,,
synthetic_overexposure,1,00006500_007.png,synthetic_pool,,,,
synthetic_overexposure,1,00004722_001.png,synthetic_pool,,,,
synthetic_overexposure,1,00005403_023.png,synthetic_pool,,,,
synthetic_overexposure,1,00004893_025.png,synthetic_pool,,,,
synthetic_overexposure,1,00004342_051.png,synthetic_pool,,,,
synthetic_overexposure,1,00006070_000.png,synthetic_pool,,,,
synthetic_overexposure,1,00005532_003.png,synthetic_pool,,,,
synthetic_overexposure,1,00005394_000.png,synthetic_pool,,,,
synthetic_overexposure,1,00004858_049.png,synthetic_pool,,,,
synthetic_overexposure,1,00005968_000.png,synthetic_pool,,,,
synthetic_overexposure,1,00006359_000.png,synthetic_pool,,,,
synthetic_overexposure,1,00004876_000.png,synthetic_pool,,,,
synthetic_overexposure,1,00005311_006.png,synthetic_pool,,,,
synthetic_overexposure,1,00005822_003.png,synthetic_pool,,,,
synthetic_overexposure,1,00005936_003.png,synthetic_pool,,,,
synthetic_overexposure,1,00006070_009.png,synthetic_pool,,,,
synthetic_overexposure,1,00005532_049.png,synthetic_pool,,,,
synthetic_overexposure,1,00005528_016.png,synthetic_pool,,,,
