clean_path,degraded_path,degradation_type,parameters_used
synthetic_pairs\clean\00001336_000.png,synthetic_pairs\degraded\00001336_000_deg_1_contrast_compression.png,contrast_compression,pct=0.51
synthetic_pairs\clean\00001336_000.png,synthetic_pairs\degraded\00001336_000_deg_2_poisson_noise.png,poisson_noise,scale=22.5
synthetic_pairs\clean\00001336_000.png,synthetic_pairs\degraded\00001336_000_deg_3_contrast_compression.png,contrast_compression,pct=0.32
synthetic_pairs\clean\00001337_000.png,synthetic_pairs\degraded\00001337_000_deg_1_underexposure.png,underexposure,factor=0.69
synthetic_pairs\clean\00001337_000.png,synthetic_pairs\degraded\00001337_000_deg_2_contrast_compression.png,contrast_compression,pct=0.46
synthetic_pairs\clean\00001337_000.png,synthetic_pairs\degraded\00001337_000_deg_3_poisson_noise.png,poisson_noise,scale=20.4
synthetic_pairs\clean\00001338_000.png,synthetic_pairs\degraded\00001338_000_deg_1_underexposure.png,underexposure,factor=0.55
synthetic_pairs\clean\00001338_000.png,synthetic_pairs\degraded\00001338_000_deg_2_gaussian_blur.png,gaussian_blur,sigma=1.36
synthetic_pairs\clean\00001338_000.png,synthetic_pairs\degraded\00001338_000_deg_3_underexposure.png,underexposure,factor=0.48
synthetic_pairs\clean\00001338_001.png,synthetic_pairs\degraded\00001338_001_deg_1_gaussian_noise.png,gaussian_noise,variance=0.0259
synthetic_pairs\clean\00001338_001.png,synthetic_pairs\degraded\00001338_001_deg_2_poisson_noise.png,poisson_noise,scale=18.9
synthetic_pairs\clean\00001338_001.png,synthetic_pairs\degraded\00001338_001_deg_3_gaussian_blur.png,gaussian_blur,sigma=2.15
synthetic_pairs\clean\00001338_002.png,synthetic_pairs\degraded\00001338_002_deg_1_underexposure.png,underexposure,factor=0.57
synthetic_pairs\clean\00001338_002.png,synthetic_pairs\degraded\00001338_002_deg_2_contrast_compression.png,contrast_compression,pct=0.52
synthetic_pairs\clean\00001338_002.png,synthetic_pairs\degraded\00001338_002_deg_3_gaussian_blur.png,gaussian_blur,sigma=2.44
synthetic_pairs\clean\00001338_003.png,synthetic_pairs\degraded\00001338_003_deg_1_combined.png,combined,"gaussian_blur+gaussian_noise(sigma=0.89,variance=0.0079)"
synthetic_pairs\clean\00001338_003.png,synthetic_pairs\degraded\00001338_003_deg_2_contrast_compression.png,contrast_compression,pct=0.41
synthetic_pairs\clean\00001338_003.png,synthetic_pairs\degraded\00001338_003_deg_3_underexposure.png,underexposure,factor=0.64
synthetic_pairs\clean\00001339_000.png,synthetic_pairs\degraded\00001339_000_deg_1_combined.png,combined,"gaussian_noise+contrast_compression(variance=0.0352,pct=0.48)"
synthetic_pairs\clean\00001339_000.png,synthetic_pairs\degraded\00001339_000_deg_2_gaussian_noise.png,gaussian_noise,variance=0.0365
synthetic_pairs\clean\00001339_000.png,synthetic_pairs\degraded\00001339_000_deg_3_underexposure.png,underexposure,factor=0.40
synthetic_pairs\clean\00001340_000.png,synthetic_pairs\degraded\00001340_000_deg_1_gaussian_noise.png,gaussian_noise,variance=0.0101
synthetic_pairs\clean\00001340_000.png,synthetic_pairs\degraded\00001340_000_deg_2_combined.png,combined,"gaussian_blur+poisson_noise(sigma=2.72,scale=39.3)"
synthetic_pairs\clean\00001340_000.png,synthetic_pairs\degraded\00001340_000_deg_3_contrast_compression.png,contrast_compression,pct=0.57
synthetic_pairs\clean\00001341_000.png,synthetic_pairs\degraded\00001341_000_deg_1_underexposure.png,underexposure,factor=0.39
synthetic_pairs\clean\00001341_000.png,synthetic_pairs\degraded\00001341_000_deg_2_contrast_compression.png,contrast_compression,pct=0.33
synthetic_pairs\clean\00001341_000.png,synthetic_pairs\degraded\00001341_000_deg_3_gaussian_noise.png,gaussian_noise,variance=0.0214
synthetic_pairs\clean\00001342_000.png,synthetic_pairs\degraded\00001342_000_deg_1_poisson_noise.png,poisson_noise,scale=10.4
synthetic_pairs\clean\00001342_000.png,synthetic_pairs\degraded\00001342_000_deg_2_gaussian_blur.png,gaussian_blur,sigma=2.43
synthetic_pairs\clean\00001342_000.png,synthetic_pairs\degraded\00001342_000_deg_3_underexposure.png,underexposure,factor=0.35
synthetic_pairs\clean\00001342_001.png,synthetic_pairs\degraded\00001342_001_deg_1_combined.png,combined,"gaussian_blur+gaussian_noise(sigma=3.37,variance=0.0053)"
synthetic_pairs\clean\00001342_001.png,synthetic_pairs\degraded\00001342_001_deg_2_contrast_compression.png,contrast_compression,pct=0.54
synthetic_pairs\clean\00001342_001.png,synthetic_pairs\degraded\00001342_001_deg_3_poisson_noise.png,poisson_noise,scale=41.6
synthetic_pairs\clean\00001343_000.png,synthetic_pairs\degraded\00001343_000_deg_1_underexposure.png,underexposure,factor=0.32
synthetic_pairs\clean\00001343_000.png,synthetic_pairs\degraded\00001343_000_deg_2_poisson_noise.png,poisson_noise,scale=29.9
synthetic_pairs\clean\00001343_000.png,synthetic_pairs\degraded\00001343_000_deg_3_gaussian_blur.png,gaussian_blur,sigma=1.64
synthetic_pairs\clean\00001344_000.png,synthetic_pairs\degraded\00001344_000_deg_1_gaussian_noise.png,gaussian_noise,variance=0.0381
synthetic_pairs\clean\00001344_000.png,synthetic_pairs\degraded\00001344_000_deg_2_combined.png,combined,"gaussian_blur+gaussian_noise(sigma=1.99,variance=0.0150)"
synthetic_pairs\clean\00001344_000.png,synthetic_pairs\degraded\00001344_000_deg_3_gaussian_blur.png,gaussian_blur,sigma=2.29
synthetic_pairs\clean\00001345_000.png,synthetic_pairs\degraded\00001345_000_deg_1_gaussian_noise.png,gaussian_noise,variance=0.0269
synthetic_pairs\clean\00001345_000.png,synthetic_pairs\degraded\00001345_000_deg_2_combined.png,combined,"underexposure+contrast_compression(factor=0.38,pct=0.42)"
synthetic_pairs\clean\00001345_000.png,synthetic_pairs\degraded\00001345_000_deg_3_contrast_compression.png,contrast_compression,pct=0.57
synthetic_pairs\clean\00001346_000.png,synthetic_pairs\degraded\00001346_000_deg_1_gaussian_noise.png,gaussian_noise,variance=0.0220
synthetic_pairs\clean\00001346_000.png,synthetic_pairs\degraded\00001346_000_deg_2_poisson_noise.png,poisson_noise,scale=10.9
synthetic_pairs\clean\00001346_000.png,synthetic_pairs\degraded\00001346_000_deg_3_gaussian_noise.png,gaussian_noise,variance=0.0446
synthetic_pairs\clean\00001347_000.png,synthetic_pairs\degraded\00001347_000_deg_1_underexposure.png,underexposure,factor=0.68
synthetic_pairs\clean\00001347_000.png,synthetic_pairs\degraded\00001347_000_deg_2_contrast_compression.png,contrast_compression,pct=0.49
synthetic_pairs\clean\00001347_000.png,synthetic_pairs\degraded\00001347_000_deg_3_combined.png,combined,"gaussian_noise+underexposure(variance=0.0159,factor=0.70)"
synthetic_pairs\clean\00001347_001.png,synthetic_pairs\degraded\00001347_001_deg_1_gaussian_blur.png,gaussian_blur,sigma=3.24
synthetic_pairs\clean\00001347_001.png,synthetic_pairs\degraded\00001347_001_deg_2_poisson_noise.png,poisson_noise,scale=47.2
synthetic_pairs\clean\00001347_001.png,synthetic_pairs\degraded\00001347_001_deg_3_combined.png,combined,"poisson_noise+gaussian_blur(scale=18.7,sigma=2.88)"
synthetic_pairs\clean\00001347_002.png,synthetic_pairs\degraded\00001347_002_deg_1_poisson_noise.png,poisson_noise,scale=20.7
synthetic_pairs\clean\00001347_002.png,synthetic_pairs\degraded\00001347_002_deg_2_gaussian_blur.png,gaussian_blur,sigma=2.02
synthetic_pairs\clean\00001347_002.png,synthetic_pairs\degraded\00001347_002_deg_3_combined.png,combined,"gaussian_blur+gaussian_noise(sigma=2.08,variance=0.0092)"
synthetic_pairs\clean\00001348_000.png,synthetic_pairs\degraded\00001348_000_deg_1_poisson_noise.png,poisson_noise,scale=21.3
synthetic_pairs\clean\00001348_000.png,synthetic_pairs\degraded\00001348_000_deg_2_underexposure.png,underexposure,factor=0.51
synthetic_pairs\clean\00001348_000.png,synthetic_pairs\degraded\00001348_000_deg_3_gaussian_noise.png,gaussian_noise,variance=0.0122
synthetic_pairs\clean\00001349_000.png,synthetic_pairs\degraded\00001349_000_deg_1_underexposure.png,underexposure,factor=0.30
synthetic_pairs\clean\00001349_000.png,synthetic_pairs\degraded\00001349_000_deg_2_combined.png,combined,"gaussian_noise+contrast_compression(variance=0.0246,pct=0.45)"
synthetic_pairs\clean\00001349_000.png,synthetic_pairs\degraded\00001349_000_deg_3_contrast_compression.png,contrast_compression,pct=0.34
synthetic_pairs\clean\00001350_000.png,synthetic_pairs\degraded\00001350_000_deg_1_underexposure.png,underexposure,factor=0.42
synthetic_pairs\clean\00001350_000.png,synthetic_pairs\degraded\00001350_000_deg_2_poisson_noise.png,poisson_noise,scale=25.0
synthetic_pairs\clean\00001350_000.png,synthetic_pairs\degraded\00001350_000_deg_3_gaussian_blur.png,gaussian_blur,sigma=3.24
synthetic_pairs\clean\00001351_000.png,synthetic_pairs\degraded\00001351_000_deg_1_underexposure.png,underexposure,factor=0.42
synthetic_pairs\clean\00001351_000.png,synthetic_pairs\degraded\00001351_000_deg_2_contrast_compression.png,contrast_compression,pct=0.51
synthetic_pairs\clean\00001351_000.png,synthetic_pairs\degraded\00001351_000_deg_3_poisson_noise.png,poisson_noise,scale=14.7
synthetic_pairs\clean\00001352_000.png,synthetic_pairs\degraded\00001352_000_deg_1_underexposure.png,underexposure,factor=0.41
synthetic_pairs\clean\00001352_000.png,synthetic_pairs\degraded\00001352_000_deg_2_poisson_noise.png,poisson_noise,scale=30.5
synthetic_pairs\clean\00001352_000.png,synthetic_pairs\degraded\00001352_000_deg_3_contrast_compression.png,contrast_compression,pct=0.30
synthetic_pairs\clean\00001353_000.png,synthetic_pairs\degraded\00001353_000_deg_1_contrast_compression.png,contrast_compression,pct=0.39
synthetic_pairs\clean\00001353_000.png,synthetic_pairs\degraded\00001353_000_deg_2_combined.png,combined,"gaussian_blur+underexposure(sigma=1.41,factor=0.61)"
synthetic_pairs\clean\00001353_000.png,synthetic_pairs\degraded\00001353_000_deg_3_underexposure.png,underexposure,factor=0.34
synthetic_pairs\clean\00001354_000.png,synthetic_pairs\degraded\00001354_000_deg_1_poisson_noise.png,poisson_noise,scale=30.4
synthetic_pairs\clean\00001354_000.png,synthetic_pairs\degraded\00001354_000_deg_2_gaussian_blur.png,gaussian_blur,sigma=2.68
synthetic_pairs\clean\00001354_000.png,synthetic_pairs\degraded\00001354_000_deg_3_underexposure.png,underexposure,factor=0.32
synthetic_pairs\clean\00001355_000.png,synthetic_pairs\degraded\00001355_000_deg_1_gaussian_blur.png,gaussian_blur,sigma=2.38
synthetic_pairs\clean\00001355_000.png,synthetic_pairs\degraded\00001355_000_deg_2_poisson_noise.png,poisson_noise,scale=37.5
synthetic_pairs\clean\00001355_000.png,synthetic_pairs\degraded\00001355_000_deg_3_gaussian_blur.png,gaussian_blur,sigma=1.46
synthetic_pairs\clean\00001355_001.png,synthetic_pairs\degraded\00001355_001_deg_1_combined.png,combined,"underexposure+gaussian_blur(factor=0.55,sigma=0.94)"
synthetic_pairs\clean\00001355_001.png,synthetic_pairs\degraded\00001355_001_deg_2_gaussian_noise.png,gaussian_noise,variance=0.0350
synthetic_pairs\clean\00001355_001.png,synthetic_pairs\degraded\00001355_001_deg_3_combined.png,combined,"contrast_compression+poisson_noise(pct=0.44,scale=39.9)"
synthetic_pairs\clean\00001355_002.png,synthetic_pairs\degraded\00001355_002_deg_1_poisson_noise.png,poisson_noise,scale=38.7
synthetic_pairs\clean\00001355_002.png,synthetic_pairs\degraded\00001355_002_deg_2_underexposure.png,underexposure,factor=0.54
synthetic_pairs\clean\00001355_002.png,synthetic_pairs\degraded\00001355_002_deg_3_gaussian_blur.png,gaussian_blur,sigma=3.35
synthetic_pairs\clean\00001355_003.png,synthetic_pairs\degraded\00001355_003_deg_1_gaussian_blur.png,gaussian_blur,sigma=1.90
synthetic_pairs\clean\00001355_003.png,synthetic_pairs\degraded\00001355_003_deg_2_combined.png,combined,"underexposure+poisson_noise(factor=0.46,scale=22.6)"
synthetic_pairs\clean\00001355_003.png,synthetic_pairs\degraded\00001355_003_deg_3_contrast_compression.png,contrast_compression,pct=0.51
synthetic_pairs\clean\00001355_004.png,synthetic_pairs\degraded\00001355_004_deg_1_combined.png,combined,"gaussian_noise+gaussian_blur(variance=0.0319,sigma=0.96)"
synthetic_pairs\clean\00001355_004.png,synthetic_pairs\degraded\00001355_004_deg_2_poisson_noise.png,poisson_noise,scale=22.1
synthetic_pairs\clean\00001355_004.png,synthetic_pairs\degraded\00001355_004_deg_3_underexposure.png,underexposure,factor=0.46
synthetic_pairs\clean\00001355_005.png,synthetic_pairs\degraded\00001355_005_deg_1_poisson_noise.png,poisson_noise,scale=45.3
synthetic_pairs\clean\00001355_005.png,synthetic_pairs\degraded\00001355_005_deg_2_contrast_compression.png,contrast_compression,pct=0.43
synthetic_pairs\clean\00001355_005.png,synthetic_pairs\degraded\00001355_005_deg_3_poisson_noise.png,poisson_noise,scale=49.9
synthetic_pairs\clean\00001355_006.png,synthetic_pairs\degraded\00001355_006_deg_1_contrast_compression.png,contrast_compression,pct=0.34
synthetic_pairs\clean\00001355_006.png,synthetic_pairs\degraded\00001355_006_deg_2_gaussian_noise.png,gaussian_noise,variance=0.0321
synthetic_pairs\clean\00001355_006.png,synthetic_pairs\degraded\00001355_006_deg_3_combined.png,combined,"gaussian_blur+gaussian_noise(sigma=2.49,variance=0.0383)"
synthetic_pairs\clean\00001355_007.png,synthetic_pairs\degraded\00001355_007_deg_1_poisson_noise.png,poisson_noise,scale=16.7
synthetic_pairs\clean\00001355_007.png,synthetic_pairs\degraded\00001355_007_deg_2_contrast_compression.png,contrast_compression,pct=0.59
synthetic_pairs\clean\00001355_007.png,synthetic_pairs\degraded\00001355_007_deg_3_underexposure.png,underexposure,factor=0.31
synthetic_pairs\clean\00001355_008.png,synthetic_pairs\degraded\00001355_008_deg_1_combined.png,combined,"underexposure+gaussian_blur(factor=0.49,sigma=2.92)"
synthetic_pairs\clean\00001355_008.png,synthetic_pairs\degraded\00001355_008_deg_2_gaussian_noise.png,gaussian_noise,variance=0.0140
synthetic_pairs\clean\00001355_008.png,synthetic_pairs\degraded\00001355_008_deg_3_gaussian_blur.png,gaussian_blur,sigma=1.66
synthetic_pairs\clean\00001355_009.png,synthetic_pairs\degraded\00001355_009_deg_1_underexposure.png,underexposure,factor=0.41
synthetic_pairs\clean\00001355_009.png,synthetic_pairs\degraded\00001355_009_deg_2_gaussian_blur.png,gaussian_blur,sigma=3.47
synthetic_pairs\clean\00001355_009.png,synthetic_pairs\degraded\00001355_009_deg_3_contrast_compression.png,contrast_compression,pct=0.47
synthetic_pairs\clean\00001355_010.png,synthetic_pairs\degraded\00001355_010_deg_1_poisson_noise.png,poisson_noise,scale=49.9
synthetic_pairs\clean\00001355_010.png,synthetic_pairs\degraded\00001355_010_deg_2_gaussian_noise.png,gaussian_noise,variance=0.0461
synthetic_pairs\clean\00001355_010.png,synthetic_pairs\degraded\00001355_010_deg_3_combined.png,combined,"contrast_compression+poisson_noise(pct=0.59,scale=23.1)"
synthetic_pairs\clean\00001355_011.png,synthetic_pairs\degraded\00001355_011_deg_1_gaussian_blur.png,gaussian_blur,sigma=2.26
synthetic_pairs\clean\00001355_011.png,synthetic_pairs\degraded\00001355_011_deg_2_poisson_noise.png,poisson_noise,scale=14.8
synthetic_pairs\clean\00001355_011.png,synthetic_pairs\degraded\00001355_011_deg_3_gaussian_noise.png,gaussian_noise,variance=0.0404
synthetic_pairs\clean\00001355_012.png,synthetic_pairs\degraded\00001355_012_deg_1_gaussian_noise.png,gaussian_noise,variance=0.0073
synthetic_pairs\clean\00001355_012.png,synthetic_pairs\degraded\00001355_012_deg_2_combined.png,combined,"contrast_compression+underexposure(pct=0.32,factor=0.33)"
synthetic_pairs\clean\00001355_012.png,synthetic_pairs\degraded\00001355_012_deg_3_gaussian_blur.png,gaussian_blur,sigma=0.81
synthetic_pairs\clean\00001356_000.png,synthetic_pairs\degraded\00001356_000_deg_1_contrast_compression.png,contrast_compression,pct=0.41
synthetic_pairs\clean\00001356_000.png,synthetic_pairs\degraded\00001356_000_deg_2_gaussian_blur.png,gaussian_blur,sigma=3.44
synthetic_pairs\clean\00001356_000.png,synthetic_pairs\degraded\00001356_000_deg_3_contrast_compression.png,contrast_compression,pct=0.53
synthetic_pairs\clean\00001357_000.png,synthetic_pairs\degraded\00001357_000_deg_1_gaussian_noise.png,gaussian_noise,variance=0.0370
synthetic_pairs\clean\00001357_000.png,synthetic_pairs\degraded\00001357_000_deg_2_contrast_compression.png,contrast_compression,pct=0.45
synthetic_pairs\clean\00001357_000.png,synthetic_pairs\degraded\00001357_000_deg_3_underexposure.png,underexposure,factor=0.38
synthetic_pairs\clean\00001358_000.png,synthetic_pairs\degraded\00001358_000_deg_1_gaussian_noise.png,gaussian_noise,variance=0.0084
synthetic_pairs\clean\00001358_000.png,synthetic_pairs\degraded\00001358_000_deg_2_combined.png,combined,"gaussian_noise+poisson_noise(variance=0.0376,scale=49.4)"
synthetic_pairs\clean\00001358_000.png,synthetic_pairs\degraded\00001358_000_deg_3_gaussian_blur.png,gaussian_blur,sigma=3.21
synthetic_pairs\clean\00001358_001.png,synthetic_pairs\degraded\00001358_001_deg_1_poisson_noise.png,poisson_noise,scale=46.5
synthetic_pairs\clean\00001358_001.png,synthetic_pairs\degraded\00001358_001_deg_2_underexposure.png,underexposure,factor=0.68
synthetic_pairs\clean\00001358_001.png,synthetic_pairs\degraded\00001358_001_deg_3_combined.png,combined,"gaussian_noise+underexposure(variance=0.0192,factor=0.52)"
synthetic_pairs\clean\00001359_000.png,synthetic_pairs\degraded\00001359_000_deg_1_underexposure.png,underexposure,factor=0.56
synthetic_pairs\clean\00001359_000.png,synthetic_pairs\degraded\00001359_000_deg_2_combined.png,combined,"underexposure+poisson_noise(factor=0.51,scale=47.4)"
synthetic_pairs\clean\00001359_000.png,synthetic_pairs\degraded\00001359_000_deg_3_poisson_noise.png,poisson_noise,scale=23.2
synthetic_pairs\clean\00001360_000.png,synthetic_pairs\degraded\00001360_000_deg_1_gaussian_noise.png,gaussian_noise,variance=0.0485
synthetic_pairs\clean\00001360_000.png,synthetic_pairs\degraded\00001360_000_deg_2_poisson_noise.png,poisson_noise,scale=33.2
synthetic_pairs\clean\00001360_000.png,synthetic_pairs\degraded\00001360_000_deg_3_gaussian_blur.png,gaussian_blur,sigma=2.06
synthetic_pairs\clean\00001361_000.png,synthetic_pairs\degraded\00001361_000_deg_1_gaussian_blur.png,gaussian_blur,sigma=2.22
synthetic_pairs\clean\00001361_000.png,synthetic_pairs\degraded\00001361_000_deg_2_gaussian_noise.png,gaussian_noise,variance=0.0337
synthetic_pairs\clean\00001361_000.png,synthetic_pairs\degraded\00001361_000_deg_3_underexposure.png,underexposure,factor=0.56
synthetic_pairs\clean\00001362_000.png,synthetic_pairs\degraded\00001362_000_deg_1_underexposure.png,underexposure,factor=0.52
synthetic_pairs\clean\00001362_000.png,synthetic_pairs\degraded\00001362_000_deg_2_poisson_noise.png,poisson_noise,scale=47.0
synthetic_pairs\clean\00001362_000.png,synthetic_pairs\degraded\00001362_000_deg_3_combined.png,combined,"gaussian_blur+gaussian_noise(sigma=1.26,variance=0.0482)"
synthetic_pairs\clean\00001362_001.png,synthetic_pairs\degraded\00001362_001_deg_1_poisson_noise.png,poisson_noise,scale=38.5
synthetic_pairs\clean\00001362_001.png,synthetic_pairs\degraded\00001362_001_deg_2_gaussian_blur.png,gaussian_blur,sigma=0.85
synthetic_pairs\clean\00001362_001.png,synthetic_pairs\degraded\00001362_001_deg_3_contrast_compression.png,contrast_compression,pct=0.31
synthetic_pairs\clean\00001362_002.png,synthetic_pairs\degraded\00001362_002_deg_1_gaussian_noise.png,gaussian_noise,variance=0.0303
synthetic_pairs\clean\00001362_002.png,synthetic_pairs\degraded\00001362_002_deg_2_poisson_noise.png,poisson_noise,scale=42.3
synthetic_pairs\clean\00001362_002.png,synthetic_pairs\degraded\00001362_002_deg_3_underexposure.png,underexposure,factor=0.33
synthetic_pairs\clean\00001362_003.png,synthetic_pairs\degraded\00001362_003_deg_1_combined.png,combined,"contrast_compression+gaussian_noise(pct=0.45,variance=0.0098)"
synthetic_pairs\clean\00001362_003.png,synthetic_pairs\degraded\00001362_003_deg_2_gaussian_noise.png,gaussian_noise,variance=0.0313
synthetic_pairs\clean\00001362_003.png,synthetic_pairs\degraded\00001362_003_deg_3_gaussian_blur.png,gaussian_blur,sigma=1.49
synthetic_pairs\clean\00001362_004.png,synthetic_pairs\degraded\00001362_004_deg_1_combined.png,combined,"contrast_compression+gaussian_noise(pct=0.33,variance=0.0133)"
synthetic_pairs\clean\00001362_004.png,synthetic_pairs\degraded\00001362_004_deg_2_gaussian_blur.png,gaussian_blur,sigma=2.02
synthetic_pairs\clean\00001362_004.png,synthetic_pairs\degraded\00001362_004_deg_3_underexposure.png,underexposure,factor=0.49
synthetic_pairs\clean\00001362_005.png,synthetic_pairs\degraded\00001362_005_deg_1_gaussian_noise.png,gaussian_noise,variance=0.0290
synthetic_pairs\clean\00001362_005.png,synthetic_pairs\degraded\00001362_005_deg_2_contrast_compression.png,contrast_compression,pct=0.33
synthetic_pairs\clean\00001362_005.png,synthetic_pairs\degraded\00001362_005_deg_3_gaussian_blur.png,gaussian_blur,sigma=2.71
synthetic_pairs\clean\00001362_006.png,synthetic_pairs\degraded\00001362_006_deg_1_poisson_noise.png,poisson_noise,scale=28.1
synthetic_pairs\clean\00001362_006.png,synthetic_pairs\degraded\00001362_006_deg_2_gaussian_noise.png,gaussian_noise,variance=0.0394
synthetic_pairs\clean\00001362_006.png,synthetic_pairs\degraded\00001362_006_deg_3_gaussian_blur.png,gaussian_blur,sigma=3.15
synthetic_pairs\clean\00001362_007.png,synthetic_pairs\degraded\00001362_007_deg_1_underexposure.png,underexposure,factor=0.58
synthetic_pairs\clean\00001362_007.png,synthetic_pairs\degraded\00001362_007_deg_2_combined.png,combined,"contrast_compression+gaussian_blur(pct=0.34,sigma=1.44)"
synthetic_pairs\clean\00001362_007.png,synthetic_pairs\degraded\00001362_007_deg_3_gaussian_noise.png,gaussian_noise,variance=0.0235
synthetic_pairs\clean\00001362_008.png,synthetic_pairs\degraded\00001362_008_deg_1_poisson_noise.png,poisson_noise,scale=32.2
synthetic_pairs\clean\00001362_008.png,synthetic_pairs\degraded\00001362_008_deg_2_gaussian_blur.png,gaussian_blur,sigma=0.81
synthetic_pairs\clean\00001362_008.png,synthetic_pairs\degraded\00001362_008_deg_3_poisson_noise.png,poisson_noise,scale=12.1
synthetic_pairs\clean\00001362_009.png,synthetic_pairs\degraded\00001362_009_deg_1_gaussian_blur.png,gaussian_blur,sigma=2.46
synthetic_pairs\clean\00001362_009.png,synthetic_pairs\degraded\00001362_009_deg_2_underexposure.png,underexposure,factor=0.41
synthetic_pairs\clean\00001362_009.png,synthetic_pairs\degraded\00001362_009_deg_3_contrast_compression.png,contrast_compression,pct=0.30
synthetic_pairs\clean\00001362_010.png,synthetic_pairs\degraded\00001362_010_deg_1_contrast_compression.png,contrast_compression,pct=0.51
synthetic_pairs\clean\00001362_010.png,synthetic_pairs\degraded\00001362_010_deg_2_underexposure.png,underexposure,factor=0.38
synthetic_pairs\clean\00001362_010.png,synthetic_pairs\degraded\00001362_010_deg_3_gaussian_noise.png,gaussian_noise,variance=0.0295
synthetic_pairs\clean\00001362_011.png,synthetic_pairs\degraded\00001362_011_deg_1_poisson_noise.png,poisson_noise,scale=21.7
synthetic_pairs\clean\00001362_011.png,synthetic_pairs\degraded\00001362_011_deg_2_gaussian_blur.png,gaussian_blur,sigma=2.08
synthetic_pairs\clean\00001362_011.png,synthetic_pairs\degraded\00001362_011_deg_3_combined.png,combined,"underexposure+contrast_compression(factor=0.60,pct=0.40)"
synthetic_pairs\clean\00001362_012.png,synthetic_pairs\degraded\00001362_012_deg_1_underexposure.png,underexposure,factor=0.32
synthetic_pairs\clean\00001362_012.png,synthetic_pairs\degraded\00001362_012_deg_2_gaussian_blur.png,gaussian_blur,sigma=1.56
synthetic_pairs\clean\00001362_012.png,synthetic_pairs\degraded\00001362_012_deg_3_poisson_noise.png,poisson_noise,scale=40.1
synthetic_pairs\clean\00001362_013.png,synthetic_pairs\degraded\00001362_013_deg_1_contrast_compression.png,contrast_compression,pct=0.31
synthetic_pairs\clean\00001362_013.png,synthetic_pairs\degraded\00001362_013_deg_2_combined.png,combined,"gaussian_noise+underexposure(variance=0.0171,factor=0.44)"
synthetic_pairs\clean\00001362_013.png,synthetic_pairs\degraded\00001362_013_deg_3_contrast_compression.png,contrast_compression,pct=0.49
synthetic_pairs\clean\00001362_014.png,synthetic_pairs\degraded\00001362_014_deg_1_gaussian_noise.png,gaussian_noise,variance=0.0227
synthetic_pairs\clean\00001362_014.png,synthetic_pairs\degraded\00001362_014_deg_2_gaussian_blur.png,gaussian_blur,sigma=2.75
synthetic_pairs\clean\00001362_014.png,synthetic_pairs\degraded\00001362_014_deg_3_combined.png,combined,"poisson_noise+underexposure(scale=49.7,factor=0.38)"
synthetic_pairs\clean\00001362_015.png,synthetic_pairs\degraded\00001362_015_deg_1_gaussian_noise.png,gaussian_noise,variance=0.0058
synthetic_pairs\clean\00001362_015.png,synthetic_pairs\degraded\00001362_015_deg_2_contrast_compression.png,contrast_compression,pct=0.37
synthetic_pairs\clean\00001362_015.png,synthetic_pairs\degraded\00001362_015_deg_3_gaussian_blur.png,gaussian_blur,sigma=2.19
synthetic_pairs\clean\00001362_016.png,synthetic_pairs\degraded\00001362_016_deg_1_underexposure.png,underexposure,factor=0.40
synthetic_pairs\clean\00001362_016.png,synthetic_pairs\degraded\00001362_016_deg_2_gaussian_blur.png,gaussian_blur,sigma=2.34
synthetic_pairs\clean\00001362_016.png,synthetic_pairs\degraded\00001362_016_deg_3_underexposure.png,underexposure,factor=0.57
synthetic_pairs\clean\00001362_017.png,synthetic_pairs\degraded\00001362_017_deg_1_contrast_compression.png,contrast_compression,pct=0.46
synthetic_pairs\clean\00001362_017.png,synthetic_pairs\degraded\00001362_017_deg_2_poisson_noise.png,poisson_noise,scale=32.9
synthetic_pairs\clean\00001362_017.png,synthetic_pairs\degraded\00001362_017_deg_3_combined.png,combined,"underexposure+gaussian_noise(factor=0.62,variance=0.0289)"
synthetic_pairs\clean\00001363_000.png,synthetic_pairs\degraded\00001363_000_deg_1_contrast_compression.png,contrast_compression,pct=0.47
synthetic_pairs\clean\00001363_000.png,synthetic_pairs\degraded\00001363_000_deg_2_poisson_noise.png,poisson_noise,scale=15.3
synthetic_pairs\clean\00001363_000.png,synthetic_pairs\degraded\00001363_000_deg_3_combined.png,combined,"poisson_noise+contrast_compression(scale=36.4,pct=0.39)"
synthetic_pairs\clean\00001364_000.png,synthetic_pairs\degraded\00001364_000_deg_1_gaussian_noise.png,gaussian_noise,variance=0.0131
synthetic_pairs\clean\00001364_000.png,synthetic_pairs\degraded\00001364_000_deg_2_gaussian_blur.png,gaussian_blur,sigma=1.45
synthetic_pairs\clean\00001364_000.png,synthetic_pairs\degraded\00001364_000_deg_3_poisson_noise.png,poisson_noise,scale=20.6
synthetic_pairs\clean\00001364_001.png,synthetic_pairs\degraded\00001364_001_deg_1_underexposure.png,underexposure,factor=0.50
synthetic_pairs\clean\00001364_001.png,synthetic_pairs\degraded\00001364_001_deg_2_contrast_compression.png,contrast_compression,pct=0.55
synthetic_pairs\clean\00001364_001.png,synthetic_pairs\degraded\00001364_001_deg_3_poisson_noise.png,poisson_noise,scale=22.8
synthetic_pairs\clean\00001364_002.png,synthetic_pairs\degraded\00001364_002_deg_1_poisson_noise.png,poisson_noise,scale=16.8
synthetic_pairs\clean\00001364_002.png,synthetic_pairs\degraded\00001364_002_deg_2_gaussian_noise.png,gaussian_noise,variance=0.0363
synthetic_pairs\clean\00001364_002.png,synthetic_pairs\degraded\00001364_002_deg_3_contrast_compression.png,contrast_compression,pct=0.33
synthetic_pairs\clean\00001364_003.png,synthetic_pairs\degraded\00001364_003_deg_1_poisson_noise.png,poisson_noise,scale=27.0
synthetic_pairs\clean\00001364_003.png,synthetic_pairs\degraded\00001364_003_deg_2_combined.png,combined,"gaussian_noise+underexposure(variance=0.0153,factor=0.48)"
synthetic_pairs\clean\00001364_003.png,synthetic_pairs\degraded\00001364_003_deg_3_gaussian_noise.png,gaussian_noise,variance=0.0372
synthetic_pairs\clean\00001364_004.png,synthetic_pairs\degraded\00001364_004_deg_1_poisson_noise.png,poisson_noise,scale=35.8
synthetic_pairs\clean\00001364_004.png,synthetic_pairs\degraded\00001364_004_deg_2_contrast_compression.png,contrast_compression,pct=0.31
synthetic_pairs\clean\00001364_004.png,synthetic_pairs\degraded\00001364_004_deg_3_combined.png,combined,"underexposure+gaussian_blur(factor=0.47,sigma=2.57)"
synthetic_pairs\clean\00001364_005.png,synthetic_pairs\degraded\00001364_005_deg_1_poisson_noise.png,poisson_noise,scale=30.3
synthetic_pairs\clean\00001364_005.png,synthetic_pairs\degraded\00001364_005_deg_2_combined.png,combined,"gaussian_blur+underexposure(sigma=2.51,factor=0.40)"
synthetic_pairs\clean\00001364_005.png,synthetic_pairs\degraded\00001364_005_deg_3_gaussian_blur.png,gaussian_blur,sigma=0.84
synthetic_pairs\clean\00001364_006.png,synthetic_pairs\degraded\00001364_006_deg_1_underexposure.png,underexposure,factor=0.67
synthetic_pairs\clean\00001364_006.png,synthetic_pairs\degraded\00001364_006_deg_2_poisson_noise.png,poisson_noise,scale=43.5
synthetic_pairs\clean\00001364_006.png,synthetic_pairs\degraded\00001364_006_deg_3_contrast_compression.png,contrast_compression,pct=0.52
synthetic_pairs\clean\00001365_000.png,synthetic_pairs\degraded\00001365_000_deg_1_gaussian_noise.png,gaussian_noise,variance=0.0400
synthetic_pairs\clean\00001365_000.png,synthetic_pairs\degraded\00001365_000_deg_2_combined.png,combined,"contrast_compression+underexposure(pct=0.32,factor=0.45)"
synthetic_pairs\clean\00001365_000.png,synthetic_pairs\degraded\00001365_000_deg_3_poisson_noise.png,poisson_noise,scale=11.3
synthetic_pairs\clean\00001365_001.png,synthetic_pairs\degraded\00001365_001_deg_1_contrast_compression.png,contrast_compression,pct=0.38
synthetic_pairs\clean\00001365_001.png,synthetic_pairs\degraded\00001365_001_deg_2_combined.png,combined,"contrast_compression+underexposure(pct=0.33,factor=0.41)"
synthetic_pairs\clean\00001365_001.png,synthetic_pairs\degraded\00001365_001_deg_3_underexposure.png,underexposure,factor=0.43
synthetic_pairs\clean\00001365_002.png,synthetic_pairs\degraded\00001365_002_deg_1_poisson_noise.png,poisson_noise,scale=34.4
synthetic_pairs\clean\00001365_002.png,synthetic_pairs\degraded\00001365_002_deg_2_gaussian_blur.png,gaussian_blur,sigma=1.00
synthetic_pairs\clean\00001365_002.png,synthetic_pairs\degraded\00001365_002_deg_3_combined.png,combined,"underexposure+contrast_compression(factor=0.38,pct=0.37)"
synthetic_pairs\clean\00001366_000.png,synthetic_pairs\degraded\00001366_000_deg_1_contrast_compression.png,contrast_compression,pct=0.47
synthetic_pairs\clean\00001366_000.png,synthetic_pairs\degraded\00001366_000_deg_2_poisson_noise.png,poisson_noise,scale=38.3
synthetic_pairs\clean\00001366_000.png,synthetic_pairs\degraded\00001366_000_deg_3_gaussian_blur.png,gaussian_blur,sigma=1.04
synthetic_pairs\clean\00001367_000.png,synthetic_pairs\degraded\00001367_000_deg_1_poisson_noise.png,poisson_noise,scale=44.8
synthetic_pairs\clean\00001367_000.png,synthetic_pairs\degraded\00001367_000_deg_2_contrast_compression.png,contrast_compression,pct=0.49
synthetic_pairs\clean\00001367_000.png,synthetic_pairs\degraded\00001367_000_deg_3_gaussian_noise.png,gaussian_noise,variance=0.0408
synthetic_pairs\clean\00001367_001.png,synthetic_pairs\degraded\00001367_001_deg_1_gaussian_blur.png,gaussian_blur,sigma=1.47
synthetic_pairs\clean\00001367_001.png,synthetic_pairs\degraded\00001367_001_deg_2_poisson_noise.png,poisson_noise,scale=49.5
synthetic_pairs\clean\00001367_001.png,synthetic_pairs\degraded\00001367_001_deg_3_gaussian_blur.png,gaussian_blur,sigma=2.10
synthetic_pairs\clean\00001367_002.png,synthetic_pairs\degraded\00001367_002_deg_1_gaussian_noise.png,gaussian_noise,variance=0.0481
synthetic_pairs\clean\00001367_002.png,synthetic_pairs\degraded\00001367_002_deg_2_contrast_compression.png,contrast_compression,pct=0.32
synthetic_pairs\clean\00001367_002.png,synthetic_pairs\degraded\00001367_002_deg_3_combined.png,combined,"contrast_compression+poisson_noise(pct=0.50,scale=21.2)"
synthetic_pairs\clean\00001367_003.png,synthetic_pairs\degraded\00001367_003_deg_1_contrast_compression.png,contrast_compression,pct=0.56
synthetic_pairs\clean\00001367_003.png,synthetic_pairs\degraded\00001367_003_deg_2_combined.png,combined,"contrast_compression+underexposure(pct=0.39,factor=0.50)"
synthetic_pairs\clean\00001367_003.png,synthetic_pairs\degraded\00001367_003_deg_3_poisson_noise.png,poisson_noise,scale=42.1
synthetic_pairs\clean\00001367_004.png,synthetic_pairs\degraded\00001367_004_deg_1_combined.png,combined,"underexposure+contrast_compression(factor=0.53,pct=0.56)"
synthetic_pairs\clean\00001367_004.png,synthetic_pairs\degraded\00001367_004_deg_2_gaussian_blur.png,gaussian_blur,sigma=2.93
synthetic_pairs\clean\00001367_004.png,synthetic_pairs\degraded\00001367_004_deg_3_contrast_compression.png,contrast_compression,pct=0.35
synthetic_pairs\clean\00001367_005.png,synthetic_pairs\degraded\00001367_005_deg_1_gaussian_noise.png,gaussian_noise,variance=0.0121
synthetic_pairs\clean\00001367_005.png,synthetic_pairs\degraded\00001367_005_deg_2_poisson_noise.png,poisson_noise,scale=40.8
synthetic_pairs\clean\00001367_005.png,synthetic_pairs\degraded\00001367_005_deg_3_underexposure.png,underexposure,factor=0.67
synthetic_pairs\clean\00001367_006.png,synthetic_pairs\degraded\00001367_006_deg_1_poisson_noise.png,poisson_noise,scale=44.9
synthetic_pairs\clean\00001367_006.png,synthetic_pairs\degraded\00001367_006_deg_2_underexposure.png,underexposure,factor=0.66
synthetic_pairs\clean\00001367_006.png,synthetic_pairs\degraded\00001367_006_deg_3_gaussian_blur.png,gaussian_blur,sigma=3.27
synthetic_pairs\clean\00001367_007.png,synthetic_pairs\degraded\00001367_007_deg_1_gaussian_noise.png,gaussian_noise,variance=0.0099
synthetic_pairs\clean\00001367_007.png,synthetic_pairs\degraded\00001367_007_deg_2_contrast_compression.png,contrast_compression,pct=0.48
synthetic_pairs\clean\00001367_007.png,synthetic_pairs\degraded\00001367_007_deg_3_gaussian_blur.png,gaussian_blur,sigma=1.98
synthetic_pairs\clean\00001367_008.png,synthetic_pairs\degraded\00001367_008_deg_1_contrast_compression.png,contrast_compression,pct=0.32
synthetic_pairs\clean\00001367_008.png,synthetic_pairs\degraded\00001367_008_deg_2_combined.png,combined,"contrast_compression+poisson_noise(pct=0.43,scale=17.0)"
synthetic_pairs\clean\00001367_008.png,synthetic_pairs\degraded\00001367_008_deg_3_contrast_compression.png,contrast_compression,pct=0.59
synthetic_pairs\clean\00001367_009.png,synthetic_pairs\degraded\00001367_009_deg_1_underexposure.png,underexposure,factor=0.53
synthetic_pairs\clean\00001367_009.png,synthetic_pairs\degraded\00001367_009_deg_2_gaussian_blur.png,gaussian_blur,sigma=2.02
synthetic_pairs\clean\00001367_009.png,synthetic_pairs\degraded\00001367_009_deg_3_poisson_noise.png,poisson_noise,scale=27.5
synthetic_pairs\clean\00001367_010.png,synthetic_pairs\degraded\00001367_010_deg_1_gaussian_blur.png,gaussian_blur,sigma=3.47
synthetic_pairs\clean\00001367_010.png,synthetic_pairs\degraded\00001367_010_deg_2_gaussian_noise.png,gaussian_noise,variance=0.0285
synthetic_pairs\clean\00001367_010.png,synthetic_pairs\degraded\00001367_010_deg_3_gaussian_blur.png,gaussian_blur,sigma=2.84
synthetic_pairs\clean\00001368_000.png,synthetic_pairs\degraded\00001368_000_deg_1_underexposure.png,underexposure,factor=0.31
synthetic_pairs\clean\00001368_000.png,synthetic_pairs\degraded\00001368_000_deg_2_gaussian_blur.png,gaussian_blur,sigma=2.74
synthetic_pairs\clean\00001368_000.png,synthetic_pairs\degraded\00001368_000_deg_3_combined.png,combined,"gaussian_blur+contrast_compression(sigma=2.36,pct=0.59)"
synthetic_pairs\clean\00001368_001.png,synthetic_pairs\degraded\00001368_001_deg_1_contrast_compression.png,contrast_compression,pct=0.53
synthetic_pairs\clean\00001368_001.png,synthetic_pairs\degraded\00001368_001_deg_2_gaussian_noise.png,gaussian_noise,variance=0.0361
synthetic_pairs\clean\00001368_001.png,synthetic_pairs\degraded\00001368_001_deg_3_combined.png,combined,"poisson_noise+contrast_compression(scale=45.3,pct=0.57)"
synthetic_pairs\clean\00001369_000.png,synthetic_pairs\degraded\00001369_000_deg_1_combined.png,combined,"contrast_compression+poisson_noise(pct=0.35,scale=39.4)"
synthetic_pairs\clean\00001369_000.png,synthetic_pairs\degraded\00001369_000_deg_2_poisson_noise.png,poisson_noise,scale=12.2
synthetic_pairs\clean\00001369_000.png,synthetic_pairs\degraded\00001369_000_deg_3_contrast_compression.png,contrast_compression,pct=0.36
synthetic_pairs\clean\00001370_000.png,synthetic_pairs\degraded\00001370_000_deg_1_underexposure.png,underexposure,factor=0.67
synthetic_pairs\clean\00001370_000.png,synthetic_pairs\degraded\00001370_000_deg_2_combined.png,combined,"gaussian_noise+gaussian_blur(variance=0.0443,sigma=1.42)"
synthetic_pairs\clean\00001370_000.png,synthetic_pairs\degraded\00001370_000_deg_3_gaussian_noise.png,gaussian_noise,variance=0.0208
synthetic_pairs\clean\00001371_000.png,synthetic_pairs\degraded\00001371_000_deg_1_underexposure.png,underexposure,factor=0.52
synthetic_pairs\clean\00001371_000.png,synthetic_pairs\degraded\00001371_000_deg_2_contrast_compression.png,contrast_compression,pct=0.37
synthetic_pairs\clean\00001371_000.png,synthetic_pairs\degraded\00001371_000_deg_3_underexposure.png,underexposure,factor=0.68
synthetic_pairs\clean\00001371_001.png,synthetic_pairs\degraded\00001371_001_deg_1_gaussian_blur.png,gaussian_blur,sigma=1.11
synthetic_pairs\clean\00001371_001.png,synthetic_pairs\degraded\00001371_001_deg_2_poisson_noise.png,poisson_noise,scale=49.6
synthetic_pairs\clean\00001371_001.png,synthetic_pairs\degraded\00001371_001_deg_3_underexposure.png,underexposure,factor=0.55
synthetic_pairs\clean\00001371_002.png,synthetic_pairs\degraded\00001371_002_deg_1_combined.png,combined,"contrast_compression+poisson_noise(pct=0.38,scale=12.7)"
synthetic_pairs\clean\00001371_002.png,synthetic_pairs\degraded\00001371_002_deg_2_gaussian_noise.png,gaussian_noise,variance=0.0464
synthetic_pairs\clean\00001371_002.png,synthetic_pairs\degraded\00001371_002_deg_3_poisson_noise.png,poisson_noise,scale=38.8
synthetic_pairs\clean\00001371_003.png,synthetic_pairs\degraded\00001371_003_deg_1_underexposure.png,underexposure,factor=0.49
synthetic_pairs\clean\00001371_003.png,synthetic_pairs\degraded\00001371_003_deg_2_poisson_noise.png,poisson_noise,scale=16.2
synthetic_pairs\clean\00001371_003.png,synthetic_pairs\degraded\00001371_003_deg_3_contrast_compression.png,contrast_compression,pct=0.45
synthetic_pairs\clean\00001371_004.png,synthetic_pairs\degraded\00001371_004_deg_1_underexposure.png,underexposure,factor=0.48
synthetic_pairs\clean\00001371_004.png,synthetic_pairs\degraded\00001371_004_deg_2_gaussian_blur.png,gaussian_blur,sigma=1.73
synthetic_pairs\clean\00001371_004.png,synthetic_pairs\degraded\00001371_004_deg_3_poisson_noise.png,poisson_noise,scale=20.7
synthetic_pairs\clean\00001371_005.png,synthetic_pairs\degraded\00001371_005_deg_1_combined.png,combined,"underexposure+poisson_noise(factor=0.69,scale=29.9)"
synthetic_pairs\clean\00001371_005.png,synthetic_pairs\degraded\00001371_005_deg_2_gaussian_blur.png,gaussian_blur,sigma=1.12
synthetic_pairs\clean\00001371_005.png,synthetic_pairs\degraded\00001371_005_deg_3_combined.png,combined,"underexposure+contrast_compression(factor=0.45,pct=0.54)"
synthetic_pairs\clean\00001372_000.png,synthetic_pairs\degraded\00001372_000_deg_1_gaussian_noise.png,gaussian_noise,variance=0.0203
synthetic_pairs\clean\00001372_000.png,synthetic_pairs\degraded\00001372_000_deg_2_gaussian_blur.png,gaussian_blur,sigma=2.98
synthetic_pairs\clean\00001372_000.png,synthetic_pairs\degraded\00001372_000_deg_3_gaussian_noise.png,gaussian_noise,variance=0.0236
synthetic_pairs\clean\00001373_000.png,synthetic_pairs\degraded\00001373_000_deg_1_combined.png,combined,"gaussian_blur+poisson_noise(sigma=1.68,scale=36.8)"
synthetic_pairs\clean\00001373_000.png,synthetic_pairs\degraded\00001373_000_deg_2_gaussian_blur.png,gaussian_blur,sigma=1.83
synthetic_pairs\clean\00001373_000.png,synthetic_pairs\degraded\00001373_000_deg_3_poisson_noise.png,poisson_noise,scale=42.1
synthetic_pairs\clean\00001373_001.png,synthetic_pairs\degraded\00001373_001_deg_1_poisson_noise.png,poisson_noise,scale=12.0
synthetic_pairs\clean\00001373_001.png,synthetic_pairs\degraded\00001373_001_deg_2_contrast_compression.png,contrast_compression,pct=0.35
synthetic_pairs\clean\00001373_001.png,synthetic_pairs\degraded\00001373_001_deg_3_poisson_noise.png,poisson_noise,scale=48.1
synthetic_pairs\clean\00001373_002.png,synthetic_pairs\degraded\00001373_002_deg_1_combined.png,combined,"gaussian_noise+poisson_noise(variance=0.0384,scale=32.7)"
synthetic_pairs\clean\00001373_002.png,synthetic_pairs\degraded\00001373_002_deg_2_poisson_noise.png,poisson_noise,scale=13.1
synthetic_pairs\clean\00001373_002.png,synthetic_pairs\degraded\00001373_002_deg_3_contrast_compression.png,contrast_compression,pct=0.40
synthetic_pairs\clean\00001373_003.png,synthetic_pairs\degraded\00001373_003_deg_1_poisson_noise.png,poisson_noise,scale=44.8
synthetic_pairs\clean\00001373_003.png,synthetic_pairs\degraded\00001373_003_deg_2_combined.png,combined,"gaussian_noise+poisson_noise(variance=0.0478,scale=36.3)"
synthetic_pairs\clean\00001373_003.png,synthetic_pairs\degraded\00001373_003_deg_3_gaussian_noise.png,gaussian_noise,variance=0.0418
synthetic_pairs\clean\00001373_004.png,synthetic_pairs\degraded\00001373_004_deg_1_contrast_compression.png,contrast_compression,pct=0.39
synthetic_pairs\clean\00001373_004.png,synthetic_pairs\degraded\00001373_004_deg_2_combined.png,combined,"poisson_noise+gaussian_noise(scale=30.2,variance=0.0198)"
synthetic_pairs\clean\00001373_004.png,synthetic_pairs\degraded\00001373_004_deg_3_underexposure.png,underexposure,factor=0.47
synthetic_pairs\clean\00001373_005.png,synthetic_pairs\degraded\00001373_005_deg_1_poisson_noise.png,poisson_noise,scale=35.0
synthetic_pairs\clean\00001373_005.png,synthetic_pairs\degraded\00001373_005_deg_2_contrast_compression.png,contrast_compression,pct=0.43
synthetic_pairs\clean\00001373_005.png,synthetic_pairs\degraded\00001373_005_deg_3_gaussian_noise.png,gaussian_noise,variance=0.0120
synthetic_pairs\clean\00001373_006.png,synthetic_pairs\degraded\00001373_006_deg_1_gaussian_noise.png,gaussian_noise,variance=0.0217
synthetic_pairs\clean\00001373_006.png,synthetic_pairs\degraded\00001373_006_deg_2_combined.png,combined,"contrast_compression+poisson_noise(pct=0.58,scale=29.8)"
synthetic_pairs\clean\00001373_006.png,synthetic_pairs\degraded\00001373_006_deg_3_underexposure.png,underexposure,factor=0.59
synthetic_pairs\clean\00001373_007.png,synthetic_pairs\degraded\00001373_007_deg_1_contrast_compression.png,contrast_compression,pct=0.37
synthetic_pairs\clean\00001373_007.png,synthetic_pairs\degraded\00001373_007_deg_2_poisson_noise.png,poisson_noise,scale=48.1
synthetic_pairs\clean\00001373_007.png,synthetic_pairs\degraded\00001373_007_deg_3_gaussian_noise.png,gaussian_noise,variance=0.0350
synthetic_pairs\clean\00001373_008.png,synthetic_pairs\degraded\00001373_008_deg_1_underexposure.png,underexposure,factor=0.68
synthetic_pairs\clean\00001373_008.png,synthetic_pairs\degraded\00001373_008_deg_2_gaussian_noise.png,gaussian_noise,variance=0.0267
synthetic_pairs\clean\00001373_008.png,synthetic_pairs\degraded\00001373_008_deg_3_combined.png,combined,"gaussian_blur+underexposure(sigma=2.16,factor=0.43)"
synthetic_pairs\clean\00001373_009.png,synthetic_pairs\degraded\00001373_009_deg_1_combined.png,combined,"contrast_compression+poisson_noise(pct=0.36,scale=17.2)"
synthetic_pairs\clean\00001373_009.png,synthetic_pairs\degraded\00001373_009_deg_2_underexposure.png,underexposure,factor=0.52
synthetic_pairs\clean\00001373_009.png,synthetic_pairs\degraded\00001373_009_deg_3_poisson_noise.png,poisson_noise,scale=23.4
synthetic_pairs\clean\00001373_010.png,synthetic_pairs\degraded\00001373_010_deg_1_underexposure.png,underexposure,factor=0.65
synthetic_pairs\clean\00001373_010.png,synthetic_pairs\degraded\00001373_010_deg_2_poisson_noise.png,poisson_noise,scale=40.4
synthetic_pairs\clean\00001373_010.png,synthetic_pairs\degraded\00001373_010_deg_3_gaussian_blur.png,gaussian_blur,sigma=2.93
synthetic_pairs\clean\00001373_011.png,synthetic_pairs\degraded\00001373_011_deg_1_gaussian_noise.png,gaussian_noise,variance=0.0223
synthetic_pairs\clean\00001373_011.png,synthetic_pairs\degraded\00001373_011_deg_2_poisson_noise.png,poisson_noise,scale=22.9
synthetic_pairs\clean\00001373_011.png,synthetic_pairs\degraded\00001373_011_deg_3_gaussian_blur.png,gaussian_blur,sigma=2.00
synthetic_pairs\clean\00001373_012.png,synthetic_pairs\degraded\00001373_012_deg_1_poisson_noise.png,poisson_noise,scale=23.5
synthetic_pairs\clean\00001373_012.png,synthetic_pairs\degraded\00001373_012_deg_2_gaussian_blur.png,gaussian_blur,sigma=0.94
synthetic_pairs\clean\00001373_012.png,synthetic_pairs\degraded\00001373_012_deg_3_poisson_noise.png,poisson_noise,scale=14.6
synthetic_pairs\clean\00001373_013.png,synthetic_pairs\degraded\00001373_013_deg_1_combined.png,combined,"gaussian_blur+underexposure(sigma=1.58,factor=0.58)"
synthetic_pairs\clean\00001373_013.png,synthetic_pairs\degraded\00001373_013_deg_2_gaussian_blur.png,gaussian_blur,sigma=0.88
synthetic_pairs\clean\00001373_013.png,synthetic_pairs\degraded\00001373_013_deg_3_combined.png,combined,"gaussian_noise+underexposure(variance=0.0293,factor=0.37)"
synthetic_pairs\clean\00001373_014.png,synthetic_pairs\degraded\00001373_014_deg_1_poisson_noise.png,poisson_noise,scale=24.7
synthetic_pairs\clean\00001373_014.png,synthetic_pairs\degraded\00001373_014_deg_2_gaussian_blur.png,gaussian_blur,sigma=2.99
synthetic_pairs\clean\00001373_014.png,synthetic_pairs\degraded\00001373_014_deg_3_contrast_compression.png,contrast_compression,pct=0.55
synthetic_pairs\clean\00001373_015.png,synthetic_pairs\degraded\00001373_015_deg_1_combined.png,combined,"gaussian_blur+underexposure(sigma=1.85,factor=0.59)"
synthetic_pairs\clean\00001373_015.png,synthetic_pairs\degraded\00001373_015_deg_2_poisson_noise.png,poisson_noise,scale=22.0
synthetic_pairs\clean\00001373_015.png,synthetic_pairs\degraded\00001373_015_deg_3_gaussian_blur.png,gaussian_blur,sigma=3.13
synthetic_pairs\clean\00001373_016.png,synthetic_pairs\degraded\00001373_016_deg_1_underexposure.png,underexposure,factor=0.66
synthetic_pairs\clean\00001373_016.png,synthetic_pairs\degraded\00001373_016_deg_2_combined.png,combined,"poisson_noise+gaussian_noise(scale=24.8,variance=0.0410)"
synthetic_pairs\clean\00001373_016.png,synthetic_pairs\degraded\00001373_016_deg_3_poisson_noise.png,poisson_noise,scale=26.7
synthetic_pairs\clean\00001373_017.png,synthetic_pairs\degraded\00001373_017_deg_1_gaussian_noise.png,gaussian_noise,variance=0.0134
synthetic_pairs\clean\00001373_017.png,synthetic_pairs\degraded\00001373_017_deg_2_poisson_noise.png,poisson_noise,scale=21.1
synthetic_pairs\clean\00001373_017.png,synthetic_pairs\degraded\00001373_017_deg_3_gaussian_noise.png,gaussian_noise,variance=0.0265
synthetic_pairs\clean\00001373_018.png,synthetic_pairs\degraded\00001373_018_deg_1_gaussian_blur.png,gaussian_blur,sigma=1.63
synthetic_pairs\clean\00001373_018.png,synthetic_pairs\degraded\00001373_018_deg_2_combined.png,combined,"gaussian_blur+gaussian_noise(sigma=1.69,variance=0.0386)"
synthetic_pairs\clean\00001373_018.png,synthetic_pairs\degraded\00001373_018_deg_3_gaussian_noise.png,gaussian_noise,variance=0.0450
synthetic_pairs\clean\00001373_019.png,synthetic_pairs\degraded\00001373_019_deg_1_contrast_compression.png,contrast_compression,pct=0.41
synthetic_pairs\clean\00001373_019.png,synthetic_pairs\degraded\00001373_019_deg_2_gaussian_blur.png,gaussian_blur,sigma=1.72
synthetic_pairs\clean\00001373_019.png,synthetic_pairs\degraded\00001373_019_deg_3_contrast_compression.png,contrast_compression,pct=0.56
synthetic_pairs\clean\00001373_020.png,synthetic_pairs\degraded\00001373_020_deg_1_underexposure.png,underexposure,factor=0.41
synthetic_pairs\clean\00001373_020.png,synthetic_pairs\degraded\00001373_020_deg_2_poisson_noise.png,poisson_noise,scale=39.9
synthetic_pairs\clean\00001373_020.png,synthetic_pairs\degraded\00001373_020_deg_3_underexposure.png,underexposure,factor=0.45
synthetic_pairs\clean\00001373_021.png,synthetic_pairs\degraded\00001373_021_deg_1_contrast_compression.png,contrast_compression,pct=0.39
synthetic_pairs\clean\00001373_021.png,synthetic_pairs\degraded\00001373_021_deg_2_combined.png,combined,"contrast_compression+underexposure(pct=0.56,factor=0.41)"
synthetic_pairs\clean\00001373_021.png,synthetic_pairs\degraded\00001373_021_deg_3_poisson_noise.png,poisson_noise,scale=13.5
synthetic_pairs\clean\00001373_022.png,synthetic_pairs\degraded\00001373_022_deg_1_contrast_compression.png,contrast_compression,pct=0.38
synthetic_pairs\clean\00001373_022.png,synthetic_pairs\degraded\00001373_022_deg_2_underexposure.png,underexposure,factor=0.41
synthetic_pairs\clean\00001373_022.png,synthetic_pairs\degraded\00001373_022_deg_3_gaussian_blur.png,gaussian_blur,sigma=2.57
synthetic_pairs\clean\00001373_023.png,synthetic_pairs\degraded\00001373_023_deg_1_combined.png,combined,"underexposure+contrast_compression(factor=0.53,pct=0.55)"
synthetic_pairs\clean\00001373_023.png,synthetic_pairs\degraded\00001373_023_deg_2_poisson_noise.png,poisson_noise,scale=17.5
synthetic_pairs\clean\00001373_023.png,synthetic_pairs\degraded\00001373_023_deg_3_combined.png,combined,"poisson_noise+contrast_compression(scale=18.2,pct=0.44)"
synthetic_pairs\clean\00001373_024.png,synthetic_pairs\degraded\00001373_024_deg_1_poisson_noise.png,poisson_noise,scale=47.0
synthetic_pairs\clean\00001373_024.png,synthetic_pairs\degraded\00001373_024_deg_2_gaussian_noise.png,gaussian_noise,variance=0.0379
synthetic_pairs\clean\00001373_024.png,synthetic_pairs\degraded\00001373_024_deg_3_underexposure.png,underexposure,factor=0.39
synthetic_pairs\clean\00001373_025.png,synthetic_pairs\degraded\00001373_025_deg_1_gaussian_blur.png,gaussian_blur,sigma=2.44
synthetic_pairs\clean\00001373_025.png,synthetic_pairs\degraded\00001373_025_deg_2_gaussian_noise.png,gaussian_noise,variance=0.0242
synthetic_pairs\clean\00001373_025.png,synthetic_pairs\degraded\00001373_025_deg_3_poisson_noise.png,poisson_noise,scale=24.9
synthetic_pairs\clean\00001373_026.png,synthetic_pairs\degraded\00001373_026_deg_1_contrast_compression.png,contrast_compression,pct=0.52
synthetic_pairs\clean\00001373_026.png,synthetic_pairs\degraded\00001373_026_deg_2_underexposure.png,underexposure,factor=0.65
synthetic_pairs\clean\00001373_026.png,synthetic_pairs\degraded\00001373_026_deg_3_poisson_noise.png,poisson_noise,scale=12.2
synthetic_pairs\clean\00001373_027.png,synthetic_pairs\degraded\00001373_027_deg_1_gaussian_noise.png,gaussian_noise,variance=0.0203
synthetic_pairs\clean\00001373_027.png,synthetic_pairs\degraded\00001373_027_deg_2_poisson_noise.png,poisson_noise,scale=44.0
synthetic_pairs\clean\00001373_027.png,synthetic_pairs\degraded\00001373_027_deg_3_gaussian_blur.png,gaussian_blur,sigma=2.19
synthetic_pairs\clean\00001373_028.png,synthetic_pairs\degraded\00001373_028_deg_1_gaussian_blur.png,gaussian_blur,sigma=1.95
synthetic_pairs\clean\00001373_028.png,synthetic_pairs\degraded\00001373_028_deg_2_underexposure.png,underexposure,factor=0.41
synthetic_pairs\clean\00001373_028.png,synthetic_pairs\degraded\00001373_028_deg_3_combined.png,combined,"gaussian_noise+contrast_compression(variance=0.0109,pct=0.55)"
synthetic_pairs\clean\00001373_029.png,synthetic_pairs\degraded\00001373_029_deg_1_gaussian_blur.png,gaussian_blur,sigma=2.97
synthetic_pairs\clean\00001373_029.png,synthetic_pairs\degraded\00001373_029_deg_2_poisson_noise.png,poisson_noise,scale=38.6
synthetic_pairs\clean\00001373_029.png,synthetic_pairs\degraded\00001373_029_deg_3_underexposure.png,underexposure,factor=0.70
synthetic_pairs\clean\00001373_030.png,synthetic_pairs\degraded\00001373_030_deg_1_poisson_noise.png,poisson_noise,scale=40.4
synthetic_pairs\clean\00001373_030.png,synthetic_pairs\degraded\00001373_030_deg_2_gaussian_blur.png,gaussian_blur,sigma=1.28
synthetic_pairs\clean\00001373_030.png,synthetic_pairs\degraded\00001373_030_deg_3_combined.png,combined,"gaussian_noise+underexposure(variance=0.0466,factor=0.62)"
synthetic_pairs\clean\00001373_031.png,synthetic_pairs\degraded\00001373_031_deg_1_gaussian_noise.png,gaussian_noise,variance=0.0260
synthetic_pairs\clean\00001373_031.png,synthetic_pairs\degraded\00001373_031_deg_2_underexposure.png,underexposure,factor=0.30
synthetic_pairs\clean\00001373_031.png,synthetic_pairs\degraded\00001373_031_deg_3_contrast_compression.png,contrast_compression,pct=0.52
synthetic_pairs\clean\00001373_032.png,synthetic_pairs\degraded\00001373_032_deg_1_underexposure.png,underexposure,factor=0.36
synthetic_pairs\clean\00001373_032.png,synthetic_pairs\degraded\00001373_032_deg_2_combined.png,combined,"underexposure+poisson_noise(factor=0.53,scale=48.9)"
synthetic_pairs\clean\00001373_032.png,synthetic_pairs\degraded\00001373_032_deg_3_poisson_noise.png,poisson_noise,scale=11.7
synthetic_pairs\clean\00001373_033.png,synthetic_pairs\degraded\00001373_033_deg_1_underexposure.png,underexposure,factor=0.67
synthetic_pairs\clean\00001373_033.png,synthetic_pairs\degraded\00001373_033_deg_2_gaussian_blur.png,gaussian_blur,sigma=1.80
synthetic_pairs\clean\00001373_033.png,synthetic_pairs\degraded\00001373_033_deg_3_combined.png,combined,"contrast_compression+underexposure(pct=0.53,factor=0.36)"
synthetic_pairs\clean\00001373_034.png,synthetic_pairs\degraded\00001373_034_deg_1_combined.png,combined,"gaussian_noise+underexposure(variance=0.0242,factor=0.48)"
synthetic_pairs\clean\00001373_034.png,synthetic_pairs\degraded\00001373_034_deg_2_poisson_noise.png,poisson_noise,scale=36.4
synthetic_pairs\clean\00001373_034.png,synthetic_pairs\degraded\00001373_034_deg_3_underexposure.png,underexposure,factor=0.49
synthetic_pairs\clean\00001373_035.png,synthetic_pairs\degraded\00001373_035_deg_1_poisson_noise.png,poisson_noise,scale=42.1
synthetic_pairs\clean\00001373_035.png,synthetic_pairs\degraded\00001373_035_deg_2_contrast_compression.png,contrast_compression,pct=0.50
synthetic_pairs\clean\00001373_035.png,synthetic_pairs\degraded\00001373_035_deg_3_gaussian_blur.png,gaussian_blur,sigma=1.51
synthetic_pairs\clean\00001373_036.png,synthetic_pairs\degraded\00001373_036_deg_1_poisson_noise.png,poisson_noise,scale=23.6
synthetic_pairs\clean\00001373_036.png,synthetic_pairs\degraded\00001373_036_deg_2_contrast_compression.png,contrast_compression,pct=0.35
synthetic_pairs\clean\00001373_036.png,synthetic_pairs\degraded\00001373_036_deg_3_gaussian_blur.png,gaussian_blur,sigma=2.64
synthetic_pairs\clean\00001373_037.png,synthetic_pairs\degraded\00001373_037_deg_1_gaussian_noise.png,gaussian_noise,variance=0.0178
synthetic_pairs\clean\00001373_037.png,synthetic_pairs\degraded\00001373_037_deg_2_combined.png,combined,"underexposure+poisson_noise(factor=0.43,scale=40.3)"
synthetic_pairs\clean\00001373_037.png,synthetic_pairs\degraded\00001373_037_deg_3_gaussian_noise.png,gaussian_noise,variance=0.0366
synthetic_pairs\clean\00001373_038.png,synthetic_pairs\degraded\00001373_038_deg_1_gaussian_noise.png,gaussian_noise,variance=0.0247
synthetic_pairs\clean\00001373_038.png,synthetic_pairs\degraded\00001373_038_deg_2_combined.png,combined,"gaussian_noise+contrast_compression(variance=0.0441,pct=0.53)"
synthetic_pairs\clean\00001373_038.png,synthetic_pairs\degraded\00001373_038_deg_3_poisson_noise.png,poisson_noise,scale=19.4
synthetic_pairs\clean\00001373_039.png,synthetic_pairs\degraded\00001373_039_deg_1_gaussian_blur.png,gaussian_blur,sigma=3.46
synthetic_pairs\clean\00001373_039.png,synthetic_pairs\degraded\00001373_039_deg_2_gaussian_noise.png,gaussian_noise,variance=0.0194
synthetic_pairs\clean\00001373_039.png,synthetic_pairs\degraded\00001373_039_deg_3_underexposure.png,underexposure,factor=0.49
synthetic_pairs\clean\00001373_040.png,synthetic_pairs\degraded\00001373_040_deg_1_underexposure.png,underexposure,factor=0.35
synthetic_pairs\clean\00001373_040.png,synthetic_pairs\degraded\00001373_040_deg_2_poisson_noise.png,poisson_noise,scale=33.3
synthetic_pairs\clean\00001373_040.png,synthetic_pairs\degraded\00001373_040_deg_3_underexposure.png,underexposure,factor=0.64
synthetic_pairs\clean\00001373_041.png,synthetic_pairs\degraded\00001373_041_deg_1_gaussian_blur.png,gaussian_blur,sigma=2.67
synthetic_pairs\clean\00001373_041.png,synthetic_pairs\degraded\00001373_041_deg_2_poisson_noise.png,poisson_noise,scale=35.5
synthetic_pairs\clean\00001373_041.png,synthetic_pairs\degraded\00001373_041_deg_3_contrast_compression.png,contrast_compression,pct=0.53
synthetic_pairs\clean\00001373_042.png,synthetic_pairs\degraded\00001373_042_deg_1_poisson_noise.png,poisson_noise,scale=40.0
synthetic_pairs\clean\00001373_042.png,synthetic_pairs\degraded\00001373_042_deg_2_gaussian_noise.png,gaussian_noise,variance=0.0308
synthetic_pairs\clean\00001373_042.png,synthetic_pairs\degraded\00001373_042_deg_3_poisson_noise.png,poisson_noise,scale=20.4
synthetic_pairs\clean\00001373_043.png,synthetic_pairs\degraded\00001373_043_deg_1_gaussian_blur.png,gaussian_blur,sigma=2.53
synthetic_pairs\clean\00001373_043.png,synthetic_pairs\degraded\00001373_043_deg_2_contrast_compression.png,contrast_compression,pct=0.45
synthetic_pairs\clean\00001373_043.png,synthetic_pairs\degraded\00001373_043_deg_3_gaussian_blur.png,gaussian_blur,sigma=2.09
synthetic_pairs\clean\00001373_044.png,synthetic_pairs\degraded\00001373_044_deg_1_poisson_noise.png,poisson_noise,scale=44.5
synthetic_pairs\clean\00001373_044.png,synthetic_pairs\degraded\00001373_044_deg_2_gaussian_noise.png,gaussian_noise,variance=0.0399
synthetic_pairs\clean\00001373_044.png,synthetic_pairs\degraded\00001373_044_deg_3_combined.png,combined,"gaussian_noise+underexposure(variance=0.0078,factor=0.46)"
synthetic_pairs\clean\00001373_045.png,synthetic_pairs\degraded\00001373_045_deg_1_underexposure.png,underexposure,factor=0.50
synthetic_pairs\clean\00001373_045.png,synthetic_pairs\degraded\00001373_045_deg_2_combined.png,combined,"gaussian_blur+gaussian_noise(sigma=2.90,variance=0.0312)"
synthetic_pairs\clean\00001373_045.png,synthetic_pairs\degraded\00001373_045_deg_3_gaussian_noise.png,gaussian_noise,variance=0.0263
synthetic_pairs\clean\00001373_046.png,synthetic_pairs\degraded\00001373_046_deg_1_combined.png,combined,"gaussian_noise+contrast_compression(variance=0.0476,pct=0.53)"
synthetic_pairs\clean\00001373_046.png,synthetic_pairs\degraded\00001373_046_deg_2_poisson_noise.png,poisson_noise,scale=16.7
synthetic_pairs\clean\00001373_046.png,synthetic_pairs\degraded\00001373_046_deg_3_underexposure.png,underexposure,factor=0.32
synthetic_pairs\clean\00001373_047.png,synthetic_pairs\degraded\00001373_047_deg_1_underexposure.png,underexposure,factor=0.59
synthetic_pairs\clean\00001373_047.png,synthetic_pairs\degraded\00001373_047_deg_2_gaussian_noise.png,gaussian_noise,variance=0.0374
synthetic_pairs\clean\00001373_047.png,synthetic_pairs\degraded\00001373_047_deg_3_underexposure.png,underexposure,factor=0.49
synthetic_pairs\clean\00001373_048.png,synthetic_pairs\degraded\00001373_048_deg_1_underexposure.png,underexposure,factor=0.49
synthetic_pairs\clean\00001373_048.png,synthetic_pairs\degraded\00001373_048_deg_2_poisson_noise.png,poisson_noise,scale=40.2
synthetic_pairs\clean\00001373_048.png,synthetic_pairs\degraded\00001373_048_deg_3_contrast_compression.png,contrast_compression,pct=0.34
synthetic_pairs\clean\00001373_049.png,synthetic_pairs\degraded\00001373_049_deg_1_gaussian_noise.png,gaussian_noise,variance=0.0076
synthetic_pairs\clean\00001373_049.png,synthetic_pairs\degraded\00001373_049_deg_2_poisson_noise.png,poisson_noise,scale=36.9
synthetic_pairs\clean\00001373_049.png,synthetic_pairs\degraded\00001373_049_deg_3_underexposure.png,underexposure,factor=0.63
synthetic_pairs\clean\00001373_050.png,synthetic_pairs\degraded\00001373_050_deg_1_gaussian_blur.png,gaussian_blur,sigma=3.36
synthetic_pairs\clean\00001373_050.png,synthetic_pairs\degraded\00001373_050_deg_2_combined.png,combined,"poisson_noise+underexposure(scale=39.0,factor=0.41)"
synthetic_pairs\clean\00001373_050.png,synthetic_pairs\degraded\00001373_050_deg_3_contrast_compression.png,contrast_compression,pct=0.31
synthetic_pairs\clean\00001373_051.png,synthetic_pairs\degraded\00001373_051_deg_1_contrast_compression.png,contrast_compression,pct=0.45
synthetic_pairs\clean\00001373_051.png,synthetic_pairs\degraded\00001373_051_deg_2_gaussian_noise.png,gaussian_noise,variance=0.0401
synthetic_pairs\clean\00001373_051.png,synthetic_pairs\degraded\00001373_051_deg_3_underexposure.png,underexposure,factor=0.32
synthetic_pairs\clean\00001373_052.png,synthetic_pairs\degraded\00001373_052_deg_1_combined.png,combined,"gaussian_noise+poisson_noise(variance=0.0222,scale=19.0)"
synthetic_pairs\clean\00001373_052.png,synthetic_pairs\degraded\00001373_052_deg_2_gaussian_blur.png,gaussian_blur,sigma=2.61
synthetic_pairs\clean\00001373_052.png,synthetic_pairs\degraded\00001373_052_deg_3_contrast_compression.png,contrast_compression,pct=0.36
synthetic_pairs\clean\00001373_053.png,synthetic_pairs\degraded\00001373_053_deg_1_poisson_noise.png,poisson_noise,scale=18.0
synthetic_pairs\clean\00001373_053.png,synthetic_pairs\degraded\00001373_053_deg_2_gaussian_noise.png,gaussian_noise,variance=0.0278
synthetic_pairs\clean\00001373_053.png,synthetic_pairs\degraded\00001373_053_deg_3_poisson_noise.png,poisson_noise,scale=40.3
synthetic_pairs\clean\00001373_054.png,synthetic_pairs\degraded\00001373_054_deg_1_poisson_noise.png,poisson_noise,scale=39.2
synthetic_pairs\clean\00001373_054.png,synthetic_pairs\degraded\00001373_054_deg_2_underexposure.png,underexposure,factor=0.37
synthetic_pairs\clean\00001373_054.png,synthetic_pairs\degraded\00001373_054_deg_3_contrast_compression.png,contrast_compression,pct=0.33
synthetic_pairs\clean\00001373_055.png,synthetic_pairs\degraded\00001373_055_deg_1_combined.png,combined,"underexposure+gaussian_noise(factor=0.55,variance=0.0313)"
synthetic_pairs\clean\00001373_055.png,synthetic_pairs\degraded\00001373_055_deg_2_contrast_compression.png,contrast_compression,pct=0.55
synthetic_pairs\clean\00001373_055.png,synthetic_pairs\degraded\00001373_055_deg_3_combined.png,combined,"contrast_compression+gaussian_noise(pct=0.48,variance=0.0217)"
synthetic_pairs\clean\00001374_000.png,synthetic_pairs\degraded\00001374_000_deg_1_gaussian_noise.png,gaussian_noise,variance=0.0109
synthetic_pairs\clean\00001374_000.png,synthetic_pairs\degraded\00001374_000_deg_2_contrast_compression.png,contrast_compression,pct=0.46
synthetic_pairs\clean\00001374_000.png,synthetic_pairs\degraded\00001374_000_deg_3_gaussian_noise.png,gaussian_noise,variance=0.0114
synthetic_pairs\clean\00001375_000.png,synthetic_pairs\degraded\00001375_000_deg_1_contrast_compression.png,contrast_compression,pct=0.53
synthetic_pairs\clean\00001375_000.png,synthetic_pairs\degraded\00001375_000_deg_2_combined.png,combined,"gaussian_blur+poisson_noise(sigma=0.85,scale=39.8)"
synthetic_pairs\clean\00001375_000.png,synthetic_pairs\degraded\00001375_000_deg_3_underexposure.png,underexposure,factor=0.64
synthetic_pairs\clean\00001376_000.png,synthetic_pairs\degraded\00001376_000_deg_1_contrast_compression.png,contrast_compression,pct=0.34
synthetic_pairs\clean\00001376_000.png,synthetic_pairs\degraded\00001376_000_deg_2_gaussian_noise.png,gaussian_noise,variance=0.0303
synthetic_pairs\clean\00001376_000.png,synthetic_pairs\degraded\00001376_000_deg_3_poisson_noise.png,poisson_noise,scale=34.7
synthetic_pairs\clean\00001376_001.png,synthetic_pairs\degraded\00001376_001_deg_1_gaussian_blur.png,gaussian_blur,sigma=3.08
synthetic_pairs\clean\00001376_001.png,synthetic_pairs\degraded\00001376_001_deg_2_poisson_noise.png,poisson_noise,scale=24.5
synthetic_pairs\clean\00001376_001.png,synthetic_pairs\degraded\00001376_001_deg_3_contrast_compression.png,contrast_compression,pct=0.49
synthetic_pairs\clean\00001376_002.png,synthetic_pairs\degraded\00001376_002_deg_1_underexposure.png,underexposure,factor=0.45
synthetic_pairs\clean\00001376_002.png,synthetic_pairs\degraded\00001376_002_deg_2_gaussian_blur.png,gaussian_blur,sigma=2.52
synthetic_pairs\clean\00001376_002.png,synthetic_pairs\degraded\00001376_002_deg_3_contrast_compression.png,contrast_compression,pct=0.39
synthetic_pairs\clean\00001376_003.png,synthetic_pairs\degraded\00001376_003_deg_1_gaussian_noise.png,gaussian_noise,variance=0.0233
synthetic_pairs\clean\00001376_003.png,synthetic_pairs\degraded\00001376_003_deg_2_combined.png,combined,"poisson_noise+contrast_compression(scale=33.5,pct=0.40)"
synthetic_pairs\clean\00001376_003.png,synthetic_pairs\degraded\00001376_003_deg_3_underexposure.png,underexposure,factor=0.68
synthetic_pairs\clean\00001376_004.png,synthetic_pairs\degraded\00001376_004_deg_1_combined.png,combined,"gaussian_noise+contrast_compression(variance=0.0339,pct=0.46)"
synthetic_pairs\clean\00001376_004.png,synthetic_pairs\degraded\00001376_004_deg_2_contrast_compression.png,contrast_compression,pct=0.37
synthetic_pairs\clean\00001376_004.png,synthetic_pairs\degraded\00001376_004_deg_3_gaussian_noise.png,gaussian_noise,variance=0.0266
synthetic_pairs\clean\00001376_005.png,synthetic_pairs\degraded\00001376_005_deg_1_underexposure.png,underexposure,factor=0.59
synthetic_pairs\clean\00001376_005.png,synthetic_pairs\degraded\00001376_005_deg_2_gaussian_noise.png,gaussian_noise,variance=0.0344
synthetic_pairs\clean\00001376_005.png,synthetic_pairs\degraded\00001376_005_deg_3_combined.png,combined,"gaussian_noise+contrast_compression(variance=0.0359,pct=0.32)"
synthetic_pairs\clean\00001376_006.png,synthetic_pairs\degraded\00001376_006_deg_1_underexposure.png,underexposure,factor=0.53
synthetic_pairs\clean\00001376_006.png,synthetic_pairs\degraded\00001376_006_deg_2_combined.png,combined,"poisson_noise+underexposure(scale=25.0,factor=0.58)"
synthetic_pairs\clean\00001376_006.png,synthetic_pairs\degraded\00001376_006_deg_3_poisson_noise.png,poisson_noise,scale=25.4
synthetic_pairs\clean\00001376_007.png,synthetic_pairs\degraded\00001376_007_deg_1_gaussian_blur.png,gaussian_blur,sigma=2.19
synthetic_pairs\clean\00001376_007.png,synthetic_pairs\degraded\00001376_007_deg_2_gaussian_noise.png,gaussian_noise,variance=0.0252
synthetic_pairs\clean\00001376_007.png,synthetic_pairs\degraded\00001376_007_deg_3_poisson_noise.png,poisson_noise,scale=32.0
synthetic_pairs\clean\00001376_008.png,synthetic_pairs\degraded\00001376_008_deg_1_contrast_compression.png,contrast_compression,pct=0.56
synthetic_pairs\clean\00001376_008.png,synthetic_pairs\degraded\00001376_008_deg_2_gaussian_noise.png,gaussian_noise,variance=0.0286
synthetic_pairs\clean\00001376_008.png,synthetic_pairs\degraded\00001376_008_deg_3_combined.png,combined,"contrast_compression+gaussian_noise(pct=0.36,variance=0.0085)"
synthetic_pairs\clean\00001376_009.png,synthetic_pairs\degraded\00001376_009_deg_1_poisson_noise.png,poisson_noise,scale=40.0
synthetic_pairs\clean\00001376_009.png,synthetic_pairs\degraded\00001376_009_deg_2_underexposure.png,underexposure,factor=0.36
synthetic_pairs\clean\00001376_009.png,synthetic_pairs\degraded\00001376_009_deg_3_gaussian_noise.png,gaussian_noise,variance=0.0237
synthetic_pairs\clean\00001376_010.png,synthetic_pairs\degraded\00001376_010_deg_1_gaussian_noise.png,gaussian_noise,variance=0.0325
synthetic_pairs\clean\00001376_010.png,synthetic_pairs\degraded\00001376_010_deg_2_underexposure.png,underexposure,factor=0.42
synthetic_pairs\clean\00001376_010.png,synthetic_pairs\degraded\00001376_010_deg_3_contrast_compression.png,contrast_compression,pct=0.60
synthetic_pairs\clean\00001377_000.png,synthetic_pairs\degraded\00001377_000_deg_1_gaussian_blur.png,gaussian_blur,sigma=3.24
synthetic_pairs\clean\00001377_000.png,synthetic_pairs\degraded\00001377_000_deg_2_contrast_compression.png,contrast_compression,pct=0.50
synthetic_pairs\clean\00001377_000.png,synthetic_pairs\degraded\00001377_000_deg_3_gaussian_blur.png,gaussian_blur,sigma=1.36
synthetic_pairs\clean\00001377_001.png,synthetic_pairs\degraded\00001377_001_deg_1_contrast_compression.png,contrast_compression,pct=0.55
synthetic_pairs\clean\00001377_001.png,synthetic_pairs\degraded\00001377_001_deg_2_gaussian_noise.png,gaussian_noise,variance=0.0387
synthetic_pairs\clean\00001377_001.png,synthetic_pairs\degraded\00001377_001_deg_3_underexposure.png,underexposure,factor=0.56
synthetic_pairs\clean\00001377_002.png,synthetic_pairs\degraded\00001377_002_deg_1_gaussian_noise.png,gaussian_noise,variance=0.0196
synthetic_pairs\clean\00001377_002.png,synthetic_pairs\degraded\00001377_002_deg_2_contrast_compression.png,contrast_compression,pct=0.56
synthetic_pairs\clean\00001377_002.png,synthetic_pairs\degraded\00001377_002_deg_3_combined.png,combined,"gaussian_noise+contrast_compression(variance=0.0321,pct=0.41)"
synthetic_pairs\clean\00001377_003.png,synthetic_pairs\degraded\00001377_003_deg_1_underexposure.png,underexposure,factor=0.69
synthetic_pairs\clean\00001377_003.png,synthetic_pairs\degraded\00001377_003_deg_2_combined.png,combined,"poisson_noise+gaussian_blur(scale=25.3,sigma=3.01)"
synthetic_pairs\clean\00001377_003.png,synthetic_pairs\degraded\00001377_003_deg_3_gaussian_noise.png,gaussian_noise,variance=0.0346
synthetic_pairs\clean\00001377_004.png,synthetic_pairs\degraded\00001377_004_deg_1_underexposure.png,underexposure,factor=0.32
synthetic_pairs\clean\00001377_004.png,synthetic_pairs\degraded\00001377_004_deg_2_poisson_noise.png,poisson_noise,scale=16.0
synthetic_pairs\clean\00001377_004.png,synthetic_pairs\degraded\00001377_004_deg_3_underexposure.png,underexposure,factor=0.41
synthetic_pairs\clean\00001377_005.png,synthetic_pairs\degraded\00001377_005_deg_1_contrast_compression.png,contrast_compression,pct=0.56
synthetic_pairs\clean\00001377_005.png,synthetic_pairs\degraded\00001377_005_deg_2_underexposure.png,underexposure,factor=0.56
synthetic_pairs\clean\00001377_005.png,synthetic_pairs\degraded\00001377_005_deg_3_combined.png,combined,"poisson_noise+underexposure(scale=47.5,factor=0.43)"
synthetic_pairs\clean\00001378_000.png,synthetic_pairs\degraded\00001378_000_deg_1_contrast_compression.png,contrast_compression,pct=0.33
synthetic_pairs\clean\00001378_000.png,synthetic_pairs\degraded\00001378_000_deg_2_underexposure.png,underexposure,factor=0.35
synthetic_pairs\clean\00001378_000.png,synthetic_pairs\degraded\00001378_000_deg_3_poisson_noise.png,poisson_noise,scale=10.7
synthetic_pairs\clean\00001378_001.png,synthetic_pairs\degraded\00001378_001_deg_1_gaussian_noise.png,gaussian_noise,variance=0.0370
synthetic_pairs\clean\00001378_001.png,synthetic_pairs\degraded\00001378_001_deg_2_underexposure.png,underexposure,factor=0.43
synthetic_pairs\clean\00001378_001.png,synthetic_pairs\degraded\00001378_001_deg_3_contrast_compression.png,contrast_compression,pct=0.55
synthetic_pairs\clean\00001378_002.png,synthetic_pairs\degraded\00001378_002_deg_1_underexposure.png,underexposure,factor=0.32
synthetic_pairs\clean\00001378_002.png,synthetic_pairs\degraded\00001378_002_deg_2_contrast_compression.png,contrast_compression,pct=0.38
synthetic_pairs\clean\00001378_002.png,synthetic_pairs\degraded\00001378_002_deg_3_combined.png,combined,"underexposure+contrast_compression(factor=0.70,pct=0.40)"
synthetic_pairs\clean\00001378_003.png,synthetic_pairs\degraded\00001378_003_deg_1_combined.png,combined,"contrast_compression+gaussian_noise(pct=0.56,variance=0.0068)"
synthetic_pairs\clean\00001378_003.png,synthetic_pairs\degraded\00001378_003_deg_2_underexposure.png,underexposure,factor=0.38
synthetic_pairs\clean\00001378_003.png,synthetic_pairs\degraded\00001378_003_deg_3_gaussian_noise.png,gaussian_noise,variance=0.0309
synthetic_pairs\clean\00001378_004.png,synthetic_pairs\degraded\00001378_004_deg_1_gaussian_noise.png,gaussian_noise,variance=0.0229
synthetic_pairs\clean\00001378_004.png,synthetic_pairs\degraded\00001378_004_deg_2_gaussian_blur.png,gaussian_blur,sigma=2.69
synthetic_pairs\clean\00001378_004.png,synthetic_pairs\degraded\00001378_004_deg_3_gaussian_noise.png,gaussian_noise,variance=0.0316
synthetic_pairs\clean\00001379_000.png,synthetic_pairs\degraded\00001379_000_deg_1_gaussian_blur.png,gaussian_blur,sigma=1.81
synthetic_pairs\clean\00001379_000.png,synthetic_pairs\degraded\00001379_000_deg_2_underexposure.png,underexposure,factor=0.47
synthetic_pairs\clean\00001379_000.png,synthetic_pairs\degraded\00001379_000_deg_3_poisson_noise.png,poisson_noise,scale=11.8
synthetic_pairs\clean\00001380_000.png,synthetic_pairs\degraded\00001380_000_deg_1_poisson_noise.png,poisson_noise,scale=48.0
synthetic_pairs\clean\00001380_000.png,synthetic_pairs\degraded\00001380_000_deg_2_combined.png,combined,"gaussian_blur+contrast_compression(sigma=2.85,pct=0.40)"
synthetic_pairs\clean\00001380_000.png,synthetic_pairs\degraded\00001380_000_deg_3_contrast_compression.png,contrast_compression,pct=0.33
synthetic_pairs\clean\00001381_000.png,synthetic_pairs\degraded\00001381_000_deg_1_combined.png,combined,"underexposure+contrast_compression(factor=0.64,pct=0.39)"
synthetic_pairs\clean\00001381_000.png,synthetic_pairs\degraded\00001381_000_deg_2_underexposure.png,underexposure,factor=0.36
synthetic_pairs\clean\00001381_000.png,synthetic_pairs\degraded\00001381_000_deg_3_poisson_noise.png,poisson_noise,scale=10.7
synthetic_pairs\clean\00001381_001.png,synthetic_pairs\degraded\00001381_001_deg_1_combined.png,combined,"gaussian_blur+contrast_compression(sigma=3.13,pct=0.36)"
synthetic_pairs\clean\00001381_001.png,synthetic_pairs\degraded\00001381_001_deg_2_gaussian_noise.png,gaussian_noise,variance=0.0335
synthetic_pairs\clean\00001381_001.png,synthetic_pairs\degraded\00001381_001_deg_3_combined.png,combined,"gaussian_blur+underexposure(sigma=2.46,factor=0.33)"
synthetic_pairs\clean\00001381_002.png,synthetic_pairs\degraded\00001381_002_deg_1_combined.png,combined,"gaussian_noise+underexposure(variance=0.0338,factor=0.37)"
synthetic_pairs\clean\00001381_002.png,synthetic_pairs\degraded\00001381_002_deg_2_contrast_compression.png,contrast_compression,pct=0.51
synthetic_pairs\clean\00001381_002.png,synthetic_pairs\degraded\00001381_002_deg_3_underexposure.png,underexposure,factor=0.60
synthetic_pairs\clean\00001381_003.png,synthetic_pairs\degraded\00001381_003_deg_1_gaussian_noise.png,gaussian_noise,variance=0.0113
synthetic_pairs\clean\00001381_003.png,synthetic_pairs\degraded\00001381_003_deg_2_poisson_noise.png,poisson_noise,scale=15.2
synthetic_pairs\clean\00001381_003.png,synthetic_pairs\degraded\00001381_003_deg_3_combined.png,combined,"poisson_noise+underexposure(scale=19.5,factor=0.46)"
synthetic_pairs\clean\00001381_004.png,synthetic_pairs\degraded\00001381_004_deg_1_poisson_noise.png,poisson_noise,scale=19.9
synthetic_pairs\clean\00001381_004.png,synthetic_pairs\degraded\00001381_004_deg_2_contrast_compression.png,contrast_compression,pct=0.60
synthetic_pairs\clean\00001381_004.png,synthetic_pairs\degraded\00001381_004_deg_3_combined.png,combined,"underexposure+gaussian_blur(factor=0.63,sigma=1.00)"
synthetic_pairs\clean\00001381_005.png,synthetic_pairs\degraded\00001381_005_deg_1_combined.png,combined,"poisson_noise+gaussian_blur(scale=26.0,sigma=2.55)"
synthetic_pairs\clean\00001381_005.png,synthetic_pairs\degraded\00001381_005_deg_2_contrast_compression.png,contrast_compression,pct=0.48
synthetic_pairs\clean\00001381_005.png,synthetic_pairs\degraded\00001381_005_deg_3_combined.png,combined,"contrast_compression+gaussian_blur(pct=0.30,sigma=1.14)"
synthetic_pairs\clean\00001381_006.png,synthetic_pairs\degraded\00001381_006_deg_1_combined.png,combined,"poisson_noise+gaussian_noise(scale=44.2,variance=0.0355)"
synthetic_pairs\clean\00001381_006.png,synthetic_pairs\degraded\00001381_006_deg_2_gaussian_noise.png,gaussian_noise,variance=0.0123
synthetic_pairs\clean\00001381_006.png,synthetic_pairs\degraded\00001381_006_deg_3_gaussian_blur.png,gaussian_blur,sigma=3.28
synthetic_pairs\clean\00001381_007.png,synthetic_pairs\degraded\00001381_007_deg_1_combined.png,combined,"contrast_compression+poisson_noise(pct=0.57,scale=43.5)"
synthetic_pairs\clean\00001381_007.png,synthetic_pairs\degraded\00001381_007_deg_2_gaussian_noise.png,gaussian_noise,variance=0.0250
synthetic_pairs\clean\00001381_007.png,synthetic_pairs\degraded\00001381_007_deg_3_gaussian_blur.png,gaussian_blur,sigma=2.10
synthetic_pairs\clean\00001381_008.png,synthetic_pairs\degraded\00001381_008_deg_1_underexposure.png,underexposure,factor=0.33
synthetic_pairs\clean\00001381_008.png,synthetic_pairs\degraded\00001381_008_deg_2_gaussian_blur.png,gaussian_blur,sigma=1.39
synthetic_pairs\clean\00001381_008.png,synthetic_pairs\degraded\00001381_008_deg_3_gaussian_noise.png,gaussian_noise,variance=0.0110
synthetic_pairs\clean\00001381_009.png,synthetic_pairs\degraded\00001381_009_deg_1_combined.png,combined,"gaussian_noise+gaussian_blur(variance=0.0419,sigma=3.01)"
synthetic_pairs\clean\00001381_009.png,synthetic_pairs\degraded\00001381_009_deg_2_poisson_noise.png,poisson_noise,scale=46.0
synthetic_pairs\clean\00001381_009.png,synthetic_pairs\degraded\00001381_009_deg_3_contrast_compression.png,contrast_compression,pct=0.48
synthetic_pairs\clean\00001381_010.png,synthetic_pairs\degraded\00001381_010_deg_1_underexposure.png,underexposure,factor=0.53
synthetic_pairs\clean\00001381_010.png,synthetic_pairs\degraded\00001381_010_deg_2_gaussian_blur.png,gaussian_blur,sigma=2.28
synthetic_pairs\clean\00001381_010.png,synthetic_pairs\degraded\00001381_010_deg_3_combined.png,combined,"gaussian_noise+poisson_noise(variance=0.0289,scale=36.9)"
synthetic_pairs\clean\00001381_011.png,synthetic_pairs\degraded\00001381_011_deg_1_contrast_compression.png,contrast_compression,pct=0.46
synthetic_pairs\clean\00001381_011.png,synthetic_pairs\degraded\00001381_011_deg_2_gaussian_blur.png,gaussian_blur,sigma=2.13
synthetic_pairs\clean\00001381_011.png,synthetic_pairs\degraded\00001381_011_deg_3_combined.png,combined,"underexposure+gaussian_noise(factor=0.67,variance=0.0392)"
synthetic_pairs\clean\00001381_012.png,synthetic_pairs\degraded\00001381_012_deg_1_poisson_noise.png,poisson_noise,scale=46.0
synthetic_pairs\clean\00001381_012.png,synthetic_pairs\degraded\00001381_012_deg_2_gaussian_blur.png,gaussian_blur,sigma=1.80
synthetic_pairs\clean\00001381_012.png,synthetic_pairs\degraded\00001381_012_deg_3_combined.png,combined,"gaussian_blur+poisson_noise(sigma=1.49,scale=17.8)"
synthetic_pairs\clean\00001381_013.png,synthetic_pairs\degraded\00001381_013_deg_1_gaussian_blur.png,gaussian_blur,sigma=2.49
synthetic_pairs\clean\00001381_013.png,synthetic_pairs\degraded\00001381_013_deg_2_poisson_noise.png,poisson_noise,scale=36.8
synthetic_pairs\clean\00001381_013.png,synthetic_pairs\degraded\00001381_013_deg_3_underexposure.png,underexposure,factor=0.37
synthetic_pairs\clean\00001382_000.png,synthetic_pairs\degraded\00001382_000_deg_1_gaussian_noise.png,gaussian_noise,variance=0.0244
synthetic_pairs\clean\00001382_000.png,synthetic_pairs\degraded\00001382_000_deg_2_combined.png,combined,"gaussian_noise+contrast_compression(variance=0.0291,pct=0.55)"
synthetic_pairs\clean\00001382_000.png,synthetic_pairs\degraded\00001382_000_deg_3_poisson_noise.png,poisson_noise,scale=19.2
synthetic_pairs\clean\00001382_001.png,synthetic_pairs\degraded\00001382_001_deg_1_poisson_noise.png,poisson_noise,scale=34.1
synthetic_pairs\clean\00001382_001.png,synthetic_pairs\degraded\00001382_001_deg_2_combined.png,combined,"contrast_compression+gaussian_noise(pct=0.49,variance=0.0468)"
synthetic_pairs\clean\00001382_001.png,synthetic_pairs\degraded\00001382_001_deg_3_underexposure.png,underexposure,factor=0.46
synthetic_pairs\clean\00001382_002.png,synthetic_pairs\degraded\00001382_002_deg_1_combined.png,combined,"gaussian_blur+poisson_noise(sigma=1.27,scale=47.3)"
synthetic_pairs\clean\00001382_002.png,synthetic_pairs\degraded\00001382_002_deg_2_poisson_noise.png,poisson_noise,scale=34.4
synthetic_pairs\clean\00001382_002.png,synthetic_pairs\degraded\00001382_002_deg_3_underexposure.png,underexposure,factor=0.56
synthetic_pairs\clean\00001382_003.png,synthetic_pairs\degraded\00001382_003_deg_1_gaussian_blur.png,gaussian_blur,sigma=1.26
synthetic_pairs\clean\00001382_003.png,synthetic_pairs\degraded\00001382_003_deg_2_underexposure.png,underexposure,factor=0.58
synthetic_pairs\clean\00001382_003.png,synthetic_pairs\degraded\00001382_003_deg_3_contrast_compression.png,contrast_compression,pct=0.44
synthetic_pairs\clean\00001382_004.png,synthetic_pairs\degraded\00001382_004_deg_1_contrast_compression.png,contrast_compression,pct=0.40
synthetic_pairs\clean\00001382_004.png,synthetic_pairs\degraded\00001382_004_deg_2_poisson_noise.png,poisson_noise,scale=46.6
synthetic_pairs\clean\00001382_004.png,synthetic_pairs\degraded\00001382_004_deg_3_contrast_compression.png,contrast_compression,pct=0.36
synthetic_pairs\clean\00001383_000.png,synthetic_pairs\degraded\00001383_000_deg_1_gaussian_noise.png,gaussian_noise,variance=0.0053
synthetic_pairs\clean\00001383_000.png,synthetic_pairs\degraded\00001383_000_deg_2_contrast_compression.png,contrast_compression,pct=0.56
synthetic_pairs\clean\00001383_000.png,synthetic_pairs\degraded\00001383_000_deg_3_gaussian_noise.png,gaussian_noise,variance=0.0344
synthetic_pairs\clean\00001383_001.png,synthetic_pairs\degraded\00001383_001_deg_1_underexposure.png,underexposure,factor=0.52
synthetic_pairs\clean\00001383_001.png,synthetic_pairs\degraded\00001383_001_deg_2_combined.png,combined,"gaussian_noise+underexposure(variance=0.0206,factor=0.34)"
synthetic_pairs\clean\00001383_001.png,synthetic_pairs\degraded\00001383_001_deg_3_poisson_noise.png,poisson_noise,scale=19.4
synthetic_pairs\clean\00001384_000.png,synthetic_pairs\degraded\00001384_000_deg_1_underexposure.png,underexposure,factor=0.53
synthetic_pairs\clean\00001384_000.png,synthetic_pairs\degraded\00001384_000_deg_2_poisson_noise.png,poisson_noise,scale=14.3
synthetic_pairs\clean\00001384_000.png,synthetic_pairs\degraded\00001384_000_deg_3_underexposure.png,underexposure,factor=0.65
synthetic_pairs\clean\00001384_001.png,synthetic_pairs\degraded\00001384_001_deg_1_gaussian_noise.png,gaussian_noise,variance=0.0420
synthetic_pairs\clean\00001384_001.png,synthetic_pairs\degraded\00001384_001_deg_2_gaussian_blur.png,gaussian_blur,sigma=2.07
synthetic_pairs\clean\00001384_001.png,synthetic_pairs\degraded\00001384_001_deg_3_underexposure.png,underexposure,factor=0.63
synthetic_pairs\clean\00001385_000.png,synthetic_pairs\degraded\00001385_000_deg_1_combined.png,combined,"underexposure+contrast_compression(factor=0.31,pct=0.48)"
synthetic_pairs\clean\00001385_000.png,synthetic_pairs\degraded\00001385_000_deg_2_contrast_compression.png,contrast_compression,pct=0.48
synthetic_pairs\clean\00001385_000.png,synthetic_pairs\degraded\00001385_000_deg_3_gaussian_blur.png,gaussian_blur,sigma=1.07
synthetic_pairs\clean\00001385_001.png,synthetic_pairs\degraded\00001385_001_deg_1_gaussian_noise.png,gaussian_noise,variance=0.0156
synthetic_pairs\clean\00001385_001.png,synthetic_pairs\degraded\00001385_001_deg_2_contrast_compression.png,contrast_compression,pct=0.51
synthetic_pairs\clean\00001385_001.png,synthetic_pairs\degraded\00001385_001_deg_3_combined.png,combined,"gaussian_noise+contrast_compression(variance=0.0476,pct=0.49)"
synthetic_pairs\clean\00001385_002.png,synthetic_pairs\degraded\00001385_002_deg_1_underexposure.png,underexposure,factor=0.56
synthetic_pairs\clean\00001385_002.png,synthetic_pairs\degraded\00001385_002_deg_2_gaussian_blur.png,gaussian_blur,sigma=2.20
synthetic_pairs\clean\00001385_002.png,synthetic_pairs\degraded\00001385_002_deg_3_combined.png,combined,"poisson_noise+gaussian_blur(scale=44.2,sigma=1.95)"
synthetic_pairs\clean\00001385_003.png,synthetic_pairs\degraded\00001385_003_deg_1_underexposure.png,underexposure,factor=0.57
synthetic_pairs\clean\00001385_003.png,synthetic_pairs\degraded\00001385_003_deg_2_gaussian_noise.png,gaussian_noise,variance=0.0082
synthetic_pairs\clean\00001385_003.png,synthetic_pairs\degraded\00001385_003_deg_3_gaussian_blur.png,gaussian_blur,sigma=1.11
synthetic_pairs\clean\00001385_004.png,synthetic_pairs\degraded\00001385_004_deg_1_contrast_compression.png,contrast_compression,pct=0.56
synthetic_pairs\clean\00001385_004.png,synthetic_pairs\degraded\00001385_004_deg_2_poisson_noise.png,poisson_noise,scale=22.7
synthetic_pairs\clean\00001385_004.png,synthetic_pairs\degraded\00001385_004_deg_3_gaussian_noise.png,gaussian_noise,variance=0.0409
synthetic_pairs\clean\00001385_005.png,synthetic_pairs\degraded\00001385_005_deg_1_gaussian_blur.png,gaussian_blur,sigma=3.38
synthetic_pairs\clean\00001385_005.png,synthetic_pairs\degraded\00001385_005_deg_2_gaussian_noise.png,gaussian_noise,variance=0.0487
synthetic_pairs\clean\00001385_005.png,synthetic_pairs\degraded\00001385_005_deg_3_poisson_noise.png,poisson_noise,scale=18.1
synthetic_pairs\clean\00001385_006.png,synthetic_pairs\degraded\00001385_006_deg_1_combined.png,combined,"gaussian_blur+underexposure(sigma=2.64,factor=0.40)"
synthetic_pairs\clean\00001385_006.png,synthetic_pairs\degraded\00001385_006_deg_2_contrast_compression.png,contrast_compression,pct=0.43
synthetic_pairs\clean\00001385_006.png,synthetic_pairs\degraded\00001385_006_deg_3_combined.png,combined,"gaussian_blur+underexposure(sigma=2.42,factor=0.66)"
synthetic_pairs\clean\00001385_007.png,synthetic_pairs\degraded\00001385_007_deg_1_combined.png,combined,"gaussian_noise+contrast_compression(variance=0.0217,pct=0.56)"
synthetic_pairs\clean\00001385_007.png,synthetic_pairs\degraded\00001385_007_deg_2_contrast_compression.png,contrast_compression,pct=0.31
synthetic_pairs\clean\00001385_007.png,synthetic_pairs\degraded\00001385_007_deg_3_combined.png,combined,"contrast_compression+poisson_noise(pct=0.49,scale=44.9)"
synthetic_pairs\clean\00001385_008.png,synthetic_pairs\degraded\00001385_008_deg_1_contrast_compression.png,contrast_compression,pct=0.55
synthetic_pairs\clean\00001385_008.png,synthetic_pairs\degraded\00001385_008_deg_2_combined.png,combined,"poisson_noise+gaussian_noise(scale=15.5,variance=0.0320)"
synthetic_pairs\clean\00001385_008.png,synthetic_pairs\degraded\00001385_008_deg_3_gaussian_blur.png,gaussian_blur,sigma=1.30
synthetic_pairs\clean\00001385_009.png,synthetic_pairs\degraded\00001385_009_deg_1_poisson_noise.png,poisson_noise,scale=22.0
synthetic_pairs\clean\00001385_009.png,synthetic_pairs\degraded\00001385_009_deg_2_gaussian_noise.png,gaussian_noise,variance=0.0337
synthetic_pairs\clean\00001385_009.png,synthetic_pairs\degraded\00001385_009_deg_3_contrast_compression.png,contrast_compression,pct=0.50
synthetic_pairs\clean\00001385_010.png,synthetic_pairs\degraded\00001385_010_deg_1_gaussian_noise.png,gaussian_noise,variance=0.0374
synthetic_pairs\clean\00001385_010.png,synthetic_pairs\degraded\00001385_010_deg_2_poisson_noise.png,poisson_noise,scale=49.4
synthetic_pairs\clean\00001385_010.png,synthetic_pairs\degraded\00001385_010_deg_3_gaussian_noise.png,gaussian_noise,variance=0.0403
synthetic_pairs\clean\00001385_011.png,synthetic_pairs\degraded\00001385_011_deg_1_gaussian_blur.png,gaussian_blur,sigma=2.67
synthetic_pairs\clean\00001385_011.png,synthetic_pairs\degraded\00001385_011_deg_2_combined.png,combined,"contrast_compression+gaussian_noise(pct=0.56,variance=0.0076)"
synthetic_pairs\clean\00001385_011.png,synthetic_pairs\degraded\00001385_011_deg_3_poisson_noise.png,poisson_noise,scale=25.9
synthetic_pairs\clean\00001385_012.png,synthetic_pairs\degraded\00001385_012_deg_1_underexposure.png,underexposure,factor=0.47
synthetic_pairs\clean\00001385_012.png,synthetic_pairs\degraded\00001385_012_deg_2_contrast_compression.png,contrast_compression,pct=0.48
synthetic_pairs\clean\00001385_012.png,synthetic_pairs\degraded\00001385_012_deg_3_poisson_noise.png,poisson_noise,scale=49.5
synthetic_pairs\clean\00001385_013.png,synthetic_pairs\degraded\00001385_013_deg_1_gaussian_blur.png,gaussian_blur,sigma=1.87
synthetic_pairs\clean\00001385_013.png,synthetic_pairs\degraded\00001385_013_deg_2_combined.png,combined,"underexposure+poisson_noise(factor=0.69,scale=13.6)"
synthetic_pairs\clean\00001385_013.png,synthetic_pairs\degraded\00001385_013_deg_3_gaussian_noise.png,gaussian_noise,variance=0.0366
synthetic_pairs\clean\00001385_014.png,synthetic_pairs\degraded\00001385_014_deg_1_combined.png,combined,"poisson_noise+contrast_compression(scale=42.2,pct=0.59)"
synthetic_pairs\clean\00001385_014.png,synthetic_pairs\degraded\00001385_014_deg_2_contrast_compression.png,contrast_compression,pct=0.54
synthetic_pairs\clean\00001385_014.png,synthetic_pairs\degraded\00001385_014_deg_3_poisson_noise.png,poisson_noise,scale=19.4
synthetic_pairs\clean\00001385_015.png,synthetic_pairs\degraded\00001385_015_deg_1_combined.png,combined,"underexposure+poisson_noise(factor=0.51,scale=17.5)"
synthetic_pairs\clean\00001385_015.png,synthetic_pairs\degraded\00001385_015_deg_2_underexposure.png,underexposure,factor=0.39
synthetic_pairs\clean\00001385_015.png,synthetic_pairs\degraded\00001385_015_deg_3_contrast_compression.png,contrast_compression,pct=0.48
synthetic_pairs\clean\00001385_016.png,synthetic_pairs\degraded\00001385_016_deg_1_gaussian_blur.png,gaussian_blur,sigma=1.70
synthetic_pairs\clean\00001385_016.png,synthetic_pairs\degraded\00001385_016_deg_2_combined.png,combined,"poisson_noise+gaussian_blur(scale=20.2,sigma=2.79)"
synthetic_pairs\clean\00001385_016.png,synthetic_pairs\degraded\00001385_016_deg_3_underexposure.png,underexposure,factor=0.42
synthetic_pairs\clean\00001385_017.png,synthetic_pairs\degraded\00001385_017_deg_1_underexposure.png,underexposure,factor=0.63
synthetic_pairs\clean\00001385_017.png,synthetic_pairs\degraded\00001385_017_deg_2_poisson_noise.png,poisson_noise,scale=38.0
synthetic_pairs\clean\00001385_017.png,synthetic_pairs\degraded\00001385_017_deg_3_underexposure.png,underexposure,factor=0.63
synthetic_pairs\clean\00001385_018.png,synthetic_pairs\degraded\00001385_018_deg_1_gaussian_noise.png,gaussian_noise,variance=0.0134
synthetic_pairs\clean\00001385_018.png,synthetic_pairs\degraded\00001385_018_deg_2_combined.png,combined,"gaussian_noise+underexposure(variance=0.0388,factor=0.42)"
synthetic_pairs\clean\00001385_018.png,synthetic_pairs\degraded\00001385_018_deg_3_gaussian_blur.png,gaussian_blur,sigma=1.98
synthetic_pairs\clean\00001385_019.png,synthetic_pairs\degraded\00001385_019_deg_1_poisson_noise.png,poisson_noise,scale=26.3
synthetic_pairs\clean\00001385_019.png,synthetic_pairs\degraded\00001385_019_deg_2_gaussian_blur.png,gaussian_blur,sigma=2.85
synthetic_pairs\clean\00001385_019.png,synthetic_pairs\degraded\00001385_019_deg_3_contrast_compression.png,contrast_compression,pct=0.51
synthetic_pairs\clean\00001385_020.png,synthetic_pairs\degraded\00001385_020_deg_1_combined.png,combined,"underexposure+gaussian_noise(factor=0.54,variance=0.0308)"
synthetic_pairs\clean\00001385_020.png,synthetic_pairs\degraded\00001385_020_deg_2_contrast_compression.png,contrast_compression,pct=0.34
synthetic_pairs\clean\00001385_020.png,synthetic_pairs\degraded\00001385_020_deg_3_underexposure.png,underexposure,factor=0.50
synthetic_pairs\clean\00001386_000.png,synthetic_pairs\degraded\00001386_000_deg_1_poisson_noise.png,poisson_noise,scale=24.7
synthetic_pairs\clean\00001386_000.png,synthetic_pairs\degraded\00001386_000_deg_2_underexposure.png,underexposure,factor=0.47
synthetic_pairs\clean\00001386_000.png,synthetic_pairs\degraded\00001386_000_deg_3_poisson_noise.png,poisson_noise,scale=33.4
synthetic_pairs\clean\00001387_000.png,synthetic_pairs\degraded\00001387_000_deg_1_poisson_noise.png,poisson_noise,scale=34.6
synthetic_pairs\clean\00001387_000.png,synthetic_pairs\degraded\00001387_000_deg_2_contrast_compression.png,contrast_compression,pct=0.43
synthetic_pairs\clean\00001387_000.png,synthetic_pairs\degraded\00001387_000_deg_3_poisson_noise.png,poisson_noise,scale=17.2
synthetic_pairs\clean\00001388_000.png,synthetic_pairs\degraded\00001388_000_deg_1_gaussian_noise.png,gaussian_noise,variance=0.0475
synthetic_pairs\clean\00001388_000.png,synthetic_pairs\degraded\00001388_000_deg_2_underexposure.png,underexposure,factor=0.42
synthetic_pairs\clean\00001388_000.png,synthetic_pairs\degraded\00001388_000_deg_3_poisson_noise.png,poisson_noise,scale=25.4
synthetic_pairs\clean\00001389_000.png,synthetic_pairs\degraded\00001389_000_deg_1_gaussian_blur.png,gaussian_blur,sigma=3.37
synthetic_pairs\clean\00001389_000.png,synthetic_pairs\degraded\00001389_000_deg_2_underexposure.png,underexposure,factor=0.61
synthetic_pairs\clean\00001389_000.png,synthetic_pairs\degraded\00001389_000_deg_3_gaussian_blur.png,gaussian_blur,sigma=2.94
synthetic_pairs\clean\00001389_001.png,synthetic_pairs\degraded\00001389_001_deg_1_gaussian_noise.png,gaussian_noise,variance=0.0261
synthetic_pairs\clean\00001389_001.png,synthetic_pairs\degraded\00001389_001_deg_2_poisson_noise.png,poisson_noise,scale=45.9
synthetic_pairs\clean\00001389_001.png,synthetic_pairs\degraded\00001389_001_deg_3_gaussian_noise.png,gaussian_noise,variance=0.0308
synthetic_pairs\clean\00001389_002.png,synthetic_pairs\degraded\00001389_002_deg_1_poisson_noise.png,poisson_noise,scale=37.1
synthetic_pairs\clean\00001389_002.png,synthetic_pairs\degraded\00001389_002_deg_2_gaussian_blur.png,gaussian_blur,sigma=1.13
synthetic_pairs\clean\00001389_002.png,synthetic_pairs\degraded\00001389_002_deg_3_gaussian_noise.png,gaussian_noise,variance=0.0113
synthetic_pairs\clean\00001389_003.png,synthetic_pairs\degraded\00001389_003_deg_1_contrast_compression.png,contrast_compression,pct=0.39
synthetic_pairs\clean\00001389_003.png,synthetic_pairs\degraded\00001389_003_deg_2_gaussian_noise.png,gaussian_noise,variance=0.0493
synthetic_pairs\clean\00001389_003.png,synthetic_pairs\degraded\00001389_003_deg_3_contrast_compression.png,contrast_compression,pct=0.39
synthetic_pairs\clean\00001389_004.png,synthetic_pairs\degraded\00001389_004_deg_1_contrast_compression.png,contrast_compression,pct=0.35
synthetic_pairs\clean\00001389_004.png,synthetic_pairs\degraded\00001389_004_deg_2_poisson_noise.png,poisson_noise,scale=38.7
synthetic_pairs\clean\00001389_004.png,synthetic_pairs\degraded\00001389_004_deg_3_combined.png,combined,"gaussian_noise+poisson_noise(variance=0.0347,scale=22.2)"
synthetic_pairs\clean\00001389_005.png,synthetic_pairs\degraded\00001389_005_deg_1_gaussian_noise.png,gaussian_noise,variance=0.0483
synthetic_pairs\clean\00001389_005.png,synthetic_pairs\degraded\00001389_005_deg_2_contrast_compression.png,contrast_compression,pct=0.47
synthetic_pairs\clean\00001389_005.png,synthetic_pairs\degraded\00001389_005_deg_3_gaussian_noise.png,gaussian_noise,variance=0.0283
synthetic_pairs\clean\00001390_000.png,synthetic_pairs\degraded\00001390_000_deg_1_poisson_noise.png,poisson_noise,scale=18.6
synthetic_pairs\clean\00001390_000.png,synthetic_pairs\degraded\00001390_000_deg_2_gaussian_noise.png,gaussian_noise,variance=0.0133
synthetic_pairs\clean\00001390_000.png,synthetic_pairs\degraded\00001390_000_deg_3_gaussian_blur.png,gaussian_blur,sigma=2.59
synthetic_pairs\clean\00001391_000.png,synthetic_pairs\degraded\00001391_000_deg_1_gaussian_blur.png,gaussian_blur,sigma=3.33
synthetic_pairs\clean\00001391_000.png,synthetic_pairs\degraded\00001391_000_deg_2_gaussian_noise.png,gaussian_noise,variance=0.0192
synthetic_pairs\clean\00001391_000.png,synthetic_pairs\degraded\00001391_000_deg_3_combined.png,combined,"contrast_compression+gaussian_blur(pct=0.59,sigma=3.04)"
synthetic_pairs\clean\00001392_000.png,synthetic_pairs\degraded\00001392_000_deg_1_combined.png,combined,"gaussian_blur+contrast_compression(sigma=3.30,pct=0.50)"
synthetic_pairs\clean\00001392_000.png,synthetic_pairs\degraded\00001392_000_deg_2_contrast_compression.png,contrast_compression,pct=0.38
synthetic_pairs\clean\00001392_000.png,synthetic_pairs\degraded\00001392_000_deg_3_poisson_noise.png,poisson_noise,scale=40.9
synthetic_pairs\clean\00001393_000.png,synthetic_pairs\degraded\00001393_000_deg_1_gaussian_blur.png,gaussian_blur,sigma=3.36
synthetic_pairs\clean\00001393_000.png,synthetic_pairs\degraded\00001393_000_deg_2_underexposure.png,underexposure,factor=0.60
synthetic_pairs\clean\00001393_000.png,synthetic_pairs\degraded\00001393_000_deg_3_poisson_noise.png,poisson_noise,scale=25.5
synthetic_pairs\clean\00001394_000.png,synthetic_pairs\degraded\00001394_000_deg_1_gaussian_blur.png,gaussian_blur,sigma=2.34
synthetic_pairs\clean\00001394_000.png,synthetic_pairs\degraded\00001394_000_deg_2_underexposure.png,underexposure,factor=0.64
synthetic_pairs\clean\00001394_000.png,synthetic_pairs\degraded\00001394_000_deg_3_combined.png,combined,"gaussian_blur+poisson_noise(sigma=1.00,scale=36.6)"
synthetic_pairs\clean\00001394_001.png,synthetic_pairs\degraded\00001394_001_deg_1_contrast_compression.png,contrast_compression,pct=0.54
synthetic_pairs\clean\00001394_001.png,synthetic_pairs\degraded\00001394_001_deg_2_gaussian_noise.png,gaussian_noise,variance=0.0414
synthetic_pairs\clean\00001394_001.png,synthetic_pairs\degraded\00001394_001_deg_3_poisson_noise.png,poisson_noise,scale=46.5
synthetic_pairs\clean\00001395_000.png,synthetic_pairs\degraded\00001395_000_deg_1_contrast_compression.png,contrast_compression,pct=0.42
synthetic_pairs\clean\00001395_000.png,synthetic_pairs\degraded\00001395_000_deg_2_gaussian_blur.png,gaussian_blur,sigma=2.16
synthetic_pairs\clean\00001395_000.png,synthetic_pairs\degraded\00001395_000_deg_3_combined.png,combined,"contrast_compression+gaussian_noise(pct=0.33,variance=0.0353)"
synthetic_pairs\clean\00001395_001.png,synthetic_pairs\degraded\00001395_001_deg_1_gaussian_noise.png,gaussian_noise,variance=0.0114
synthetic_pairs\clean\00001395_001.png,synthetic_pairs\degraded\00001395_001_deg_2_gaussian_blur.png,gaussian_blur,sigma=2.46
synthetic_pairs\clean\00001395_001.png,synthetic_pairs\degraded\00001395_001_deg_3_combined.png,combined,"poisson_noise+contrast_compression(scale=11.7,pct=0.35)"
synthetic_pairs\clean\00001395_002.png,synthetic_pairs\degraded\00001395_002_deg_1_contrast_compression.png,contrast_compression,pct=0.50
synthetic_pairs\clean\00001395_002.png,synthetic_pairs\degraded\00001395_002_deg_2_underexposure.png,underexposure,factor=0.67
synthetic_pairs\clean\00001395_002.png,synthetic_pairs\degraded\00001395_002_deg_3_combined.png,combined,"underexposure+gaussian_blur(factor=0.41,sigma=2.34)"
synthetic_pairs\clean\00001395_003.png,synthetic_pairs\degraded\00001395_003_deg_1_poisson_noise.png,poisson_noise,scale=15.1
synthetic_pairs\clean\00001395_003.png,synthetic_pairs\degraded\00001395_003_deg_2_gaussian_noise.png,gaussian_noise,variance=0.0137
synthetic_pairs\clean\00001395_003.png,synthetic_pairs\degraded\00001395_003_deg_3_contrast_compression.png,contrast_compression,pct=0.58
synthetic_pairs\clean\00001395_004.png,synthetic_pairs\degraded\00001395_004_deg_1_gaussian_blur.png,gaussian_blur,sigma=1.35
synthetic_pairs\clean\00001395_004.png,synthetic_pairs\degraded\00001395_004_deg_2_poisson_noise.png,poisson_noise,scale=22.6
synthetic_pairs\clean\00001395_004.png,synthetic_pairs\degraded\00001395_004_deg_3_underexposure.png,underexposure,factor=0.65
synthetic_pairs\clean\00001395_005.png,synthetic_pairs\degraded\00001395_005_deg_1_contrast_compression.png,contrast_compression,pct=0.45
synthetic_pairs\clean\00001395_005.png,synthetic_pairs\degraded\00001395_005_deg_2_gaussian_noise.png,gaussian_noise,variance=0.0492
synthetic_pairs\clean\00001395_005.png,synthetic_pairs\degraded\00001395_005_deg_3_gaussian_blur.png,gaussian_blur,sigma=2.75
synthetic_pairs\clean\00001395_006.png,synthetic_pairs\degraded\00001395_006_deg_1_combined.png,combined,"gaussian_noise+gaussian_blur(variance=0.0435,sigma=1.21)"
synthetic_pairs\clean\00001395_006.png,synthetic_pairs\degraded\00001395_006_deg_2_contrast_compression.png,contrast_compression,pct=0.40
synthetic_pairs\clean\00001395_006.png,synthetic_pairs\degraded\00001395_006_deg_3_poisson_noise.png,poisson_noise,scale=28.3
synthetic_pairs\clean\00001395_007.png,synthetic_pairs\degraded\00001395_007_deg_1_contrast_compression.png,contrast_compression,pct=0.35
synthetic_pairs\clean\00001395_007.png,synthetic_pairs\degraded\00001395_007_deg_2_combined.png,combined,"gaussian_noise+poisson_noise(variance=0.0385,scale=42.3)"
synthetic_pairs\clean\00001395_007.png,synthetic_pairs\degraded\00001395_007_deg_3_contrast_compression.png,contrast_compression,pct=0.57
synthetic_pairs\clean\00001395_008.png,synthetic_pairs\degraded\00001395_008_deg_1_underexposure.png,underexposure,factor=0.31
synthetic_pairs\clean\00001395_008.png,synthetic_pairs\degraded\00001395_008_deg_2_poisson_noise.png,poisson_noise,scale=21.4
synthetic_pairs\clean\00001395_008.png,synthetic_pairs\degraded\00001395_008_deg_3_contrast_compression.png,contrast_compression,pct=0.40
synthetic_pairs\clean\00001395_009.png,synthetic_pairs\degraded\00001395_009_deg_1_contrast_compression.png,contrast_compression,pct=0.49
synthetic_pairs\clean\00001395_009.png,synthetic_pairs\degraded\00001395_009_deg_2_gaussian_blur.png,gaussian_blur,sigma=3.29
synthetic_pairs\clean\00001395_009.png,synthetic_pairs\degraded\00001395_009_deg_3_gaussian_noise.png,gaussian_noise,variance=0.0360
synthetic_pairs\clean\00001395_010.png,synthetic_pairs\degraded\00001395_010_deg_1_combined.png,combined,"contrast_compression+underexposure(pct=0.47,factor=0.38)"
synthetic_pairs\clean\00001395_010.png,synthetic_pairs\degraded\00001395_010_deg_2_contrast_compression.png,contrast_compression,pct=0.41
synthetic_pairs\clean\00001395_010.png,synthetic_pairs\degraded\00001395_010_deg_3_poisson_noise.png,poisson_noise,scale=35.1
synthetic_pairs\clean\00001395_011.png,synthetic_pairs\degraded\00001395_011_deg_1_underexposure.png,underexposure,factor=0.44
synthetic_pairs\clean\00001395_011.png,synthetic_pairs\degraded\00001395_011_deg_2_gaussian_blur.png,gaussian_blur,sigma=2.43
synthetic_pairs\clean\00001395_011.png,synthetic_pairs\degraded\00001395_011_deg_3_gaussian_noise.png,gaussian_noise,variance=0.0316
synthetic_pairs\clean\00001395_012.png,synthetic_pairs\degraded\00001395_012_deg_1_combined.png,combined,"underexposure+gaussian_blur(factor=0.48,sigma=1.71)"
synthetic_pairs\clean\00001395_012.png,synthetic_pairs\degraded\00001395_012_deg_2_gaussian_noise.png,gaussian_noise,variance=0.0292
synthetic_pairs\clean\00001395_012.png,synthetic_pairs\degraded\00001395_012_deg_3_gaussian_blur.png,gaussian_blur,sigma=2.64
synthetic_pairs\clean\00001395_013.png,synthetic_pairs\degraded\00001395_013_deg_1_gaussian_noise.png,gaussian_noise,variance=0.0357
synthetic_pairs\clean\00001395_013.png,synthetic_pairs\degraded\00001395_013_deg_2_underexposure.png,underexposure,factor=0.64
synthetic_pairs\clean\00001395_013.png,synthetic_pairs\degraded\00001395_013_deg_3_contrast_compression.png,contrast_compression,pct=0.39
synthetic_pairs\clean\00001395_014.png,synthetic_pairs\degraded\00001395_014_deg_1_poisson_noise.png,poisson_noise,scale=43.0
synthetic_pairs\clean\00001395_014.png,synthetic_pairs\degraded\00001395_014_deg_2_contrast_compression.png,contrast_compression,pct=0.32
synthetic_pairs\clean\00001395_014.png,synthetic_pairs\degraded\00001395_014_deg_3_gaussian_blur.png,gaussian_blur,sigma=0.86
synthetic_pairs\clean\00001396_000.png,synthetic_pairs\degraded\00001396_000_deg_1_combined.png,combined,"gaussian_noise+underexposure(variance=0.0165,factor=0.44)"
synthetic_pairs\clean\00001396_000.png,synthetic_pairs\degraded\00001396_000_deg_2_underexposure.png,underexposure,factor=0.63
synthetic_pairs\clean\00001396_000.png,synthetic_pairs\degraded\00001396_000_deg_3_poisson_noise.png,poisson_noise,scale=44.5
synthetic_pairs\clean\00001397_000.png,synthetic_pairs\degraded\00001397_000_deg_1_gaussian_noise.png,gaussian_noise,variance=0.0387
synthetic_pairs\clean\00001397_000.png,synthetic_pairs\degraded\00001397_000_deg_2_gaussian_blur.png,gaussian_blur,sigma=2.80
synthetic_pairs\clean\00001397_000.png,synthetic_pairs\degraded\00001397_000_deg_3_poisson_noise.png,poisson_noise,scale=45.8
synthetic_pairs\clean\00001397_001.png,synthetic_pairs\degraded\00001397_001_deg_1_gaussian_blur.png,gaussian_blur,sigma=2.67
synthetic_pairs\clean\00001397_001.png,synthetic_pairs\degraded\00001397_001_deg_2_poisson_noise.png,poisson_noise,scale=15.0
synthetic_pairs\clean\00001397_001.png,synthetic_pairs\degraded\00001397_001_deg_3_contrast_compression.png,contrast_compression,pct=0.36
synthetic_pairs\clean\00001397_002.png,synthetic_pairs\degraded\00001397_002_deg_1_poisson_noise.png,poisson_noise,scale=17.0
synthetic_pairs\clean\00001397_002.png,synthetic_pairs\degraded\00001397_002_deg_2_underexposure.png,underexposure,factor=0.39
synthetic_pairs\clean\00001397_002.png,synthetic_pairs\degraded\00001397_002_deg_3_contrast_compression.png,contrast_compression,pct=0.41
synthetic_pairs\clean\00001397_003.png,synthetic_pairs\degraded\00001397_003_deg_1_underexposure.png,underexposure,factor=0.44
synthetic_pairs\clean\00001397_003.png,synthetic_pairs\degraded\00001397_003_deg_2_contrast_compression.png,contrast_compression,pct=0.47
synthetic_pairs\clean\00001397_003.png,synthetic_pairs\degraded\00001397_003_deg_3_combined.png,combined,"underexposure+poisson_noise(factor=0.57,scale=41.7)"
synthetic_pairs\clean\00001397_004.png,synthetic_pairs\degraded\00001397_004_deg_1_gaussian_blur.png,gaussian_blur,sigma=2.14
synthetic_pairs\clean\00001397_004.png,synthetic_pairs\degraded\00001397_004_deg_2_gaussian_noise.png,gaussian_noise,variance=0.0081
synthetic_pairs\clean\00001397_004.png,synthetic_pairs\degraded\00001397_004_deg_3_combined.png,combined,"contrast_compression+gaussian_noise(pct=0.37,variance=0.0286)"
synthetic_pairs\clean\00001397_005.png,synthetic_pairs\degraded\00001397_005_deg_1_contrast_compression.png,contrast_compression,pct=0.52
synthetic_pairs\clean\00001397_005.png,synthetic_pairs\degraded\00001397_005_deg_2_gaussian_blur.png,gaussian_blur,sigma=1.91
synthetic_pairs\clean\00001397_005.png,synthetic_pairs\degraded\00001397_005_deg_3_contrast_compression.png,contrast_compression,pct=0.54
synthetic_pairs\clean\00001397_006.png,synthetic_pairs\degraded\00001397_006_deg_1_poisson_noise.png,poisson_noise,scale=32.3
synthetic_pairs\clean\00001397_006.png,synthetic_pairs\degraded\00001397_006_deg_2_gaussian_blur.png,gaussian_blur,sigma=2.68
synthetic_pairs\clean\00001397_006.png,synthetic_pairs\degraded\00001397_006_deg_3_contrast_compression.png,contrast_compression,pct=0.56
synthetic_pairs\clean\00001397_007.png,synthetic_pairs\degraded\00001397_007_deg_1_gaussian_noise.png,gaussian_noise,variance=0.0419
synthetic_pairs\clean\00001397_007.png,synthetic_pairs\degraded\00001397_007_deg_2_combined.png,combined,"gaussian_blur+underexposure(sigma=1.73,factor=0.55)"
synthetic_pairs\clean\00001397_007.png,synthetic_pairs\degraded\00001397_007_deg_3_contrast_compression.png,contrast_compression,pct=0.56
synthetic_pairs\clean\00001397_008.png,synthetic_pairs\degraded\00001397_008_deg_1_combined.png,combined,"underexposure+poisson_noise(factor=0.43,scale=28.0)"
synthetic_pairs\clean\00001397_008.png,synthetic_pairs\degraded\00001397_008_deg_2_contrast_compression.png,contrast_compression,pct=0.50
synthetic_pairs\clean\00001397_008.png,synthetic_pairs\degraded\00001397_008_deg_3_poisson_noise.png,poisson_noise,scale=22.9
synthetic_pairs\clean\00001397_009.png,synthetic_pairs\degraded\00001397_009_deg_1_underexposure.png,underexposure,factor=0.32
synthetic_pairs\clean\00001397_009.png,synthetic_pairs\degraded\00001397_009_deg_2_gaussian_noise.png,gaussian_noise,variance=0.0252
synthetic_pairs\clean\00001397_009.png,synthetic_pairs\degraded\00001397_009_deg_3_poisson_noise.png,poisson_noise,scale=49.8
synthetic_pairs\clean\00001397_010.png,synthetic_pairs\degraded\00001397_010_deg_1_underexposure.png,underexposure,factor=0.59
synthetic_pairs\clean\00001397_010.png,synthetic_pairs\degraded\00001397_010_deg_2_gaussian_blur.png,gaussian_blur,sigma=0.89
synthetic_pairs\clean\00001397_010.png,synthetic_pairs\degraded\00001397_010_deg_3_gaussian_noise.png,gaussian_noise,variance=0.0379
synthetic_pairs\clean\00001397_011.png,synthetic_pairs\degraded\00001397_011_deg_1_poisson_noise.png,poisson_noise,scale=32.4
synthetic_pairs\clean\00001397_011.png,synthetic_pairs\degraded\00001397_011_deg_2_combined.png,combined,"gaussian_blur+gaussian_noise(sigma=1.79,variance=0.0154)"
synthetic_pairs\clean\00001397_011.png,synthetic_pairs\degraded\00001397_011_deg_3_poisson_noise.png,poisson_noise,scale=41.0
synthetic_pairs\clean\00001397_012.png,synthetic_pairs\degraded\00001397_012_deg_1_underexposure.png,underexposure,factor=0.69
synthetic_pairs\clean\00001397_012.png,synthetic_pairs\degraded\00001397_012_deg_2_combined.png,combined,"contrast_compression+poisson_noise(pct=0.31,scale=46.9)"
synthetic_pairs\clean\00001397_012.png,synthetic_pairs\degraded\00001397_012_deg_3_underexposure.png,underexposure,factor=0.59
synthetic_pairs\clean\00001397_013.png,synthetic_pairs\degraded\00001397_013_deg_1_poisson_noise.png,poisson_noise,scale=33.7
synthetic_pairs\clean\00001397_013.png,synthetic_pairs\degraded\00001397_013_deg_2_contrast_compression.png,contrast_compression,pct=0.49
synthetic_pairs\clean\00001397_013.png,synthetic_pairs\degraded\00001397_013_deg_3_poisson_noise.png,poisson_noise,scale=22.1
synthetic_pairs\clean\00001398_000.png,synthetic_pairs\degraded\00001398_000_deg_1_combined.png,combined,"underexposure+gaussian_noise(factor=0.65,variance=0.0419)"
synthetic_pairs\clean\00001398_000.png,synthetic_pairs\degraded\00001398_000_deg_2_poisson_noise.png,poisson_noise,scale=28.8
synthetic_pairs\clean\00001398_000.png,synthetic_pairs\degraded\00001398_000_deg_3_contrast_compression.png,contrast_compression,pct=0.40
synthetic_pairs\clean\00001398_001.png,synthetic_pairs\degraded\00001398_001_deg_1_gaussian_blur.png,gaussian_blur,sigma=2.12
synthetic_pairs\clean\00001398_001.png,synthetic_pairs\degraded\00001398_001_deg_2_poisson_noise.png,poisson_noise,scale=35.9
synthetic_pairs\clean\00001398_001.png,synthetic_pairs\degraded\00001398_001_deg_3_underexposure.png,underexposure,factor=0.63
synthetic_pairs\clean\00001398_002.png,synthetic_pairs\degraded\00001398_002_deg_1_contrast_compression.png,contrast_compression,pct=0.31
synthetic_pairs\clean\00001398_002.png,synthetic_pairs\degraded\00001398_002_deg_2_poisson_noise.png,poisson_noise,scale=41.8
synthetic_pairs\clean\00001398_002.png,synthetic_pairs\degraded\00001398_002_deg_3_gaussian_noise.png,gaussian_noise,variance=0.0287
synthetic_pairs\clean\00001398_003.png,synthetic_pairs\degraded\00001398_003_deg_1_underexposure.png,underexposure,factor=0.50
synthetic_pairs\clean\00001398_003.png,synthetic_pairs\degraded\00001398_003_deg_2_gaussian_blur.png,gaussian_blur,sigma=1.43
synthetic_pairs\clean\00001398_003.png,synthetic_pairs\degraded\00001398_003_deg_3_gaussian_noise.png,gaussian_noise,variance=0.0314
synthetic_pairs\clean\00001398_004.png,synthetic_pairs\degraded\00001398_004_deg_1_gaussian_noise.png,gaussian_noise,variance=0.0313
synthetic_pairs\clean\00001398_004.png,synthetic_pairs\degraded\00001398_004_deg_2_combined.png,combined,"underexposure+gaussian_blur(factor=0.56,sigma=2.48)"
synthetic_pairs\clean\00001398_004.png,synthetic_pairs\degraded\00001398_004_deg_3_underexposure.png,underexposure,factor=0.70
synthetic_pairs\clean\00001399_000.png,synthetic_pairs\degraded\00001399_000_deg_1_gaussian_noise.png,gaussian_noise,variance=0.0378
synthetic_pairs\clean\00001399_000.png,synthetic_pairs\degraded\00001399_000_deg_2_combined.png,combined,"underexposure+gaussian_noise(factor=0.50,variance=0.0057)"
synthetic_pairs\clean\00001399_000.png,synthetic_pairs\degraded\00001399_000_deg_3_poisson_noise.png,poisson_noise,scale=49.5
synthetic_pairs\clean\00001400_000.png,synthetic_pairs\degraded\00001400_000_deg_1_combined.png,combined,"gaussian_blur+underexposure(sigma=1.76,factor=0.54)"
synthetic_pairs\clean\00001400_000.png,synthetic_pairs\degraded\00001400_000_deg_2_gaussian_blur.png,gaussian_blur,sigma=3.46
synthetic_pairs\clean\00001400_000.png,synthetic_pairs\degraded\00001400_000_deg_3_gaussian_noise.png,gaussian_noise,variance=0.0184
synthetic_pairs\clean\00001401_000.png,synthetic_pairs\degraded\00001401_000_deg_1_gaussian_noise.png,gaussian_noise,variance=0.0397
synthetic_pairs\clean\00001401_000.png,synthetic_pairs\degraded\00001401_000_deg_2_combined.png,combined,"contrast_compression+gaussian_blur(pct=0.31,sigma=1.94)"
synthetic_pairs\clean\00001401_000.png,synthetic_pairs\degraded\00001401_000_deg_3_underexposure.png,underexposure,factor=0.44
synthetic_pairs\clean\00001401_001.png,synthetic_pairs\degraded\00001401_001_deg_1_contrast_compression.png,contrast_compression,pct=0.53
synthetic_pairs\clean\00001401_001.png,synthetic_pairs\degraded\00001401_001_deg_2_combined.png,combined,"contrast_compression+underexposure(pct=0.42,factor=0.34)"
synthetic_pairs\clean\00001401_001.png,synthetic_pairs\degraded\00001401_001_deg_3_gaussian_noise.png,gaussian_noise,variance=0.0281
synthetic_pairs\clean\00001401_002.png,synthetic_pairs\degraded\00001401_002_deg_1_gaussian_blur.png,gaussian_blur,sigma=1.86
synthetic_pairs\clean\00001401_002.png,synthetic_pairs\degraded\00001401_002_deg_2_contrast_compression.png,contrast_compression,pct=0.48
synthetic_pairs\clean\00001401_002.png,synthetic_pairs\degraded\00001401_002_deg_3_poisson_noise.png,poisson_noise,scale=41.5
synthetic_pairs\clean\00001402_000.png,synthetic_pairs\degraded\00001402_000_deg_1_poisson_noise.png,poisson_noise,scale=13.1
synthetic_pairs\clean\00001402_000.png,synthetic_pairs\degraded\00001402_000_deg_2_gaussian_blur.png,gaussian_blur,sigma=1.51
synthetic_pairs\clean\00001402_000.png,synthetic_pairs\degraded\00001402_000_deg_3_gaussian_noise.png,gaussian_noise,variance=0.0425
synthetic_pairs\clean\00001403_000.png,synthetic_pairs\degraded\00001403_000_deg_1_underexposure.png,underexposure,factor=0.67
synthetic_pairs\clean\00001403_000.png,synthetic_pairs\degraded\00001403_000_deg_2_contrast_compression.png,contrast_compression,pct=0.30
synthetic_pairs\clean\00001403_000.png,synthetic_pairs\degraded\00001403_000_deg_3_underexposure.png,underexposure,factor=0.67
synthetic_pairs\clean\00001403_001.png,synthetic_pairs\degraded\00001403_001_deg_1_poisson_noise.png,poisson_noise,scale=36.4
synthetic_pairs\clean\00001403_001.png,synthetic_pairs\degraded\00001403_001_deg_2_contrast_compression.png,contrast_compression,pct=0.50
synthetic_pairs\clean\00001403_001.png,synthetic_pairs\degraded\00001403_001_deg_3_underexposure.png,underexposure,factor=0.56
synthetic_pairs\clean\00001403_002.png,synthetic_pairs\degraded\00001403_002_deg_1_underexposure.png,underexposure,factor=0.57
synthetic_pairs\clean\00001403_002.png,synthetic_pairs\degraded\00001403_002_deg_2_gaussian_blur.png,gaussian_blur,sigma=2.24
synthetic_pairs\clean\00001403_002.png,synthetic_pairs\degraded\00001403_002_deg_3_underexposure.png,underexposure,factor=0.56
synthetic_pairs\clean\00001403_003.png,synthetic_pairs\degraded\00001403_003_deg_1_gaussian_noise.png,gaussian_noise,variance=0.0468
synthetic_pairs\clean\00001403_003.png,synthetic_pairs\degraded\00001403_003_deg_2_contrast_compression.png,contrast_compression,pct=0.40
synthetic_pairs\clean\00001403_003.png,synthetic_pairs\degraded\00001403_003_deg_3_underexposure.png,underexposure,factor=0.62
synthetic_pairs\clean\00001404_000.png,synthetic_pairs\degraded\00001404_000_deg_1_contrast_compression.png,contrast_compression,pct=0.31
synthetic_pairs\clean\00001404_000.png,synthetic_pairs\degraded\00001404_000_deg_2_underexposure.png,underexposure,factor=0.31
synthetic_pairs\clean\00001404_000.png,synthetic_pairs\degraded\00001404_000_deg_3_poisson_noise.png,poisson_noise,scale=32.1
synthetic_pairs\clean\00001404_001.png,synthetic_pairs\degraded\00001404_001_deg_1_poisson_noise.png,poisson_noise,scale=45.7
synthetic_pairs\clean\00001404_001.png,synthetic_pairs\degraded\00001404_001_deg_2_contrast_compression.png,contrast_compression,pct=0.42
synthetic_pairs\clean\00001404_001.png,synthetic_pairs\degraded\00001404_001_deg_3_gaussian_noise.png,gaussian_noise,variance=0.0151
synthetic_pairs\clean\00001404_002.png,synthetic_pairs\degraded\00001404_002_deg_1_contrast_compression.png,contrast_compression,pct=0.49
synthetic_pairs\clean\00001404_002.png,synthetic_pairs\degraded\00001404_002_deg_2_poisson_noise.png,poisson_noise,scale=34.5
synthetic_pairs\clean\00001404_002.png,synthetic_pairs\degraded\00001404_002_deg_3_gaussian_noise.png,gaussian_noise,variance=0.0105
synthetic_pairs\clean\00001404_003.png,synthetic_pairs\degraded\00001404_003_deg_1_gaussian_blur.png,gaussian_blur,sigma=2.27
synthetic_pairs\clean\00001404_003.png,synthetic_pairs\degraded\00001404_003_deg_2_combined.png,combined,"underexposure+poisson_noise(factor=0.64,scale=20.8)"
synthetic_pairs\clean\00001404_003.png,synthetic_pairs\degraded\00001404_003_deg_3_poisson_noise.png,poisson_noise,scale=38.8
synthetic_pairs\clean\00001404_004.png,synthetic_pairs\degraded\00001404_004_deg_1_combined.png,combined,"contrast_compression+underexposure(pct=0.47,factor=0.65)"
synthetic_pairs\clean\00001404_004.png,synthetic_pairs\degraded\00001404_004_deg_2_gaussian_noise.png,gaussian_noise,variance=0.0369
synthetic_pairs\clean\00001404_004.png,synthetic_pairs\degraded\00001404_004_deg_3_gaussian_blur.png,gaussian_blur,sigma=0.98
synthetic_pairs\clean\00001404_005.png,synthetic_pairs\degraded\00001404_005_deg_1_gaussian_blur.png,gaussian_blur,sigma=3.35
synthetic_pairs\clean\00001404_005.png,synthetic_pairs\degraded\00001404_005_deg_2_contrast_compression.png,contrast_compression,pct=0.55
synthetic_pairs\clean\00001404_005.png,synthetic_pairs\degraded\00001404_005_deg_3_underexposure.png,underexposure,factor=0.52
synthetic_pairs\clean\00001404_006.png,synthetic_pairs\degraded\00001404_006_deg_1_combined.png,combined,"gaussian_noise+gaussian_blur(variance=0.0430,sigma=1.53)"
synthetic_pairs\clean\00001404_006.png,synthetic_pairs\degraded\00001404_006_deg_2_underexposure.png,underexposure,factor=0.32
synthetic_pairs\clean\00001404_006.png,synthetic_pairs\degraded\00001404_006_deg_3_gaussian_noise.png,gaussian_noise,variance=0.0385
synthetic_pairs\clean\00001404_007.png,synthetic_pairs\degraded\00001404_007_deg_1_combined.png,combined,"gaussian_noise+contrast_compression(variance=0.0311,pct=0.46)"
synthetic_pairs\clean\00001404_007.png,synthetic_pairs\degraded\00001404_007_deg_2_gaussian_blur.png,gaussian_blur,sigma=3.31
synthetic_pairs\clean\00001404_007.png,synthetic_pairs\degraded\00001404_007_deg_3_combined.png,combined,"gaussian_blur+poisson_noise(sigma=1.27,scale=34.4)"
synthetic_pairs\clean\00001404_008.png,synthetic_pairs\degraded\00001404_008_deg_1_gaussian_blur.png,gaussian_blur,sigma=3.19
synthetic_pairs\clean\00001404_008.png,synthetic_pairs\degraded\00001404_008_deg_2_gaussian_noise.png,gaussian_noise,variance=0.0269
synthetic_pairs\clean\00001404_008.png,synthetic_pairs\degraded\00001404_008_deg_3_poisson_noise.png,poisson_noise,scale=44.3
synthetic_pairs\clean\00001405_000.png,synthetic_pairs\degraded\00001405_000_deg_1_underexposure.png,underexposure,factor=0.54
synthetic_pairs\clean\00001405_000.png,synthetic_pairs\degraded\00001405_000_deg_2_combined.png,combined,"poisson_noise+contrast_compression(scale=47.8,pct=0.41)"
synthetic_pairs\clean\00001405_000.png,synthetic_pairs\degraded\00001405_000_deg_3_gaussian_noise.png,gaussian_noise,variance=0.0137
synthetic_pairs\clean\00001406_000.png,synthetic_pairs\degraded\00001406_000_deg_1_gaussian_noise.png,gaussian_noise,variance=0.0248
synthetic_pairs\clean\00001406_000.png,synthetic_pairs\degraded\00001406_000_deg_2_underexposure.png,underexposure,factor=0.47
synthetic_pairs\clean\00001406_000.png,synthetic_pairs\degraded\00001406_000_deg_3_gaussian_blur.png,gaussian_blur,sigma=2.44
synthetic_pairs\clean\00001406_001.png,synthetic_pairs\degraded\00001406_001_deg_1_combined.png,combined,"poisson_noise+underexposure(scale=38.6,factor=0.48)"
synthetic_pairs\clean\00001406_001.png,synthetic_pairs\degraded\00001406_001_deg_2_gaussian_blur.png,gaussian_blur,sigma=2.06
synthetic_pairs\clean\00001406_001.png,synthetic_pairs\degraded\00001406_001_deg_3_gaussian_noise.png,gaussian_noise,variance=0.0264
synthetic_pairs\clean\00001407_000.png,synthetic_pairs\degraded\00001407_000_deg_1_contrast_compression.png,contrast_compression,pct=0.40
synthetic_pairs\clean\00001407_000.png,synthetic_pairs\degraded\00001407_000_deg_2_gaussian_blur.png,gaussian_blur,sigma=2.11
synthetic_pairs\clean\00001407_000.png,synthetic_pairs\degraded\00001407_000_deg_3_gaussian_noise.png,gaussian_noise,variance=0.0312
synthetic_pairs\clean\00001408_000.png,synthetic_pairs\degraded\00001408_000_deg_1_poisson_noise.png,poisson_noise,scale=40.8
synthetic_pairs\clean\00001408_000.png,synthetic_pairs\degraded\00001408_000_deg_2_gaussian_noise.png,gaussian_noise,variance=0.0453
synthetic_pairs\clean\00001408_000.png,synthetic_pairs\degraded\00001408_000_deg_3_combined.png,combined,"gaussian_blur+contrast_compression(sigma=1.86,pct=0.39)"
synthetic_pairs\clean\00001409_000.png,synthetic_pairs\degraded\00001409_000_deg_1_poisson_noise.png,poisson_noise,scale=26.2
synthetic_pairs\clean\00001409_000.png,synthetic_pairs\degraded\00001409_000_deg_2_contrast_compression.png,contrast_compression,pct=0.50
synthetic_pairs\clean\00001409_000.png,synthetic_pairs\degraded\00001409_000_deg_3_gaussian_noise.png,gaussian_noise,variance=0.0060
synthetic_pairs\clean\00001409_001.png,synthetic_pairs\degraded\00001409_001_deg_1_gaussian_noise.png,gaussian_noise,variance=0.0422
synthetic_pairs\clean\00001409_001.png,synthetic_pairs\degraded\00001409_001_deg_2_poisson_noise.png,poisson_noise,scale=31.3
synthetic_pairs\clean\00001409_001.png,synthetic_pairs\degraded\00001409_001_deg_3_combined.png,combined,"contrast_compression+poisson_noise(pct=0.47,scale=18.6)"
synthetic_pairs\clean\00001409_002.png,synthetic_pairs\degraded\00001409_002_deg_1_poisson_noise.png,poisson_noise,scale=48.4
synthetic_pairs\clean\00001409_002.png,synthetic_pairs\degraded\00001409_002_deg_2_underexposure.png,underexposure,factor=0.38
synthetic_pairs\clean\00001409_002.png,synthetic_pairs\degraded\00001409_002_deg_3_gaussian_blur.png,gaussian_blur,sigma=1.79
synthetic_pairs\clean\00003923_014.png,synthetic_pairs\degraded\00003923_014_deg_1_gaussian_noise.png,gaussian_noise,variance=0.0396
synthetic_pairs\clean\00003923_014.png,synthetic_pairs\degraded\00003923_014_deg_2_combined.png,combined,"contrast_compression+gaussian_blur(pct=0.32,sigma=3.01)"
synthetic_pairs\clean\00003923_014.png,synthetic_pairs\degraded\00003923_014_deg_3_gaussian_blur.png,gaussian_blur,sigma=2.88
synthetic_pairs\clean\00003923_015.png,synthetic_pairs\degraded\00003923_015_deg_1_underexposure.png,underexposure,factor=0.66
synthetic_pairs\clean\00003923_015.png,synthetic_pairs\degraded\00003923_015_deg_2_contrast_compression.png,contrast_compression,pct=0.31
synthetic_pairs\clean\00003923_015.png,synthetic_pairs\degraded\00003923_015_deg_3_gaussian_blur.png,gaussian_blur,sigma=2.06
synthetic_pairs\clean\00003923_016.png,synthetic_pairs\degraded\00003923_016_deg_1_contrast_compression.png,contrast_compression,pct=0.41
synthetic_pairs\clean\00003923_016.png,synthetic_pairs\degraded\00003923_016_deg_2_gaussian_noise.png,gaussian_noise,variance=0.0192
synthetic_pairs\clean\00003923_016.png,synthetic_pairs\degraded\00003923_016_deg_3_underexposure.png,underexposure,factor=0.43
synthetic_pairs\clean\00003923_017.png,synthetic_pairs\degraded\00003923_017_deg_1_underexposure.png,underexposure,factor=0.51
synthetic_pairs\clean\00003923_017.png,synthetic_pairs\degraded\00003923_017_deg_2_combined.png,combined,"contrast_compression+gaussian_noise(pct=0.53,variance=0.0415)"
synthetic_pairs\clean\00003923_017.png,synthetic_pairs\degraded\00003923_017_deg_3_poisson_noise.png,poisson_noise,scale=31.9
synthetic_pairs\clean\00003923_018.png,synthetic_pairs\degraded\00003923_018_deg_1_gaussian_noise.png,gaussian_noise,variance=0.0373
synthetic_pairs\clean\00003923_018.png,synthetic_pairs\degraded\00003923_018_deg_2_contrast_compression.png,contrast_compression,pct=0.40
synthetic_pairs\clean\00003923_018.png,synthetic_pairs\degraded\00003923_018_deg_3_poisson_noise.png,poisson_noise,scale=13.3
synthetic_pairs\clean\00003923_019.png,synthetic_pairs\degraded\00003923_019_deg_1_gaussian_blur.png,gaussian_blur,sigma=2.86
synthetic_pairs\clean\00003923_019.png,synthetic_pairs\degraded\00003923_019_deg_2_underexposure.png,underexposure,factor=0.61
synthetic_pairs\clean\00003923_019.png,synthetic_pairs\degraded\00003923_019_deg_3_gaussian_noise.png,gaussian_noise,variance=0.0327
synthetic_pairs\clean\00003924_000.png,synthetic_pairs\degraded\00003924_000_deg_1_combined.png,combined,"poisson_noise+gaussian_blur(scale=31.2,sigma=1.77)"
synthetic_pairs\clean\00003924_000.png,synthetic_pairs\degraded\00003924_000_deg_2_underexposure.png,underexposure,factor=0.33
synthetic_pairs\clean\00003924_000.png,synthetic_pairs\degraded\00003924_000_deg_3_poisson_noise.png,poisson_noise,scale=22.8
synthetic_pairs\clean\00003924_001.png,synthetic_pairs\degraded\00003924_001_deg_1_gaussian_noise.png,gaussian_noise,variance=0.0067
synthetic_pairs\clean\00003924_001.png,synthetic_pairs\degraded\00003924_001_deg_2_underexposure.png,underexposure,factor=0.54
synthetic_pairs\clean\00003924_001.png,synthetic_pairs\degraded\00003924_001_deg_3_poisson_noise.png,poisson_noise,scale=49.4
synthetic_pairs\clean\00003925_000.png,synthetic_pairs\degraded\00003925_000_deg_1_contrast_compression.png,contrast_compression,pct=0.56
synthetic_pairs\clean\00003925_000.png,synthetic_pairs\degraded\00003925_000_deg_2_underexposure.png,underexposure,factor=0.58
synthetic_pairs\clean\00003925_000.png,synthetic_pairs\degraded\00003925_000_deg_3_gaussian_blur.png,gaussian_blur,sigma=2.55
synthetic_pairs\clean\00003926_000.png,synthetic_pairs\degraded\00003926_000_deg_1_poisson_noise.png,poisson_noise,scale=13.0
synthetic_pairs\clean\00003926_000.png,synthetic_pairs\degraded\00003926_000_deg_2_underexposure.png,underexposure,factor=0.44
synthetic_pairs\clean\00003926_000.png,synthetic_pairs\degraded\00003926_000_deg_3_gaussian_blur.png,gaussian_blur,sigma=1.92
synthetic_pairs\clean\00003927_000.png,synthetic_pairs\degraded\00003927_000_deg_1_combined.png,combined,"contrast_compression+underexposure(pct=0.53,factor=0.40)"
synthetic_pairs\clean\00003927_000.png,synthetic_pairs\degraded\00003927_000_deg_2_poisson_noise.png,poisson_noise,scale=27.9
synthetic_pairs\clean\00003927_000.png,synthetic_pairs\degraded\00003927_000_deg_3_gaussian_noise.png,gaussian_noise,variance=0.0273
synthetic_pairs\clean\00003928_000.png,synthetic_pairs\degraded\00003928_000_deg_1_combined.png,combined,"contrast_compression+poisson_noise(pct=0.44,scale=48.2)"
synthetic_pairs\clean\00003928_000.png,synthetic_pairs\degraded\00003928_000_deg_2_underexposure.png,underexposure,factor=0.44
synthetic_pairs\clean\00003928_000.png,synthetic_pairs\degraded\00003928_000_deg_3_contrast_compression.png,contrast_compression,pct=0.52
synthetic_pairs\clean\00003929_000.png,synthetic_pairs\degraded\00003929_000_deg_1_contrast_compression.png,contrast_compression,pct=0.54
synthetic_pairs\clean\00003929_000.png,synthetic_pairs\degraded\00003929_000_deg_2_poisson_noise.png,poisson_noise,scale=40.8
synthetic_pairs\clean\00003929_000.png,synthetic_pairs\degraded\00003929_000_deg_3_combined.png,combined,"gaussian_noise+poisson_noise(variance=0.0125,scale=20.5)"
synthetic_pairs\clean\00003930_000.png,synthetic_pairs\degraded\00003930_000_deg_1_gaussian_blur.png,gaussian_blur,sigma=2.30
synthetic_pairs\clean\00003930_000.png,synthetic_pairs\degraded\00003930_000_deg_2_gaussian_noise.png,gaussian_noise,variance=0.0351
synthetic_pairs\clean\00003930_000.png,synthetic_pairs\degraded\00003930_000_deg_3_combined.png,combined,"contrast_compression+underexposure(pct=0.49,factor=0.53)"
synthetic_pairs\clean\00003931_000.png,synthetic_pairs\degraded\00003931_000_deg_1_combined.png,combined,"poisson_noise+gaussian_noise(scale=38.3,variance=0.0343)"
synthetic_pairs\clean\00003931_000.png,synthetic_pairs\degraded\00003931_000_deg_2_gaussian_noise.png,gaussian_noise,variance=0.0429
synthetic_pairs\clean\00003931_000.png,synthetic_pairs\degraded\00003931_000_deg_3_combined.png,combined,"gaussian_blur+poisson_noise(sigma=1.56,scale=37.2)"
synthetic_pairs\clean\00003932_000.png,synthetic_pairs\degraded\00003932_000_deg_1_combined.png,combined,"poisson_noise+contrast_compression(scale=27.6,pct=0.56)"
synthetic_pairs\clean\00003932_000.png,synthetic_pairs\degraded\00003932_000_deg_2_poisson_noise.png,poisson_noise,scale=27.4
synthetic_pairs\clean\00003932_000.png,synthetic_pairs\degraded\00003932_000_deg_3_underexposure.png,underexposure,factor=0.53
synthetic_pairs\clean\00003932_001.png,synthetic_pairs\degraded\00003932_001_deg_1_poisson_noise.png,poisson_noise,scale=12.4
synthetic_pairs\clean\00003932_001.png,synthetic_pairs\degraded\00003932_001_deg_2_gaussian_noise.png,gaussian_noise,variance=0.0262
synthetic_pairs\clean\00003932_001.png,synthetic_pairs\degraded\00003932_001_deg_3_poisson_noise.png,poisson_noise,scale=42.3
synthetic_pairs\clean\00003932_002.png,synthetic_pairs\degraded\00003932_002_deg_1_underexposure.png,underexposure,factor=0.62
synthetic_pairs\clean\00003932_002.png,synthetic_pairs\degraded\00003932_002_deg_2_poisson_noise.png,poisson_noise,scale=21.9
synthetic_pairs\clean\00003932_002.png,synthetic_pairs\degraded\00003932_002_deg_3_gaussian_blur.png,gaussian_blur,sigma=0.98
synthetic_pairs\clean\00003933_000.png,synthetic_pairs\degraded\00003933_000_deg_1_underexposure.png,underexposure,factor=0.45
synthetic_pairs\clean\00003933_000.png,synthetic_pairs\degraded\00003933_000_deg_2_gaussian_noise.png,gaussian_noise,variance=0.0120
synthetic_pairs\clean\00003933_000.png,synthetic_pairs\degraded\00003933_000_deg_3_poisson_noise.png,poisson_noise,scale=17.1
synthetic_pairs\clean\00003934_000.png,synthetic_pairs\degraded\00003934_000_deg_1_contrast_compression.png,contrast_compression,pct=0.35
synthetic_pairs\clean\00003934_000.png,synthetic_pairs\degraded\00003934_000_deg_2_poisson_noise.png,poisson_noise,scale=18.9
synthetic_pairs\clean\00003934_000.png,synthetic_pairs\degraded\00003934_000_deg_3_gaussian_blur.png,gaussian_blur,sigma=2.18
synthetic_pairs\clean\00003935_000.png,synthetic_pairs\degraded\00003935_000_deg_1_contrast_compression.png,contrast_compression,pct=0.56
synthetic_pairs\clean\00003935_000.png,synthetic_pairs\degraded\00003935_000_deg_2_gaussian_blur.png,gaussian_blur,sigma=2.87
synthetic_pairs\clean\00003935_000.png,synthetic_pairs\degraded\00003935_000_deg_3_gaussian_noise.png,gaussian_noise,variance=0.0276
synthetic_pairs\clean\00003935_001.png,synthetic_pairs\degraded\00003935_001_deg_1_gaussian_blur.png,gaussian_blur,sigma=0.86
synthetic_pairs\clean\00003935_001.png,synthetic_pairs\degraded\00003935_001_deg_2_underexposure.png,underexposure,factor=0.32
synthetic_pairs\clean\00003935_001.png,synthetic_pairs\degraded\00003935_001_deg_3_contrast_compression.png,contrast_compression,pct=0.32
synthetic_pairs\clean\00003936_000.png,synthetic_pairs\degraded\00003936_000_deg_1_contrast_compression.png,contrast_compression,pct=0.40
synthetic_pairs\clean\00003936_000.png,synthetic_pairs\degraded\00003936_000_deg_2_gaussian_noise.png,gaussian_noise,variance=0.0248
synthetic_pairs\clean\00003936_000.png,synthetic_pairs\degraded\00003936_000_deg_3_poisson_noise.png,poisson_noise,scale=28.5
synthetic_pairs\clean\00003937_000.png,synthetic_pairs\degraded\00003937_000_deg_1_combined.png,combined,"contrast_compression+poisson_noise(pct=0.48,scale=25.3)"
synthetic_pairs\clean\00003937_000.png,synthetic_pairs\degraded\00003937_000_deg_2_gaussian_blur.png,gaussian_blur,sigma=3.38
synthetic_pairs\clean\00003937_000.png,synthetic_pairs\degraded\00003937_000_deg_3_combined.png,combined,"gaussian_blur+underexposure(sigma=3.41,factor=0.42)"
synthetic_pairs\clean\00003938_000.png,synthetic_pairs\degraded\00003938_000_deg_1_combined.png,combined,"contrast_compression+underexposure(pct=0.40,factor=0.46)"
synthetic_pairs\clean\00003938_000.png,synthetic_pairs\degraded\00003938_000_deg_2_gaussian_noise.png,gaussian_noise,variance=0.0434
synthetic_pairs\clean\00003938_000.png,synthetic_pairs\degraded\00003938_000_deg_3_underexposure.png,underexposure,factor=0.53
synthetic_pairs\clean\00003938_001.png,synthetic_pairs\degraded\00003938_001_deg_1_gaussian_noise.png,gaussian_noise,variance=0.0470
synthetic_pairs\clean\00003938_001.png,synthetic_pairs\degraded\00003938_001_deg_2_gaussian_blur.png,gaussian_blur,sigma=0.88
synthetic_pairs\clean\00003938_001.png,synthetic_pairs\degraded\00003938_001_deg_3_underexposure.png,underexposure,factor=0.58
synthetic_pairs\clean\00003939_000.png,synthetic_pairs\degraded\00003939_000_deg_1_contrast_compression.png,contrast_compression,pct=0.44
synthetic_pairs\clean\00003939_000.png,synthetic_pairs\degraded\00003939_000_deg_2_underexposure.png,underexposure,factor=0.41
synthetic_pairs\clean\00003939_000.png,synthetic_pairs\degraded\00003939_000_deg_3_poisson_noise.png,poisson_noise,scale=28.5
synthetic_pairs\clean\00003940_000.png,synthetic_pairs\degraded\00003940_000_deg_1_contrast_compression.png,contrast_compression,pct=0.32
synthetic_pairs\clean\00003940_000.png,synthetic_pairs\degraded\00003940_000_deg_2_poisson_noise.png,poisson_noise,scale=24.4
synthetic_pairs\clean\00003940_000.png,synthetic_pairs\degraded\00003940_000_deg_3_underexposure.png,underexposure,factor=0.53
synthetic_pairs\clean\00003940_001.png,synthetic_pairs\degraded\00003940_001_deg_1_contrast_compression.png,contrast_compression,pct=0.35
synthetic_pairs\clean\00003940_001.png,synthetic_pairs\degraded\00003940_001_deg_2_gaussian_blur.png,gaussian_blur,sigma=1.85
synthetic_pairs\clean\00003940_001.png,synthetic_pairs\degraded\00003940_001_deg_3_poisson_noise.png,poisson_noise,scale=36.3
synthetic_pairs\clean\00003940_002.png,synthetic_pairs\degraded\00003940_002_deg_1_gaussian_noise.png,gaussian_noise,variance=0.0088
synthetic_pairs\clean\00003940_002.png,synthetic_pairs\degraded\00003940_002_deg_2_underexposure.png,underexposure,factor=0.54
synthetic_pairs\clean\00003940_002.png,synthetic_pairs\degraded\00003940_002_deg_3_combined.png,combined,"gaussian_blur+contrast_compression(sigma=0.96,pct=0.53)"
synthetic_pairs\clean\00003940_003.png,synthetic_pairs\degraded\00003940_003_deg_1_poisson_noise.png,poisson_noise,scale=21.6
synthetic_pairs\clean\00003940_003.png,synthetic_pairs\degraded\00003940_003_deg_2_combined.png,combined,"underexposure+contrast_compression(factor=0.42,pct=0.47)"
synthetic_pairs\clean\00003940_003.png,synthetic_pairs\degraded\00003940_003_deg_3_gaussian_blur.png,gaussian_blur,sigma=3.06
synthetic_pairs\clean\00003940_004.png,synthetic_pairs\degraded\00003940_004_deg_1_underexposure.png,underexposure,factor=0.53
synthetic_pairs\clean\00003940_004.png,synthetic_pairs\degraded\00003940_004_deg_2_combined.png,combined,"gaussian_noise+poisson_noise(variance=0.0093,scale=49.5)"
synthetic_pairs\clean\00003940_004.png,synthetic_pairs\degraded\00003940_004_deg_3_underexposure.png,underexposure,factor=0.38
synthetic_pairs\clean\00003940_005.png,synthetic_pairs\degraded\00003940_005_deg_1_gaussian_blur.png,gaussian_blur,sigma=1.97
synthetic_pairs\clean\00003940_005.png,synthetic_pairs\degraded\00003940_005_deg_2_poisson_noise.png,poisson_noise,scale=12.3
synthetic_pairs\clean\00003940_005.png,synthetic_pairs\degraded\00003940_005_deg_3_gaussian_blur.png,gaussian_blur,sigma=0.86
synthetic_pairs\clean\00003940_006.png,synthetic_pairs\degraded\00003940_006_deg_1_gaussian_blur.png,gaussian_blur,sigma=1.28
synthetic_pairs\clean\00003940_006.png,synthetic_pairs\degraded\00003940_006_deg_2_combined.png,combined,"contrast_compression+poisson_noise(pct=0.59,scale=40.3)"
synthetic_pairs\clean\00003940_006.png,synthetic_pairs\degraded\00003940_006_deg_3_underexposure.png,underexposure,factor=0.45
synthetic_pairs\clean\00003940_007.png,synthetic_pairs\degraded\00003940_007_deg_1_gaussian_blur.png,gaussian_blur,sigma=1.43
synthetic_pairs\clean\00003940_007.png,synthetic_pairs\degraded\00003940_007_deg_2_poisson_noise.png,poisson_noise,scale=13.6
synthetic_pairs\clean\00003940_007.png,synthetic_pairs\degraded\00003940_007_deg_3_contrast_compression.png,contrast_compression,pct=0.41
synthetic_pairs\clean\00003940_008.png,synthetic_pairs\degraded\00003940_008_deg_1_gaussian_noise.png,gaussian_noise,variance=0.0367
synthetic_pairs\clean\00003940_008.png,synthetic_pairs\degraded\00003940_008_deg_2_contrast_compression.png,contrast_compression,pct=0.38
synthetic_pairs\clean\00003940_008.png,synthetic_pairs\degraded\00003940_008_deg_3_poisson_noise.png,poisson_noise,scale=26.6
synthetic_pairs\clean\00003941_000.png,synthetic_pairs\degraded\00003941_000_deg_1_contrast_compression.png,contrast_compression,pct=0.43
synthetic_pairs\clean\00003941_000.png,synthetic_pairs\degraded\00003941_000_deg_2_combined.png,combined,"underexposure+contrast_compression(factor=0.48,pct=0.32)"
synthetic_pairs\clean\00003941_000.png,synthetic_pairs\degraded\00003941_000_deg_3_contrast_compression.png,contrast_compression,pct=0.36
synthetic_pairs\clean\00003942_000.png,synthetic_pairs\degraded\00003942_000_deg_1_poisson_noise.png,poisson_noise,scale=10.2
synthetic_pairs\clean\00003942_000.png,synthetic_pairs\degraded\00003942_000_deg_2_contrast_compression.png,contrast_compression,pct=0.47
synthetic_pairs\clean\00003942_000.png,synthetic_pairs\degraded\00003942_000_deg_3_gaussian_blur.png,gaussian_blur,sigma=2.15
synthetic_pairs\clean\00003942_001.png,synthetic_pairs\degraded\00003942_001_deg_1_contrast_compression.png,contrast_compression,pct=0.50
synthetic_pairs\clean\00003942_001.png,synthetic_pairs\degraded\00003942_001_deg_2_gaussian_noise.png,gaussian_noise,variance=0.0352
synthetic_pairs\clean\00003942_001.png,synthetic_pairs\degraded\00003942_001_deg_3_contrast_compression.png,contrast_compression,pct=0.43
synthetic_pairs\clean\00003943_000.png,synthetic_pairs\degraded\00003943_000_deg_1_contrast_compression.png,contrast_compression,pct=0.43
synthetic_pairs\clean\00003943_000.png,synthetic_pairs\degraded\00003943_000_deg_2_underexposure.png,underexposure,factor=0.45
synthetic_pairs\clean\00003943_000.png,synthetic_pairs\degraded\00003943_000_deg_3_combined.png,combined,"poisson_noise+gaussian_blur(scale=11.4,sigma=1.49)"
synthetic_pairs\clean\00003944_000.png,synthetic_pairs\degraded\00003944_000_deg_1_gaussian_noise.png,gaussian_noise,variance=0.0347
synthetic_pairs\clean\00003944_000.png,synthetic_pairs\degraded\00003944_000_deg_2_contrast_compression.png,contrast_compression,pct=0.42
synthetic_pairs\clean\00003944_000.png,synthetic_pairs\degraded\00003944_000_deg_3_combined.png,combined,"gaussian_noise+contrast_compression(variance=0.0149,pct=0.32)"
synthetic_pairs\clean\00003945_000.png,synthetic_pairs\degraded\00003945_000_deg_1_gaussian_noise.png,gaussian_noise,variance=0.0302
synthetic_pairs\clean\00003945_000.png,synthetic_pairs\degraded\00003945_000_deg_2_underexposure.png,underexposure,factor=0.46
synthetic_pairs\clean\00003945_000.png,synthetic_pairs\degraded\00003945_000_deg_3_contrast_compression.png,contrast_compression,pct=0.38
synthetic_pairs\clean\00003945_001.png,synthetic_pairs\degraded\00003945_001_deg_1_poisson_noise.png,poisson_noise,scale=32.7
synthetic_pairs\clean\00003945_001.png,synthetic_pairs\degraded\00003945_001_deg_2_underexposure.png,underexposure,factor=0.58
synthetic_pairs\clean\00003945_001.png,synthetic_pairs\degraded\00003945_001_deg_3_contrast_compression.png,contrast_compression,pct=0.57
synthetic_pairs\clean\00003945_002.png,synthetic_pairs\degraded\00003945_002_deg_1_combined.png,combined,"gaussian_noise+underexposure(variance=0.0308,factor=0.49)"
synthetic_pairs\clean\00003945_002.png,synthetic_pairs\degraded\00003945_002_deg_2_underexposure.png,underexposure,factor=0.56
synthetic_pairs\clean\00003945_002.png,synthetic_pairs\degraded\00003945_002_deg_3_poisson_noise.png,poisson_noise,scale=42.9
synthetic_pairs\clean\00003945_003.png,synthetic_pairs\degraded\00003945_003_deg_1_contrast_compression.png,contrast_compression,pct=0.35
synthetic_pairs\clean\00003945_003.png,synthetic_pairs\degraded\00003945_003_deg_2_poisson_noise.png,poisson_noise,scale=35.7
synthetic_pairs\clean\00003945_003.png,synthetic_pairs\degraded\00003945_003_deg_3_combined.png,combined,"gaussian_noise+underexposure(variance=0.0118,factor=0.60)"
synthetic_pairs\clean\00003945_004.png,synthetic_pairs\degraded\00003945_004_deg_1_poisson_noise.png,poisson_noise,scale=33.3
synthetic_pairs\clean\00003945_004.png,synthetic_pairs\degraded\00003945_004_deg_2_gaussian_noise.png,gaussian_noise,variance=0.0398
synthetic_pairs\clean\00003945_004.png,synthetic_pairs\degraded\00003945_004_deg_3_gaussian_blur.png,gaussian_blur,sigma=1.77
synthetic_pairs\clean\00003945_005.png,synthetic_pairs\degraded\00003945_005_deg_1_gaussian_blur.png,gaussian_blur,sigma=1.03
synthetic_pairs\clean\00003945_005.png,synthetic_pairs\degraded\00003945_005_deg_2_underexposure.png,underexposure,factor=0.47
synthetic_pairs\clean\00003945_005.png,synthetic_pairs\degraded\00003945_005_deg_3_gaussian_noise.png,gaussian_noise,variance=0.0225
synthetic_pairs\clean\00003945_006.png,synthetic_pairs\degraded\00003945_006_deg_1_poisson_noise.png,poisson_noise,scale=26.7
synthetic_pairs\clean\00003945_006.png,synthetic_pairs\degraded\00003945_006_deg_2_gaussian_noise.png,gaussian_noise,variance=0.0202
synthetic_pairs\clean\00003945_006.png,synthetic_pairs\degraded\00003945_006_deg_3_combined.png,combined,"gaussian_blur+contrast_compression(sigma=2.67,pct=0.41)"
synthetic_pairs\clean\00003945_007.png,synthetic_pairs\degraded\00003945_007_deg_1_gaussian_noise.png,gaussian_noise,variance=0.0195
synthetic_pairs\clean\00003945_007.png,synthetic_pairs\degraded\00003945_007_deg_2_underexposure.png,underexposure,factor=0.32
synthetic_pairs\clean\00003945_007.png,synthetic_pairs\degraded\00003945_007_deg_3_combined.png,combined,"gaussian_noise+poisson_noise(variance=0.0409,scale=26.8)"
synthetic_pairs\clean\00003945_008.png,synthetic_pairs\degraded\00003945_008_deg_1_poisson_noise.png,poisson_noise,scale=49.5
synthetic_pairs\clean\00003945_008.png,synthetic_pairs\degraded\00003945_008_deg_2_combined.png,combined,"gaussian_noise+contrast_compression(variance=0.0234,pct=0.37)"
synthetic_pairs\clean\00003945_008.png,synthetic_pairs\degraded\00003945_008_deg_3_gaussian_blur.png,gaussian_blur,sigma=1.25
synthetic_pairs\clean\00003945_009.png,synthetic_pairs\degraded\00003945_009_deg_1_contrast_compression.png,contrast_compression,pct=0.41
synthetic_pairs\clean\00003945_009.png,synthetic_pairs\degraded\00003945_009_deg_2_combined.png,combined,"gaussian_blur+poisson_noise(sigma=1.64,scale=47.5)"
synthetic_pairs\clean\00003945_009.png,synthetic_pairs\degraded\00003945_009_deg_3_gaussian_blur.png,gaussian_blur,sigma=2.87
synthetic_pairs\clean\00003945_010.png,synthetic_pairs\degraded\00003945_010_deg_1_combined.png,combined,"contrast_compression+poisson_noise(pct=0.42,scale=12.4)"
synthetic_pairs\clean\00003945_010.png,synthetic_pairs\degraded\00003945_010_deg_2_poisson_noise.png,poisson_noise,scale=27.5
synthetic_pairs\clean\00003945_010.png,synthetic_pairs\degraded\00003945_010_deg_3_underexposure.png,underexposure,factor=0.41
synthetic_pairs\clean\00003945_011.png,synthetic_pairs\degraded\00003945_011_deg_1_gaussian_noise.png,gaussian_noise,variance=0.0097
synthetic_pairs\clean\00003945_011.png,synthetic_pairs\degraded\00003945_011_deg_2_combined.png,combined,"contrast_compression+gaussian_blur(pct=0.47,sigma=1.02)"
synthetic_pairs\clean\00003945_011.png,synthetic_pairs\degraded\00003945_011_deg_3_gaussian_noise.png,gaussian_noise,variance=0.0134
synthetic_pairs\clean\00003946_000.png,synthetic_pairs\degraded\00003946_000_deg_1_gaussian_blur.png,gaussian_blur,sigma=2.62
synthetic_pairs\clean\00003946_000.png,synthetic_pairs\degraded\00003946_000_deg_2_combined.png,combined,"underexposure+gaussian_noise(factor=0.62,variance=0.0345)"
synthetic_pairs\clean\00003946_000.png,synthetic_pairs\degraded\00003946_000_deg_3_contrast_compression.png,contrast_compression,pct=0.59
synthetic_pairs\clean\00003947_000.png,synthetic_pairs\degraded\00003947_000_deg_1_gaussian_noise.png,gaussian_noise,variance=0.0430
synthetic_pairs\clean\00003947_000.png,synthetic_pairs\degraded\00003947_000_deg_2_poisson_noise.png,poisson_noise,scale=46.9
synthetic_pairs\clean\00003947_000.png,synthetic_pairs\degraded\00003947_000_deg_3_combined.png,combined,"contrast_compression+underexposure(pct=0.50,factor=0.68)"
synthetic_pairs\clean\00003947_001.png,synthetic_pairs\degraded\00003947_001_deg_1_poisson_noise.png,poisson_noise,scale=22.9
synthetic_pairs\clean\00003947_001.png,synthetic_pairs\degraded\00003947_001_deg_2_gaussian_noise.png,gaussian_noise,variance=0.0326
synthetic_pairs\clean\00003947_001.png,synthetic_pairs\degraded\00003947_001_deg_3_contrast_compression.png,contrast_compression,pct=0.30
synthetic_pairs\clean\00003947_002.png,synthetic_pairs\degraded\00003947_002_deg_1_gaussian_noise.png,gaussian_noise,variance=0.0364
synthetic_pairs\clean\00003947_002.png,synthetic_pairs\degraded\00003947_002_deg_2_combined.png,combined,"gaussian_noise+poisson_noise(variance=0.0234,scale=17.6)"
synthetic_pairs\clean\00003947_002.png,synthetic_pairs\degraded\00003947_002_deg_3_contrast_compression.png,contrast_compression,pct=0.58
synthetic_pairs\clean\00003947_003.png,synthetic_pairs\degraded\00003947_003_deg_1_gaussian_blur.png,gaussian_blur,sigma=1.08
synthetic_pairs\clean\00003947_003.png,synthetic_pairs\degraded\00003947_003_deg_2_gaussian_noise.png,gaussian_noise,variance=0.0136
synthetic_pairs\clean\00003947_003.png,synthetic_pairs\degraded\00003947_003_deg_3_combined.png,combined,"poisson_noise+gaussian_blur(scale=20.2,sigma=2.01)"
synthetic_pairs\clean\00003947_004.png,synthetic_pairs\degraded\00003947_004_deg_1_underexposure.png,underexposure,factor=0.65
synthetic_pairs\clean\00003947_004.png,synthetic_pairs\degraded\00003947_004_deg_2_contrast_compression.png,contrast_compression,pct=0.56
synthetic_pairs\clean\00003947_004.png,synthetic_pairs\degraded\00003947_004_deg_3_combined.png,combined,"poisson_noise+gaussian_noise(scale=47.7,variance=0.0205)"
synthetic_pairs\clean\00003947_005.png,synthetic_pairs\degraded\00003947_005_deg_1_gaussian_blur.png,gaussian_blur,sigma=0.82
synthetic_pairs\clean\00003947_005.png,synthetic_pairs\degraded\00003947_005_deg_2_underexposure.png,underexposure,factor=0.36
synthetic_pairs\clean\00003947_005.png,synthetic_pairs\degraded\00003947_005_deg_3_poisson_noise.png,poisson_noise,scale=38.9
synthetic_pairs\clean\00003948_000.png,synthetic_pairs\degraded\00003948_000_deg_1_gaussian_blur.png,gaussian_blur,sigma=2.07
synthetic_pairs\clean\00003948_000.png,synthetic_pairs\degraded\00003948_000_deg_2_gaussian_noise.png,gaussian_noise,variance=0.0486
synthetic_pairs\clean\00003948_000.png,synthetic_pairs\degraded\00003948_000_deg_3_contrast_compression.png,contrast_compression,pct=0.57
synthetic_pairs\clean\00003948_001.png,synthetic_pairs\degraded\00003948_001_deg_1_gaussian_blur.png,gaussian_blur,sigma=1.62
synthetic_pairs\clean\00003948_001.png,synthetic_pairs\degraded\00003948_001_deg_2_contrast_compression.png,contrast_compression,pct=0.53
synthetic_pairs\clean\00003948_001.png,synthetic_pairs\degraded\00003948_001_deg_3_poisson_noise.png,poisson_noise,scale=20.8
synthetic_pairs\clean\00003948_002.png,synthetic_pairs\degraded\00003948_002_deg_1_contrast_compression.png,contrast_compression,pct=0.40
synthetic_pairs\clean\00003948_002.png,synthetic_pairs\degraded\00003948_002_deg_2_combined.png,combined,"underexposure+gaussian_noise(factor=0.48,variance=0.0318)"
synthetic_pairs\clean\00003948_002.png,synthetic_pairs\degraded\00003948_002_deg_3_gaussian_noise.png,gaussian_noise,variance=0.0381
synthetic_pairs\clean\00003949_000.png,synthetic_pairs\degraded\00003949_000_deg_1_combined.png,combined,"poisson_noise+gaussian_blur(scale=46.9,sigma=2.08)"
synthetic_pairs\clean\00003949_000.png,synthetic_pairs\degraded\00003949_000_deg_2_poisson_noise.png,poisson_noise,scale=14.5
synthetic_pairs\clean\00003949_000.png,synthetic_pairs\degraded\00003949_000_deg_3_underexposure.png,underexposure,factor=0.69
synthetic_pairs\clean\00003950_000.png,synthetic_pairs\degraded\00003950_000_deg_1_gaussian_noise.png,gaussian_noise,variance=0.0142
synthetic_pairs\clean\00003950_000.png,synthetic_pairs\degraded\00003950_000_deg_2_poisson_noise.png,poisson_noise,scale=18.9
synthetic_pairs\clean\00003950_000.png,synthetic_pairs\degraded\00003950_000_deg_3_gaussian_blur.png,gaussian_blur,sigma=2.46
synthetic_pairs\clean\00003950_001.png,synthetic_pairs\degraded\00003950_001_deg_1_contrast_compression.png,contrast_compression,pct=0.32
synthetic_pairs\clean\00003950_001.png,synthetic_pairs\degraded\00003950_001_deg_2_combined.png,combined,"contrast_compression+poisson_noise(pct=0.46,scale=18.8)"
synthetic_pairs\clean\00003950_001.png,synthetic_pairs\degraded\00003950_001_deg_3_gaussian_noise.png,gaussian_noise,variance=0.0101
synthetic_pairs\clean\00003950_002.png,synthetic_pairs\degraded\00003950_002_deg_1_gaussian_blur.png,gaussian_blur,sigma=1.99
synthetic_pairs\clean\00003950_002.png,synthetic_pairs\degraded\00003950_002_deg_2_underexposure.png,underexposure,factor=0.40
synthetic_pairs\clean\00003950_002.png,synthetic_pairs\degraded\00003950_002_deg_3_gaussian_noise.png,gaussian_noise,variance=0.0433
synthetic_pairs\clean\00003950_003.png,synthetic_pairs\degraded\00003950_003_deg_1_gaussian_blur.png,gaussian_blur,sigma=3.05
synthetic_pairs\clean\00003950_003.png,synthetic_pairs\degraded\00003950_003_deg_2_gaussian_noise.png,gaussian_noise,variance=0.0231
synthetic_pairs\clean\00003950_003.png,synthetic_pairs\degraded\00003950_003_deg_3_poisson_noise.png,poisson_noise,scale=15.0
synthetic_pairs\clean\00003950_004.png,synthetic_pairs\degraded\00003950_004_deg_1_poisson_noise.png,poisson_noise,scale=26.9
synthetic_pairs\clean\00003950_004.png,synthetic_pairs\degraded\00003950_004_deg_2_gaussian_blur.png,gaussian_blur,sigma=1.86
synthetic_pairs\clean\00003950_004.png,synthetic_pairs\degraded\00003950_004_deg_3_underexposure.png,underexposure,factor=0.33
synthetic_pairs\clean\00003951_000.png,synthetic_pairs\degraded\00003951_000_deg_1_poisson_noise.png,poisson_noise,scale=13.8
synthetic_pairs\clean\00003951_000.png,synthetic_pairs\degraded\00003951_000_deg_2_gaussian_blur.png,gaussian_blur,sigma=2.74
synthetic_pairs\clean\00003951_000.png,synthetic_pairs\degraded\00003951_000_deg_3_underexposure.png,underexposure,factor=0.56
synthetic_pairs\clean\00003951_001.png,synthetic_pairs\degraded\00003951_001_deg_1_gaussian_noise.png,gaussian_noise,variance=0.0106
synthetic_pairs\clean\00003951_001.png,synthetic_pairs\degraded\00003951_001_deg_2_gaussian_blur.png,gaussian_blur,sigma=2.22
synthetic_pairs\clean\00003951_001.png,synthetic_pairs\degraded\00003951_001_deg_3_gaussian_noise.png,gaussian_noise,variance=0.0470
synthetic_pairs\clean\00003952_000.png,synthetic_pairs\degraded\00003952_000_deg_1_gaussian_noise.png,gaussian_noise,variance=0.0167
synthetic_pairs\clean\00003952_000.png,synthetic_pairs\degraded\00003952_000_deg_2_combined.png,combined,"gaussian_blur+poisson_noise(sigma=1.78,scale=35.7)"
synthetic_pairs\clean\00003952_000.png,synthetic_pairs\degraded\00003952_000_deg_3_gaussian_blur.png,gaussian_blur,sigma=1.68
synthetic_pairs\clean\00003953_000.png,synthetic_pairs\degraded\00003953_000_deg_1_underexposure.png,underexposure,factor=0.43
synthetic_pairs\clean\00003953_000.png,synthetic_pairs\degraded\00003953_000_deg_2_contrast_compression.png,contrast_compression,pct=0.43
synthetic_pairs\clean\00003953_000.png,synthetic_pairs\degraded\00003953_000_deg_3_combined.png,combined,"contrast_compression+gaussian_blur(pct=0.55,sigma=0.99)"
synthetic_pairs\clean\00003953_001.png,synthetic_pairs\degraded\00003953_001_deg_1_contrast_compression.png,contrast_compression,pct=0.32
synthetic_pairs\clean\00003953_001.png,synthetic_pairs\degraded\00003953_001_deg_2_poisson_noise.png,poisson_noise,scale=21.4
synthetic_pairs\clean\00003953_001.png,synthetic_pairs\degraded\00003953_001_deg_3_underexposure.png,underexposure,factor=0.46
synthetic_pairs\clean\00003954_000.png,synthetic_pairs\degraded\00003954_000_deg_1_underexposure.png,underexposure,factor=0.44
synthetic_pairs\clean\00003954_000.png,synthetic_pairs\degraded\00003954_000_deg_2_contrast_compression.png,contrast_compression,pct=0.32
synthetic_pairs\clean\00003954_000.png,synthetic_pairs\degraded\00003954_000_deg_3_gaussian_blur.png,gaussian_blur,sigma=3.45
synthetic_pairs\clean\00003954_001.png,synthetic_pairs\degraded\00003954_001_deg_1_gaussian_noise.png,gaussian_noise,variance=0.0493
synthetic_pairs\clean\00003954_001.png,synthetic_pairs\degraded\00003954_001_deg_2_underexposure.png,underexposure,factor=0.52
synthetic_pairs\clean\00003954_001.png,synthetic_pairs\degraded\00003954_001_deg_3_gaussian_noise.png,gaussian_noise,variance=0.0425
synthetic_pairs\clean\00003955_000.png,synthetic_pairs\degraded\00003955_000_deg_1_contrast_compression.png,contrast_compression,pct=0.58
synthetic_pairs\clean\00003955_000.png,synthetic_pairs\degraded\00003955_000_deg_2_gaussian_blur.png,gaussian_blur,sigma=1.51
synthetic_pairs\clean\00003955_000.png,synthetic_pairs\degraded\00003955_000_deg_3_poisson_noise.png,poisson_noise,scale=24.2
synthetic_pairs\clean\00003956_000.png,synthetic_pairs\degraded\00003956_000_deg_1_combined.png,combined,"gaussian_blur+contrast_compression(sigma=3.18,pct=0.34)"
synthetic_pairs\clean\00003956_000.png,synthetic_pairs\degraded\00003956_000_deg_2_gaussian_blur.png,gaussian_blur,sigma=2.00
synthetic_pairs\clean\00003956_000.png,synthetic_pairs\degraded\00003956_000_deg_3_poisson_noise.png,poisson_noise,scale=24.1
synthetic_pairs\clean\00003956_001.png,synthetic_pairs\degraded\00003956_001_deg_1_poisson_noise.png,poisson_noise,scale=28.2
synthetic_pairs\clean\00003956_001.png,synthetic_pairs\degraded\00003956_001_deg_2_contrast_compression.png,contrast_compression,pct=0.53
synthetic_pairs\clean\00003956_001.png,synthetic_pairs\degraded\00003956_001_deg_3_poisson_noise.png,poisson_noise,scale=15.0
synthetic_pairs\clean\00003957_000.png,synthetic_pairs\degraded\00003957_000_deg_1_poisson_noise.png,poisson_noise,scale=11.2
synthetic_pairs\clean\00003957_000.png,synthetic_pairs\degraded\00003957_000_deg_2_gaussian_blur.png,gaussian_blur,sigma=1.43
synthetic_pairs\clean\00003957_000.png,synthetic_pairs\degraded\00003957_000_deg_3_poisson_noise.png,poisson_noise,scale=39.4
synthetic_pairs\clean\00003957_001.png,synthetic_pairs\degraded\00003957_001_deg_1_underexposure.png,underexposure,factor=0.44
synthetic_pairs\clean\00003957_001.png,synthetic_pairs\degraded\00003957_001_deg_2_contrast_compression.png,contrast_compression,pct=0.45
synthetic_pairs\clean\00003957_001.png,synthetic_pairs\degraded\00003957_001_deg_3_gaussian_blur.png,gaussian_blur,sigma=3.34
synthetic_pairs\clean\00003957_002.png,synthetic_pairs\degraded\00003957_002_deg_1_contrast_compression.png,contrast_compression,pct=0.60
synthetic_pairs\clean\00003957_002.png,synthetic_pairs\degraded\00003957_002_deg_2_gaussian_blur.png,gaussian_blur,sigma=3.24
synthetic_pairs\clean\00003957_002.png,synthetic_pairs\degraded\00003957_002_deg_3_gaussian_noise.png,gaussian_noise,variance=0.0245
synthetic_pairs\clean\00003957_003.png,synthetic_pairs\degraded\00003957_003_deg_1_combined.png,combined,"contrast_compression+poisson_noise(pct=0.34,scale=15.5)"
synthetic_pairs\clean\00003957_003.png,synthetic_pairs\degraded\00003957_003_deg_2_gaussian_noise.png,gaussian_noise,variance=0.0315
synthetic_pairs\clean\00003957_003.png,synthetic_pairs\degraded\00003957_003_deg_3_gaussian_blur.png,gaussian_blur,sigma=2.86
synthetic_pairs\clean\00003958_000.png,synthetic_pairs\degraded\00003958_000_deg_1_poisson_noise.png,poisson_noise,scale=12.4
synthetic_pairs\clean\00003958_000.png,synthetic_pairs\degraded\00003958_000_deg_2_gaussian_noise.png,gaussian_noise,variance=0.0438
synthetic_pairs\clean\00003958_000.png,synthetic_pairs\degraded\00003958_000_deg_3_poisson_noise.png,poisson_noise,scale=29.6
synthetic_pairs\clean\00003959_000.png,synthetic_pairs\degraded\00003959_000_deg_1_gaussian_noise.png,gaussian_noise,variance=0.0410
synthetic_pairs\clean\00003959_000.png,synthetic_pairs\degraded\00003959_000_deg_2_combined.png,combined,"gaussian_noise+underexposure(variance=0.0368,factor=0.34)"
synthetic_pairs\clean\00003959_000.png,synthetic_pairs\degraded\00003959_000_deg_3_gaussian_blur.png,gaussian_blur,sigma=1.92
synthetic_pairs\clean\00003959_001.png,synthetic_pairs\degraded\00003959_001_deg_1_contrast_compression.png,contrast_compression,pct=0.31
synthetic_pairs\clean\00003959_001.png,synthetic_pairs\degraded\00003959_001_deg_2_combined.png,combined,"contrast_compression+poisson_noise(pct=0.40,scale=18.9)"
synthetic_pairs\clean\00003959_001.png,synthetic_pairs\degraded\00003959_001_deg_3_underexposure.png,underexposure,factor=0.47
synthetic_pairs\clean\00003959_002.png,synthetic_pairs\degraded\00003959_002_deg_1_combined.png,combined,"underexposure+gaussian_blur(factor=0.50,sigma=3.25)"
synthetic_pairs\clean\00003959_002.png,synthetic_pairs\degraded\00003959_002_deg_2_poisson_noise.png,poisson_noise,scale=22.2
synthetic_pairs\clean\00003959_002.png,synthetic_pairs\degraded\00003959_002_deg_3_gaussian_blur.png,gaussian_blur,sigma=3.37
synthetic_pairs\clean\00003959_003.png,synthetic_pairs\degraded\00003959_003_deg_1_contrast_compression.png,contrast_compression,pct=0.54
synthetic_pairs\clean\00003959_003.png,synthetic_pairs\degraded\00003959_003_deg_2_combined.png,combined,"underexposure+poisson_noise(factor=0.48,scale=13.6)"
synthetic_pairs\clean\00003959_003.png,synthetic_pairs\degraded\00003959_003_deg_3_contrast_compression.png,contrast_compression,pct=0.52
synthetic_pairs\clean\00003959_004.png,synthetic_pairs\degraded\00003959_004_deg_1_underexposure.png,underexposure,factor=0.38
synthetic_pairs\clean\00003959_004.png,synthetic_pairs\degraded\00003959_004_deg_2_gaussian_noise.png,gaussian_noise,variance=0.0290
synthetic_pairs\clean\00003959_004.png,synthetic_pairs\degraded\00003959_004_deg_3_combined.png,combined,"gaussian_blur+poisson_noise(sigma=2.71,scale=15.3)"
synthetic_pairs\clean\00003959_005.png,synthetic_pairs\degraded\00003959_005_deg_1_gaussian_noise.png,gaussian_noise,variance=0.0091
synthetic_pairs\clean\00003959_005.png,synthetic_pairs\degraded\00003959_005_deg_2_underexposure.png,underexposure,factor=0.51
synthetic_pairs\clean\00003959_005.png,synthetic_pairs\degraded\00003959_005_deg_3_gaussian_noise.png,gaussian_noise,variance=0.0146
synthetic_pairs\clean\00003960_000.png,synthetic_pairs\degraded\00003960_000_deg_1_poisson_noise.png,poisson_noise,scale=37.4
synthetic_pairs\clean\00003960_000.png,synthetic_pairs\degraded\00003960_000_deg_2_gaussian_blur.png,gaussian_blur,sigma=2.61
synthetic_pairs\clean\00003960_000.png,synthetic_pairs\degraded\00003960_000_deg_3_poisson_noise.png,poisson_noise,scale=13.7
synthetic_pairs\clean\00003961_000.png,synthetic_pairs\degraded\00003961_000_deg_1_gaussian_blur.png,gaussian_blur,sigma=1.27
synthetic_pairs\clean\00003961_000.png,synthetic_pairs\degraded\00003961_000_deg_2_poisson_noise.png,poisson_noise,scale=16.0
synthetic_pairs\clean\00003961_000.png,synthetic_pairs\degraded\00003961_000_deg_3_gaussian_blur.png,gaussian_blur,sigma=1.51
synthetic_pairs\clean\00003961_001.png,synthetic_pairs\degraded\00003961_001_deg_1_gaussian_noise.png,gaussian_noise,variance=0.0268
synthetic_pairs\clean\00003961_001.png,synthetic_pairs\degraded\00003961_001_deg_2_poisson_noise.png,poisson_noise,scale=40.0
synthetic_pairs\clean\00003961_001.png,synthetic_pairs\degraded\00003961_001_deg_3_underexposure.png,underexposure,factor=0.30
synthetic_pairs\clean\00003961_002.png,synthetic_pairs\degraded\00003961_002_deg_1_gaussian_noise.png,gaussian_noise,variance=0.0099
synthetic_pairs\clean\00003961_002.png,synthetic_pairs\degraded\00003961_002_deg_2_gaussian_blur.png,gaussian_blur,sigma=2.28
synthetic_pairs\clean\00003961_002.png,synthetic_pairs\degraded\00003961_002_deg_3_gaussian_noise.png,gaussian_noise,variance=0.0352
synthetic_pairs\clean\00003962_000.png,synthetic_pairs\degraded\00003962_000_deg_1_poisson_noise.png,poisson_noise,scale=47.9
synthetic_pairs\clean\00003962_000.png,synthetic_pairs\degraded\00003962_000_deg_2_gaussian_noise.png,gaussian_noise,variance=0.0403
synthetic_pairs\clean\00003962_000.png,synthetic_pairs\degraded\00003962_000_deg_3_gaussian_blur.png,gaussian_blur,sigma=1.32
synthetic_pairs\clean\00003962_001.png,synthetic_pairs\degraded\00003962_001_deg_1_underexposure.png,underexposure,factor=0.60
synthetic_pairs\clean\00003962_001.png,synthetic_pairs\degraded\00003962_001_deg_2_poisson_noise.png,poisson_noise,scale=29.0
synthetic_pairs\clean\00003962_001.png,synthetic_pairs\degraded\00003962_001_deg_3_gaussian_noise.png,gaussian_noise,variance=0.0197
synthetic_pairs\clean\00003963_000.png,synthetic_pairs\degraded\00003963_000_deg_1_underexposure.png,underexposure,factor=0.54
synthetic_pairs\clean\00003963_000.png,synthetic_pairs\degraded\00003963_000_deg_2_gaussian_blur.png,gaussian_blur,sigma=2.02
synthetic_pairs\clean\00003963_000.png,synthetic_pairs\degraded\00003963_000_deg_3_underexposure.png,underexposure,factor=0.31
synthetic_pairs\clean\00003964_000.png,synthetic_pairs\degraded\00003964_000_deg_1_gaussian_noise.png,gaussian_noise,variance=0.0060
synthetic_pairs\clean\00003964_000.png,synthetic_pairs\degraded\00003964_000_deg_2_gaussian_blur.png,gaussian_blur,sigma=2.39
synthetic_pairs\clean\00003964_000.png,synthetic_pairs\degraded\00003964_000_deg_3_contrast_compression.png,contrast_compression,pct=0.36
synthetic_pairs\clean\00003964_001.png,synthetic_pairs\degraded\00003964_001_deg_1_underexposure.png,underexposure,factor=0.39
synthetic_pairs\clean\00003964_001.png,synthetic_pairs\degraded\00003964_001_deg_2_gaussian_noise.png,gaussian_noise,variance=0.0162
synthetic_pairs\clean\00003964_001.png,synthetic_pairs\degraded\00003964_001_deg_3_underexposure.png,underexposure,factor=0.37
synthetic_pairs\clean\00003965_000.png,synthetic_pairs\degraded\00003965_000_deg_1_poisson_noise.png,poisson_noise,scale=21.0
synthetic_pairs\clean\00003965_000.png,synthetic_pairs\degraded\00003965_000_deg_2_underexposure.png,underexposure,factor=0.35
synthetic_pairs\clean\00003965_000.png,synthetic_pairs\degraded\00003965_000_deg_3_gaussian_blur.png,gaussian_blur,sigma=1.25
